<?xml version="1.0" encoding="UTF-8"?>
<kml xmlns="http://www.opengis.net/kml/2.2" xmlns:gx="http://www.google.com/kml/ext/2.2" xmlns:kml="http://www.opengis.net/kml/2.2" xmlns:atom="http://www.w3.org/2005/Atom">
<Document id="1ifhZGkTqVYNyGERkJp7aNDy2BwXHoPrc">
	<name>Untitled</name>
	<gx:CascadingStyle kml:id="__managed_style_2E3BD1B1FF31A2032F2B">
		<Style>
			<IconStyle>
				<scale>1.2</scale>
				<Icon>
					<href>https://earth.google.com/earth/rpc/cc/icon?color=1976d2&amp;id=2000&amp;scale=4</href>
				</Icon>
				<hotSpot x="64" y="128" xunits="pixels" yunits="insetPixels"/>
			</IconStyle>
			<LabelStyle>
			</LabelStyle>
			<LineStyle>
				<color>ff2dc0fb</color>
				<width>6</width>
			</LineStyle>
			<PolyStyle>
				<color>40ffffff</color>
			</PolyStyle>
			<BalloonStyle>
			</BalloonStyle>
		</Style>
	</gx:CascadingStyle>
	<gx:CascadingStyle kml:id="__managed_style_178A4D8C1631A2032F2B">
		<Style>
			<IconStyle>
				<Icon>
					<href>https://earth.google.com/earth/rpc/cc/icon?color=1976d2&amp;id=2000&amp;scale=4</href>
				</Icon>
				<hotSpot x="64" y="128" xunits="pixels" yunits="insetPixels"/>
			</IconStyle>
			<LabelStyle>
			</LabelStyle>
			<LineStyle>
				<color>ff2dc0fb</color>
				<width>4</width>
			</LineStyle>
			<PolyStyle>
				<color>40ffffff</color>
			</PolyStyle>
			<BalloonStyle>
			</BalloonStyle>
		</Style>
	</gx:CascadingStyle>
	<StyleMap id="__managed_style_09302A2EFB31A2032F2B">
		<Pair>
			<key>normal</key>
			<styleUrl>#__managed_style_178A4D8C1631A2032F2B</styleUrl>
		</Pair>
		<Pair>
			<key>highlight</key>
			<styleUrl>#__managed_style_2E3BD1B1FF31A2032F2B</styleUrl>
		</Pair>
	</StyleMap>
	<Placemark id="0BFDF63953319CCAC2E6">
		<name>Lagoon</name>
		<LookAt>
			<longitude>123.2230753222874</longitude>
			<latitude>-17.66859261865502</latitude>
			<altitude>53.27320308135022</altitude>
			<heading>359.8201633856276</heading>
			<tilt>0</tilt>
			<gx:fovy>35</gx:fovy>
			<range>23462.67270664684</range>
			<altitudeMode>absolute</altitudeMode>
		</LookAt>
		<styleUrl>#__managed_style_09302A2EFB31A2032F2B</styleUrl>
		<Point>
			<coordinates>123.1876014921003,-17.64955083465646,56.4849848637005</coordinates>
		</Point>
	</Placemark>
	<Placemark id="08CCCC0125319CCAD799">
		<name>Lagoon</name>
		<LookAt>
			<longitude>123.2230753222874</longitude>
			<latitude>-17.66859261865502</latitude>
			<altitude>53.27320308135022</altitude>
			<heading>359.8201633856276</heading>
			<tilt>0</tilt>
			<gx:fovy>35</gx:fovy>
			<range>23462.67270664684</range>
			<altitudeMode>absolute</altitudeMode>
		</LookAt>
		<styleUrl>#__managed_style_09302A2EFB31A2032F2B</styleUrl>
		<Point>
			<coordinates>123.2642528146799,-17.69286724995442,34.50697003205223</coordinates>
		</Point>
	</Placemark>
	<Placemark id="0322A6E775319CCC2486">
		<name>Lagoon</name>
		<LookAt>
			<longitude>123.4367051790213</longitude>
			<latitude>-17.88995465484857</latitude>
			<altitude>36.66670046446961</altitude>
			<heading>359.8201564721908</heading>
			<tilt>0</tilt>
			<gx:fovy>35</gx:fovy>
			<range>12390.73126743548</range>
			<altitudeMode>absolute</altitudeMode>
		</LookAt>
		<styleUrl>#__managed_style_09302A2EFB31A2032F2B</styleUrl>
		<Point>
			<coordinates>123.4114206210644,-17.88086720806514,27.56600673936085</coordinates>
		</Point>
	</Placemark>
	<Placemark id="0888A41BED319CCC3745">
		<name>Lagoon</name>
		<LookAt>
			<longitude>123.4367051790213</longitude>
			<latitude>-17.88995465484857</latitude>
			<altitude>36.66670046446961</altitude>
			<heading>359.8201564721908</heading>
			<tilt>0</tilt>
			<gx:fovy>35</gx:fovy>
			<range>12390.73126743548</range>
			<altitudeMode>absolute</altitudeMode>
		</LookAt>
		<styleUrl>#__managed_style_09302A2EFB31A2032F2B</styleUrl>
		<Point>
			<coordinates>123.469600787714,-17.89698296182033,39.57602919847446</coordinates>
		</Point>
	</Placemark>
	<Placemark id="0B418ECD2B319CCC97AA">
		<name>Dam</name>
		<LookAt>
			<longitude>123.1739199910293</longitude>
			<latitude>-17.64020027110199</latitude>
			<altitude>53.28675068100822</altitude>
			<heading>359.8201552005678</heading>
			<tilt>0</tilt>
			<gx:fovy>35</gx:fovy>
			<range>632.2720237892645</range>
			<altitudeMode>absolute</altitudeMode>
		</LookAt>
		<styleUrl>#__managed_style_09302A2EFB31A2032F2B</styleUrl>
		<Point>
			<coordinates>123.172801882903,-17.63966612274879,54.20646999474893</coordinates>
		</Point>
	</Placemark>
	<Placemark id="0E540BBC1A319CCCB830">
		<name>Untitled placemark</name>
		<LookAt>
			<longitude>123.1791704905016</longitude>
			<latitude>-17.63553648367881</latitude>
			<altitude>53.56686836787527</altitude>
			<heading>359.8201544678968</heading>
			<tilt>0</tilt>
			<gx:fovy>35</gx:fovy>
			<range>1840.855426500784</range>
			<altitudeMode>absolute</altitudeMode>
		</LookAt>
		<styleUrl>#__managed_style_09302A2EFB31A2032F2B</styleUrl>
		<Point>
			<coordinates>123.1748909508614,-17.63877426881857,54.11982765866688</coordinates>
		</Point>
	</Placemark>
	<Placemark id="0045ADAEEC319CCD3066">
		<name>Untitled placemark</name>
		<LookAt>
			<longitude>123.1748024374007</longitude>
			<latitude>-17.63653133867203</latitude>
			<altitude>54.89436357460259</altitude>
			<heading>359.8201530133611</heading>
			<tilt>0</tilt>
			<gx:fovy>35</gx:fovy>
			<range>3757.73708731751</range>
			<altitudeMode>absolute</altitudeMode>
		</LookAt>
		<styleUrl>#__managed_style_09302A2EFB31A2032F2B</styleUrl>
		<Point>
			<coordinates>123.180262235224,-17.63516892713441,54.09965076134306</coordinates>
		</Point>
	</Placemark>
	<Placemark id="0544F3B4A8319CCDC11F">
		<name>Watering point</name>
		<LookAt>
			<longitude>123.24800516422</longitude>
			<latitude>-17.68570895156099</latitude>
			<altitude>31.38560482969034</altitude>
			<heading>359.8201499324821</heading>
			<tilt>0</tilt>
			<gx:fovy>35</gx:fovy>
			<range>3276.330931783305</range>
			<altitudeMode>absolute</altitudeMode>
		</LookAt>
		<styleUrl>#__managed_style_09302A2EFB31A2032F2B</styleUrl>
		<Point>
			<coordinates>123.2541897566461,-17.68776768731867,31.42788008726215</coordinates>
		</Point>
	</Placemark>
	<Placemark id="0EEFD3EF66319CCDFA3E">
		<name>Lagoon</name>
		<LookAt>
			<longitude>123.3870125234669</longitude>
			<latitude>-17.67270041866995</latitude>
			<altitude>6.936967607591167</altitude>
			<heading>359.820148994432</heading>
			<tilt>0</tilt>
			<gx:fovy>35</gx:fovy>
			<range>22131.01764199091</range>
			<altitudeMode>absolute</altitudeMode>
		</LookAt>
		<styleUrl>#__managed_style_09302A2EFB31A2032F2B</styleUrl>
		<Point>
			<coordinates>123.3861654295329,-17.66386936964565,10.3168353622909</coordinates>
		</Point>
	</Placemark>
	<Placemark id="03EF692566319CCE4A1B">
		<name>Roadside seep</name>
		<LookAt>
			<longitude>123.3740545780769</longitude>
			<latitude>-17.67498023585349</latitude>
			<altitude>12.20908787828827</altitude>
			<heading>359.820148450269</heading>
			<tilt>0</tilt>
			<gx:fovy>35</gx:fovy>
			<range>5259.568019938307</range>
			<altitudeMode>absolute</altitudeMode>
		</LookAt>
		<styleUrl>#__managed_style_09302A2EFB31A2032F2B</styleUrl>
		<Point>
			<coordinates>123.3767057110668,-17.67299590510333,11.62366629968535</coordinates>
		</Point>
	</Placemark>
	<Placemark id="081A732756319CCE53B4">
		<name>Lagoon</name>
		<LookAt>
			<longitude>123.3740545780769</longitude>
			<latitude>-17.67498023585349</latitude>
			<altitude>12.20908787828827</altitude>
			<heading>359.820148450269</heading>
			<tilt>0</tilt>
			<gx:fovy>35</gx:fovy>
			<range>5259.568019938307</range>
			<altitudeMode>absolute</altitudeMode>
		</LookAt>
		<styleUrl>#__managed_style_09302A2EFB31A2032F2B</styleUrl>
		<Point>
			<coordinates>123.3801480264772,-17.67446766814868,10.01406594286297</coordinates>
		</Point>
	</Placemark>
	<Placemark id="0360A27F48319CCEFBEB">
		<name>Lagoon</name>
		<LookAt>
			<longitude>123.333370987839</longitude>
			<latitude>-17.70257674110416</latitude>
			<altitude>17.78182191541635</altitude>
			<heading>359.8201443608897</heading>
			<tilt>0</tilt>
			<gx:fovy>35</gx:fovy>
			<range>4314.616181515739</range>
			<altitudeMode>absolute</altitudeMode>
		</LookAt>
		<styleUrl>#__managed_style_09302A2EFB31A2032F2B</styleUrl>
		<Point>
			<coordinates>123.3363564897154,-17.70492328870807,18.1409177212453</coordinates>
		</Point>
	</Placemark>
	<Placemark id="09C9FC5EF3319CCF098E">
		<name>Lagoon</name>
		<LookAt>
			<longitude>123.333370987839</longitude>
			<latitude>-17.70257674110416</latitude>
			<altitude>17.78182191541635</altitude>
			<heading>359.8201443608897</heading>
			<tilt>0</tilt>
			<gx:fovy>35</gx:fovy>
			<range>4314.616181515739</range>
			<altitudeMode>absolute</altitudeMode>
		</LookAt>
		<styleUrl>#__managed_style_09302A2EFB31A2032F2B</styleUrl>
		<Point>
			<coordinates>123.3361560598982,-17.69995763434505,14.86351249189407</coordinates>
		</Point>
	</Placemark>
	<Placemark id="00C9842D65319CCF5711">
		<name>Lagoon</name>
		<LookAt>
			<longitude>123.4531045609449</longitude>
			<latitude>-17.97178065839812</latitude>
			<altitude>57.53972146462274</altitude>
			<heading>359.8201428570155</heading>
			<tilt>0</tilt>
			<gx:fovy>35</gx:fovy>
			<range>7031.647536044475</range>
			<altitudeMode>absolute</altitudeMode>
		</LookAt>
		<styleUrl>#__managed_style_09302A2EFB31A2032F2B</styleUrl>
		<Point>
			<coordinates>123.4586747310358,-17.97597551017612,56.05687347266237</coordinates>
		</Point>
	</Placemark>
	<Placemark id="02285BA41E319CCF7463">
		<name>Lagoon</name>
		<LookAt>
			<longitude>123.3673025021739</longitude>
			<latitude>-17.99378800393444</latitude>
			<altitude>63.53099226782402</altitude>
			<heading>359.8201421761735</heading>
			<tilt>0</tilt>
			<gx:fovy>35</gx:fovy>
			<range>3785.954053040477</range>
			<altitudeMode>absolute</altitudeMode>
		</LookAt>
		<styleUrl>#__managed_style_09302A2EFB31A2032F2B</styleUrl>
		<Point>
			<coordinates>123.5050577595873,-18.4254237303545,63.61214273067565</coordinates>
		</Point>
	</Placemark>
	<Placemark id="00E2499BCE319CD4A7CD">
		<name>Geegully creek road crossing</name>
		<LookAt>
			<longitude>123.7331195803665</longitude>
			<latitude>-18.29161284952986</latitude>
			<altitude>67.58003950995663</altitude>
			<heading>359.8201144377336</heading>
			<tilt>0</tilt>
			<gx:fovy>35</gx:fovy>
			<range>385.6286663718492</range>
			<altitudeMode>absolute</altitudeMode>
		</LookAt>
		<styleUrl>#__managed_style_09302A2EFB31A2032F2B</styleUrl>
		<Point>
			<coordinates>123.7340136721028,-18.29171455484454,66.79106970778992</coordinates>
		</Point>
	</Placemark>
	<Placemark id="0197FBA09C319CDD7E55">
		<name>Clanmyra pool campsite</name>
		<LookAt>
			<longitude>123.7445617595447</longitude>
			<latitude>-18.22248483989576</latitude>
			<altitude>56.08814518343225</altitude>
			<heading>359.8200821455023</heading>
			<tilt>0</tilt>
			<gx:fovy>35</gx:fovy>
			<range>1098.602819727093</range>
			<altitudeMode>absolute</altitudeMode>
		</LookAt>
		<styleUrl>#__managed_style_09302A2EFB31A2032F2B</styleUrl>
		<Point>
			<coordinates>123.7457077547027,-18.2238946031264,55.58085551336956</coordinates>
		</Point>
	</Placemark>
	<Placemark id="066AA902C331A0C366C3">
		<name>Upper Geegully Creek waters</name>
		<LookAt>
			<longitude>123.7435013115298</longitude>
			<latitude>-18.41012308244003</latitude>
			<altitude>80.34911863751954</altitude>
			<heading>359.8200102523833</heading>
			<tilt>0</tilt>
			<gx:fovy>35</gx:fovy>
			<range>636.7736698473163</range>
			<altitudeMode>absolute</altitudeMode>
		</LookAt>
		<styleUrl>#__managed_style_09302A2EFB31A2032F2B</styleUrl>
		<Point>
			<coordinates>123.7449795624867,-18.41019720270979,80.21014784953643</coordinates>
		</Point>
	</Placemark>
	<Placemark id="00BC1FFEB831A0CC247E">
		<name>Lagoon</name>
		<LookAt>
			<longitude>123.4009439988414</longitude>
			<latitude>-17.9502073045522</latitude>
			<altitude>55.53393973293531</altitude>
			<heading>359.8199751236855</heading>
			<tilt>0</tilt>
			<gx:fovy>35</gx:fovy>
			<range>5175.994417587644</range>
			<altitudeMode>absolute</altitudeMode>
		</LookAt>
		<styleUrl>#__managed_style_09302A2EFB31A2032F2B</styleUrl>
		<Point>
			<coordinates>123.4089078304858,-17.95343455262248,55.89822145688161</coordinates>
		</Point>
	</Placemark>
	<Placemark id="0AD4991E4131A0CC96CF">
		<name>Lagoon</name>
		<LookAt>
			<longitude>123.2320648857474</longitude>
			<latitude>-18.01700503060577</latitude>
			<altitude>79.35750197689359</altitude>
			<heading>359.8199733479062</heading>
			<tilt>0</tilt>
			<gx:fovy>35</gx:fovy>
			<range>1452.113035075745</range>
			<altitudeMode>absolute</altitudeMode>
		</LookAt>
		<styleUrl>#__managed_style_09302A2EFB31A2032F2B</styleUrl>
		<Point>
			<coordinates>123.3778931796745,-18.4346083761202,78.39198876576393</coordinates>
		</Point>
	</Placemark>
	<Placemark id="097FBB4FD131A0CD2A43">
		<name>Lagoon</name>
		<LookAt>
			<longitude>123.0964621233867</longitude>
			<latitude>-18.01738832928656</latitude>
			<altitude>66.24982524007962</altitude>
			<heading>359.8199710258413</heading>
			<tilt>0</tilt>
			<gx:fovy>35</gx:fovy>
			<range>6203.624646763201</range>
			<altitudeMode>absolute</altitudeMode>
		</LookAt>
		<styleUrl>#__managed_style_09302A2EFB31A2032F2B</styleUrl>
		<Point>
			<coordinates>123.104267606056,-18.01480808832358,65.96496901286167</coordinates>
		</Point>
	</Placemark>
	<Placemark id="03EBB929AA31A0CD7B18">
		<name>Taylor&apos;s lagoon</name>
		<LookAt>
			<longitude>122.8858378765367</longitude>
			<latitude>-17.78009183551275</latitude>
			<altitude>39.63066912364878</altitude>
			<heading>359.8199696468528</heading>
			<tilt>0</tilt>
			<gx:fovy>35</gx:fovy>
			<range>1848.507557284611</range>
			<altitudeMode>absolute</altitudeMode>
		</LookAt>
		<styleUrl>#__managed_style_09302A2EFB31A2032F2B</styleUrl>
		<Point>
			<coordinates>122.8882133638284,-17.77847929500773,40.46487183874945</coordinates>
		</Point>
	</Placemark>
	<Placemark id="03911CA0ED31A0CDB1F6">
		<name>Lagoon</name>
		<LookAt>
			<longitude>122.9006130051554</longitude>
			<latitude>-17.800179053697</latitude>
			<altitude>41.25478826065967</altitude>
			<heading>359.8199692458875</heading>
			<tilt>0</tilt>
			<gx:fovy>35</gx:fovy>
			<range>2242.358940581325</range>
			<altitudeMode>absolute</altitudeMode>
		</LookAt>
		<styleUrl>#__managed_style_09302A2EFB31A2032F2B</styleUrl>
		<Point>
			<coordinates>122.9035151306973,-17.79974908456112,41.24734516660025</coordinates>
		</Point>
	</Placemark>
	<Placemark id="02A9B2E26931A0CDFEA0">
		<name>Lagoon</name>
		<LookAt>
			<longitude>122.9814622660573</longitude>
			<latitude>-17.69823415484715</latitude>
			<altitude>67.22371961986715</altitude>
			<heading>359.8199678160241</heading>
			<tilt>0</tilt>
			<gx:fovy>35</gx:fovy>
			<range>947.2198128751188</range>
			<altitudeMode>absolute</altitudeMode>
		</LookAt>
		<styleUrl>#__managed_style_09302A2EFB31A2032F2B</styleUrl>
		<Point>
			<coordinates>122.9825952781094,-17.69737282828698,66.90017069879448</coordinates>
		</Point>
	</Placemark>
	<Placemark id="034F2B2AF031A0CEA8B4">
		<name>Lake Campion</name>
		<LookAt>
			<longitude>122.734872374759</longitude>
			<latitude>-17.85495296969297</latitude>
			<altitude>23.97039650487125</altitude>
			<heading>359.8199639857048</heading>
			<tilt>0</tilt>
			<gx:fovy>35</gx:fovy>
			<range>4909.008869250538</range>
			<altitudeMode>absolute</altitudeMode>
		</LookAt>
		<styleUrl>#__managed_style_09302A2EFB31A2032F2B</styleUrl>
		<Point>
			<coordinates>122.7428196491118,-17.84817945504122,19.82908458539679</coordinates>
		</Point>
	</Placemark>
	<Placemark id="0C9E447FFC31A0CEF163">
		<name>Lagoon</name>
		<LookAt>
			<longitude>122.881474915228</longitude>
			<latitude>-17.94372194526609</latitude>
			<altitude>30.07614601799039</altitude>
			<heading>359.8199628078668</heading>
			<tilt>0</tilt>
			<gx:fovy>35</gx:fovy>
			<range>2244.762550345331</range>
			<altitudeMode>absolute</altitudeMode>
		</LookAt>
		<styleUrl>#__managed_style_09302A2EFB31A2032F2B</styleUrl>
		<Point>
			<coordinates>122.8840092224365,-17.94694628232555,27.87015108957329</coordinates>
		</Point>
	</Placemark>
	<Placemark id="0E066F2B9931A0D040AE">
		<name>Lagoon</name>
		<LookAt>
			<longitude>123.3856579411513</longitude>
			<latitude>-18.47937360972091</latitude>
			<altitude>120.3922038146995</altitude>
			<heading>359.8199549450885</heading>
			<tilt>0</tilt>
			<gx:fovy>35</gx:fovy>
			<range>444.679858692689</range>
			<altitudeMode>absolute</altitudeMode>
		</LookAt>
		<styleUrl>#__managed_style_09302A2EFB31A2032F2B</styleUrl>
		<Point>
			<coordinates>123.3866922937866,-18.47932877265204,120.7110389878528</coordinates>
		</Point>
	</Placemark>
	<Placemark id="06489CA58631A0D1B898">
		<name>Watering point</name>
		<LookAt>
			<longitude>123.2606951313909</longitude>
			<latitude>-18.05424875220456</latitude>
			<altitude>77.33880975508876</altitude>
			<heading>359.8199461384723</heading>
			<tilt>0</tilt>
			<gx:fovy>35</gx:fovy>
			<range>404.2532117581869</range>
			<altitudeMode>absolute</altitudeMode>
		</LookAt>
		<styleUrl>#__managed_style_09302A2EFB31A2032F2B</styleUrl>
		<Point>
			<coordinates>122.7872260578519,-18.02509472888244,76.1876846599322</coordinates>
		</Point>
	</Placemark>
	<Placemark id="0065850F9531A0D4EED2">
		<name>Lagoon</name>
		<LookAt>
			<longitude>123.4779211310188</longitude>
			<latitude>-18.18156835291622</latitude>
			<altitude>67.09618545939587</altitude>
			<heading>359.8199262653719</heading>
			<tilt>0</tilt>
			<gx:fovy>35</gx:fovy>
			<range>2416.772044550744</range>
			<altitudeMode>absolute</altitudeMode>
		</LookAt>
		<styleUrl>#__managed_style_09302A2EFB31A2032F2B</styleUrl>
		<Point>
			<coordinates>123.4786015521141,-18.17933598524235,64.12481678360194</coordinates>
		</Point>
	</Placemark>
	<Placemark id="0FB900539531A0D56305">
		<name>Lagoon</name>
		<LookAt>
			<longitude>123.4668210889136</longitude>
			<latitude>-18.082411269843</latitude>
			<altitude>49.11075861385386</altitude>
			<heading>359.8199244495527</heading>
			<tilt>0</tilt>
			<gx:fovy>35</gx:fovy>
			<range>10525.66656027222</range>
			<altitudeMode>absolute</altitudeMode>
		</LookAt>
		<styleUrl>#__managed_style_09302A2EFB31A2032F2B</styleUrl>
		<Point>
			<coordinates>123.479393381421,-18.08991282039803,48.24938920260256</coordinates>
		</Point>
	</Placemark>
	<Placemark id="034935C6FD31A0D5B2BA">
		<name>Lagoon</name>
		<LookAt>
			<longitude>123.4668210889136</longitude>
			<latitude>-18.082411269843</latitude>
			<altitude>49.11075861385386</altitude>
			<heading>359.8199244495527</heading>
			<tilt>0</tilt>
			<gx:fovy>35</gx:fovy>
			<range>10525.66656027222</range>
			<altitudeMode>absolute</altitudeMode>
		</LookAt>
		<styleUrl>#__managed_style_09302A2EFB31A2032F2B</styleUrl>
		<Point>
			<coordinates>123.4809131255457,-18.07884686362408,50.54400122258099</coordinates>
		</Point>
	</Placemark>
	<Placemark id="0850E81B9531A0D5D06F">
		<name>Lagoon</name>
		<LookAt>
			<longitude>123.4668210889136</longitude>
			<latitude>-18.082411269843</latitude>
			<altitude>49.11075861385386</altitude>
			<heading>359.8199244495527</heading>
			<tilt>0</tilt>
			<gx:fovy>35</gx:fovy>
			<range>10525.66656027222</range>
			<altitudeMode>absolute</altitudeMode>
		</LookAt>
		<styleUrl>#__managed_style_09302A2EFB31A2032F2B</styleUrl>
		<Point>
			<coordinates>123.4883003734829,-18.07246028400788,50.97460222009867</coordinates>
		</Point>
	</Placemark>
	<Placemark id="079EF80A8931A0D5E48D">
		<name>Lagoon</name>
		<LookAt>
			<longitude>123.4668210889136</longitude>
			<latitude>-18.082411269843</latitude>
			<altitude>49.11075861385386</altitude>
			<heading>359.8199244495527</heading>
			<tilt>0</tilt>
			<gx:fovy>35</gx:fovy>
			<range>10525.66656027222</range>
			<altitudeMode>absolute</altitudeMode>
		</LookAt>
		<styleUrl>#__managed_style_09302A2EFB31A2032F2B</styleUrl>
		<Point>
			<coordinates>123.4920632210688,-18.06712801421565,46.37810938774069</coordinates>
		</Point>
	</Placemark>
	<Placemark id="0524793E5931A0D5F3EE">
		<name>Lagoon</name>
		<LookAt>
			<longitude>123.4668210889136</longitude>
			<latitude>-18.082411269843</latitude>
			<altitude>49.11075861385386</altitude>
			<heading>359.8199244438249</heading>
			<tilt>0</tilt>
			<gx:fovy>35</gx:fovy>
			<range>10525.66656027222</range>
			<altitudeMode>absolute</altitudeMode>
		</LookAt>
		<styleUrl>#__managed_style_09302A2EFB31A2032F2B</styleUrl>
		<Point>
			<coordinates>123.4850826113214,-18.06090914430553,47.65108076779281</coordinates>
		</Point>
	</Placemark>
	<Placemark id="0FC7BC183531A0D603E6">
		<name>Lagoon</name>
		<LookAt>
			<longitude>123.4668210889136</longitude>
			<latitude>-18.082411269843</latitude>
			<altitude>49.11075861385386</altitude>
			<heading>359.8199244380971</heading>
			<tilt>0</tilt>
			<gx:fovy>35</gx:fovy>
			<range>10525.66656027222</range>
			<altitudeMode>absolute</altitudeMode>
		</LookAt>
		<styleUrl>#__managed_style_09302A2EFB31A2032F2B</styleUrl>
		<Point>
			<coordinates>123.498408925602,-18.05888502884125,46.17085874405989</coordinates>
		</Point>
	</Placemark>
	<Placemark id="00CCE78BC631A0D61370">
		<name>Lagoon</name>
		<LookAt>
			<longitude>123.4668210889136</longitude>
			<latitude>-18.082411269843</latitude>
			<altitude>49.11075861385386</altitude>
			<heading>359.8199244380971</heading>
			<tilt>0</tilt>
			<gx:fovy>35</gx:fovy>
			<range>10525.66656027222</range>
			<altitudeMode>absolute</altitudeMode>
		</LookAt>
		<styleUrl>#__managed_style_09302A2EFB31A2032F2B</styleUrl>
		<Point>
			<coordinates>123.4819782211257,-18.06542972968007,46.89412172918448</coordinates>
		</Point>
	</Placemark>
	<Placemark id="05F508DC5031A0D744AB">
		<name>Watering point</name>
		<LookAt>
			<longitude>122.7762437951475</longitude>
			<latitude>-18.06384594110661</latitude>
			<altitude>54.91806648525469</altitude>
			<heading>359.8199184921474</heading>
			<tilt>0</tilt>
			<gx:fovy>35</gx:fovy>
			<range>586.4154679423518</range>
			<altitudeMode>absolute</altitudeMode>
		</LookAt>
		<styleUrl>#__managed_style_09302A2EFB31A2032F2B</styleUrl>
		<Point>
			<coordinates>122.777540849456,-18.06353180886397,54.19803165336987</coordinates>
		</Point>
	</Placemark>
	<Placemark id="0504C80E6A31A0D7F1D9">
		<name>Watering point</name>
		<LookAt>
			<longitude>122.5487606195979</longitude>
			<latitude>-18.17804139311961</latitude>
			<altitude>33.1276115704259</altitude>
			<heading>359.8199146242217</heading>
			<tilt>0</tilt>
			<gx:fovy>35</gx:fovy>
			<range>141.2106713905632</range>
			<altitudeMode>absolute</altitudeMode>
		</LookAt>
		<styleUrl>#__managed_style_09302A2EFB31A2032F2B</styleUrl>
		<Point>
			<coordinates>122.5492792121849,-18.17789631639724,32.23434675166667</coordinates>
		</Point>
	</Placemark>
	<Placemark id="0D739A0E3331A0D98F16">
		<name>Lagoon</name>
		<LookAt>
			<longitude>122.4921471977015</longitude>
			<latitude>-18.09086491999545</latitude>
			<altitude>9.787491171119445</altitude>
			<heading>359.8199103027723</heading>
			<tilt>0</tilt>
			<gx:fovy>35</gx:fovy>
			<range>2203.788633934746</range>
			<altitudeMode>absolute</altitudeMode>
		</LookAt>
		<styleUrl>#__managed_style_09302A2EFB31A2032F2B</styleUrl>
		<Point>
			<coordinates>122.4949550378551,-18.09097310412685,6.906046997660538</coordinates>
		</Point>
	</Placemark>
	<Placemark id="068E2CDA5231A0D9F11A">
		<name>Watering point</name>
		<LookAt>
			<longitude>122.5514560615494</longitude>
			<latitude>-18.03168800313952</latitude>
			<altitude>10.31453808141834</altitude>
			<heading>359.8199081605392</heading>
			<tilt>0</tilt>
			<gx:fovy>35</gx:fovy>
			<range>227.1785313438886</range>
			<altitudeMode>absolute</altitudeMode>
		</LookAt>
		<styleUrl>#__managed_style_09302A2EFB31A2032F2B</styleUrl>
		<Point>
			<coordinates>122.5516624377449,-18.03159379746113,9.766545465784059</coordinates>
		</Point>
	</Placemark>
	<Placemark id="0A0E24E02D31A0DA4758">
		<name>Lagoon</name>
		<LookAt>
			<longitude>122.6028449147223</longitude>
			<latitude>-18.01992983911445</latitude>
			<altitude>16.2486295517776</altitude>
			<heading>359.8199070059511</heading>
			<tilt>0</tilt>
			<gx:fovy>35</gx:fovy>
			<range>220.2326220125542</range>
			<altitudeMode>absolute</altitudeMode>
		</LookAt>
		<styleUrl>#__managed_style_09302A2EFB31A2032F2B</styleUrl>
		<Point>
			<coordinates>122.6032380821023,-18.01987300740961,16.02710971124248</coordinates>
		</Point>
	</Placemark>
	<Placemark id="040E8A7A5831A0DA83BF">
		<name>Lagoon</name>
		<LookAt>
			<longitude>122.6080872371949</longitude>
			<latitude>-18.01979653136625</latitude>
			<altitude>17.23365304973586</altitude>
			<heading>359.8199061639103</heading>
			<tilt>0</tilt>
			<gx:fovy>35</gx:fovy>
			<range>295.6397826495959</range>
			<altitudeMode>absolute</altitudeMode>
		</LookAt>
		<styleUrl>#__managed_style_09302A2EFB31A2032F2B</styleUrl>
		<Point>
			<coordinates>122.6090213565115,-18.01975192801953,16.15794012146284</coordinates>
		</Point>
	</Placemark>
	<Placemark id="066AB5492931A0DAB3F1">
		<name>Lagoons</name>
		<LookAt>
			<longitude>122.6119903163877</longitude>
			<latitude>-18.01781557883743</latitude>
			<altitude>14.91857146474236</altitude>
			<heading>359.819905457102</heading>
			<tilt>0</tilt>
			<gx:fovy>35</gx:fovy>
			<range>273.883526392965</range>
			<altitudeMode>absolute</altitudeMode>
		</LookAt>
		<styleUrl>#__managed_style_09302A2EFB31A2032F2B</styleUrl>
		<Point>
			<coordinates>122.6122214675496,-18.01773135364423,15.18497920706718</coordinates>
		</Point>
	</Placemark>
	<Placemark id="0235E6EFBC31A0DB15DB">
		<name>Watering point</name>
		<LookAt>
			<longitude>122.6480349396601</longitude>
			<latitude>-18.01669825700719</latitude>
			<altitude>13.07302288295696</altitude>
			<heading>359.8199038334308</heading>
			<tilt>0</tilt>
			<gx:fovy>35</gx:fovy>
			<range>84.15609598337142</range>
			<altitudeMode>absolute</altitudeMode>
		</LookAt>
		<styleUrl>#__managed_style_09302A2EFB31A2032F2B</styleUrl>
		<Point>
			<coordinates>122.6482468048951,-18.01666699208529,13.08765329098246</coordinates>
		</Point>
	</Placemark>
	<Placemark id="046878183131A0DBC7EA">
		<name>Watering point</name>
		<LookAt>
			<longitude>122.6820355881695</longitude>
			<latitude>-18.06132721972824</latitude>
			<altitude>30.68719613795775</altitude>
			<heading>359.8198999277524</heading>
			<tilt>0</tilt>
			<gx:fovy>35</gx:fovy>
			<range>256.9421614497332</range>
			<altitudeMode>absolute</altitudeMode>
		</LookAt>
		<styleUrl>#__managed_style_09302A2EFB31A2032F2B</styleUrl>
		<Point>
			<coordinates>122.6830695812618,-18.06141981990408,28.93079124342561</coordinates>
		</Point>
	</Placemark>
	<Placemark id="0CD12009B331A0DC6DCC">
		<name>Lagoon</name>
		<LookAt>
			<longitude>122.9771993851679</longitude>
			<latitude>-17.6534423422406</latitude>
			<altitude>75.67991951391765</altitude>
			<heading>359.8198965170563</heading>
			<tilt>0</tilt>
			<gx:fovy>35</gx:fovy>
			<range>3813.237981323618</range>
			<altitudeMode>absolute</altitudeMode>
		</LookAt>
		<styleUrl>#__managed_style_09302A2EFB31A2032F2B</styleUrl>
		<Point>
			<coordinates>122.985767503631,-17.65527687327626,71.05553340773035</coordinates>
		</Point>
	</Placemark>
	<Placemark id="0EB51CB6B231A0DCF27F">
		<name>Watering point</name>
		<LookAt>
			<longitude>123.0715470079953</longitude>
			<latitude>-17.86202823779001</latitude>
			<altitude>62.53740266639457</altitude>
			<heading>359.8198934852381</heading>
			<tilt>0</tilt>
			<gx:fovy>35</gx:fovy>
			<range>435.3106386378931</range>
			<altitudeMode>absolute</altitudeMode>
		</LookAt>
		<styleUrl>#__managed_style_09302A2EFB31A2032F2B</styleUrl>
		<Point>
			<coordinates>123.0730561605768,-17.86172447867853,62.26395596569645</coordinates>
		</Point>
	</Placemark>
	<Placemark id="09648CC55C31A0DD63DC">
		<name>Watering point</name>
		<LookAt>
			<longitude>123.3272714635186</longitude>
			<latitude>-17.81755356443269</latitude>
			<altitude>51.99473241160092</altitude>
			<heading>359.8198919507575</heading>
			<tilt>0</tilt>
			<gx:fovy>35</gx:fovy>
			<range>584.0093086424167</range>
			<altitudeMode>absolute</altitudeMode>
		</LookAt>
		<styleUrl>#__managed_style_09302A2EFB31A2032F2B</styleUrl>
		<Point>
			<coordinates>123.3292264239307,-17.81801691788228,52.6722459732479</coordinates>
		</Point>
	</Placemark>
	<Placemark id="02E849BBF131A0DE1EB5">
		<name>Lagoon</name>
		<LookAt>
			<longitude>123.143024141609</longitude>
			<latitude>-17.76100086723621</latitude>
			<altitude>40.93320145605471</altitude>
			<heading>359.8198883341682</heading>
			<tilt>0</tilt>
			<gx:fovy>35</gx:fovy>
			<range>536.0055799908151</range>
			<altitudeMode>absolute</altitudeMode>
		</LookAt>
		<styleUrl>#__managed_style_09302A2EFB31A2032F2B</styleUrl>
		<Point>
			<coordinates>123.1448104390049,-17.76105189816829,43.39117547753735</coordinates>
		</Point>
	</Placemark>
	<Placemark id="054B8856DA31A0DEE42B">
		<name>Lagoon</name>
		<LookAt>
			<longitude>123.1302176088508</longitude>
			<latitude>-17.77599830148404</latitude>
			<altitude>43.68082420099122</altitude>
			<heading>359.8198840383803</heading>
			<tilt>0</tilt>
			<gx:fovy>35</gx:fovy>
			<range>451.5603144834313</range>
			<altitudeMode>absolute</altitudeMode>
		</LookAt>
		<styleUrl>#__managed_style_09302A2EFB31A2032F2B</styleUrl>
		<Point>
			<coordinates>123.1314675438865,-17.7756781252209,42.34768616467145</coordinates>
		</Point>
	</Placemark>
	<Placemark id="0116D1D76E31A0DF47D2">
		<name>Lagoon</name>
		<LookAt>
			<longitude>123.1382472932818</longitude>
			<latitude>-17.76893865537434</latitude>
			<altitude>42.05867752521804</altitude>
			<heading>359.8198815027922</heading>
			<tilt>0</tilt>
			<gx:fovy>35</gx:fovy>
			<range>180.0517271640638</range>
			<altitudeMode>absolute</altitudeMode>
		</LookAt>
		<styleUrl>#__managed_style_09302A2EFB31A2032F2B</styleUrl>
		<Point>
			<coordinates>123.1388171169111,-17.76870592024262,42.91889238965516</coordinates>
		</Point>
	</Placemark>
	<Placemark id="0DC58A337731A0DFC746">
		<name>Lagoon</name>
		<LookAt>
			<longitude>123.1570118353218</longitude>
			<latitude>-17.92726100290915</latitude>
			<altitude>65.7666751213912</altitude>
			<heading>359.8198792001426</heading>
			<tilt>0</tilt>
			<gx:fovy>35</gx:fovy>
			<range>18131.62608280778</range>
			<altitudeMode>absolute</altitudeMode>
		</LookAt>
		<styleUrl>#__managed_style_09302A2EFB31A2032F2B</styleUrl>
		<Point>
			<coordinates>123.2053425328265,-17.92221218180119,61.13992461101509</coordinates>
		</Point>
	</Placemark>
	<Placemark id="0F47D94FF431A0E06844">
		<name>Roadside seep</name>
		<LookAt>
			<longitude>123.0985159522238</longitude>
			<latitude>-17.98982898626822</latitude>
			<altitude>71.28519083755717</altitude>
			<heading>359.8198761126462</heading>
			<tilt>0</tilt>
			<gx:fovy>35</gx:fovy>
			<range>1951.538105325017</range>
			<altitudeMode>absolute</altitudeMode>
		</LookAt>
		<styleUrl>#__managed_style_09302A2EFB31A2032F2B</styleUrl>
		<Point>
			<coordinates>123.1059954507913,-17.98969210110449,74.66648150790762</coordinates>
		</Point>
	</Placemark>
	<Placemark id="09BE9AE1F431A0E0ADAD">
		<name>Roadside seep</name>
		<LookAt>
			<longitude>123.0770124455682</longitude>
			<latitude>-17.98956363439781</latitude>
			<altitude>65.90317088990362</altitude>
			<heading>359.8198755400996</heading>
			<tilt>0</tilt>
			<gx:fovy>35</gx:fovy>
			<range>662.7317930918799</range>
			<altitudeMode>absolute</altitudeMode>
		</LookAt>
		<styleUrl>#__managed_style_09302A2EFB31A2032F2B</styleUrl>
		<Point>
			<coordinates>123.0774009898158,-17.98954301884908,65.9769922312194</coordinates>
		</Point>
	</Placemark>
	<Placemark id="0493692B0831A0E0F95D">
		<name>Dam</name>
		<LookAt>
			<longitude>123.1600168208835</longitude>
			<latitude>-17.9926404996918</latitude>
			<altitude>81.0986813449522</altitude>
			<heading>359.8198751505818</heading>
			<tilt>0</tilt>
			<gx:fovy>35</gx:fovy>
			<range>2784.919840999064</range>
			<altitudeMode>absolute</altitudeMode>
		</LookAt>
		<styleUrl>#__managed_style_09302A2EFB31A2032F2B</styleUrl>
		<Point>
			<coordinates>123.1637065785181,-17.98996245904243,79.07587450127032</coordinates>
		</Point>
	</Placemark>
	<Placemark id="0B5C34E2E831A0E185E6">
		<name>Water</name>
		<LookAt>
			<longitude>123.1736945800486</longitude>
			<latitude>-17.98979508050164</latitude>
			<altitude>77.6478521621914</altitude>
			<heading>359.8198728446648</heading>
			<tilt>0</tilt>
			<gx:fovy>35</gx:fovy>
			<range>628.2721264021529</range>
			<altitudeMode>absolute</altitudeMode>
		</LookAt>
		<styleUrl>#__managed_style_09302A2EFB31A2032F2B</styleUrl>
		<Point>
			<coordinates>123.1750348253338,-17.98975422303447,78.38859821974206</coordinates>
		</Point>
	</Placemark>
	<Placemark id="00098E610031A0E26532">
		<name>Trough</name>
		<LookAt>
			<longitude>123.3164080239938</longitude>
			<latitude>-17.93420614563215</latitude>
			<altitude>51.80942628246335</altitude>
			<heading>359.8198671937863</heading>
			<tilt>0</tilt>
			<gx:fovy>35</gx:fovy>
			<range>752.7630454657626</range>
			<altitudeMode>absolute</altitudeMode>
		</LookAt>
		<styleUrl>#__managed_style_09302A2EFB31A2032F2B</styleUrl>
		<Point>
			<coordinates>123.3164280042584,-17.93320967232513,50.28665344557133</coordinates>
		</Point>
	</Placemark>
	<Placemark id="0A6C290DBD31A0E2871F">
		<name>Trough</name>
		<LookAt>
			<longitude>123.3164080239938</longitude>
			<latitude>-17.93420614563215</latitude>
			<altitude>51.80942628246335</altitude>
			<heading>359.8198671937863</heading>
			<tilt>0</tilt>
			<gx:fovy>35</gx:fovy>
			<range>752.7630454657626</range>
			<altitudeMode>absolute</altitudeMode>
		</LookAt>
		<styleUrl>#__managed_style_09302A2EFB31A2032F2B</styleUrl>
		<Point>
			<coordinates>123.3168888233062,-17.93319488713664,50.19656572134166</coordinates>
		</Point>
	</Placemark>
	<Placemark id="044925F0D131A0E29DF2">
		<name>Trough</name>
		<LookAt>
			<longitude>123.3164080239938</longitude>
			<latitude>-17.93420614563215</latitude>
			<altitude>51.80942628246335</altitude>
			<heading>359.8198671937863</heading>
			<tilt>0</tilt>
			<gx:fovy>35</gx:fovy>
			<range>752.7630454657626</range>
			<altitudeMode>absolute</altitudeMode>
		</LookAt>
		<styleUrl>#__managed_style_09302A2EFB31A2032F2B</styleUrl>
		<Point>
			<coordinates>123.3164189319999,-17.93469652668754,52.05300659870697</coordinates>
		</Point>
	</Placemark>
	<Placemark id="0E2CC9F80931A0E2AD29">
		<name>Trough</name>
		<LookAt>
			<longitude>123.3164080239938</longitude>
			<latitude>-17.93420614563215</latitude>
			<altitude>51.80942628246335</altitude>
			<heading>359.8198671937863</heading>
			<tilt>0</tilt>
			<gx:fovy>35</gx:fovy>
			<range>752.7630454657626</range>
			<altitudeMode>absolute</altitudeMode>
		</LookAt>
		<styleUrl>#__managed_style_09302A2EFB31A2032F2B</styleUrl>
		<Point>
			<coordinates>123.3169066933766,-17.93468201560318,51.73273429161293</coordinates>
		</Point>
	</Placemark>
	<Placemark id="0A8C70911731A0E2B6E4">
		<name>Tank</name>
		<LookAt>
			<longitude>123.3164080239938</longitude>
			<latitude>-17.93420614563215</latitude>
			<altitude>51.80942628246335</altitude>
			<heading>359.8198671937863</heading>
			<tilt>0</tilt>
			<gx:fovy>35</gx:fovy>
			<range>752.7630454657626</range>
			<altitudeMode>absolute</altitudeMode>
		</LookAt>
		<styleUrl>#__managed_style_09302A2EFB31A2032F2B</styleUrl>
		<Point>
			<coordinates>123.3156451108347,-17.93399175920582,51.43402133281336</coordinates>
		</Point>
	</Placemark>
	<Placemark id="0C4F93CC3931A0E34A40">
		<name>Lagoon</name>
		<LookAt>
			<longitude>123.4504172701022</longitude>
			<latitude>-17.71886285782169</latitude>
			<altitude>35.56267752978048</altitude>
			<heading>359.8198644042479</heading>
			<tilt>0</tilt>
			<gx:fovy>35</gx:fovy>
			<range>1204.452320112032</range>
			<altitudeMode>absolute</altitudeMode>
		</LookAt>
		<styleUrl>#__managed_style_09302A2EFB31A2032F2B</styleUrl>
		<Point>
			<coordinates>123.4524594505238,-17.71840531209759,38.59716024882321</coordinates>
		</Point>
	</Placemark>
	<Placemark id="0433B8DA4F31A0E37A3F">
		<name>Lagoon</name>
		<LookAt>
			<longitude>123.4302204267936</longitude>
			<latitude>-17.74167369581554</latitude>
			<altitude>43.24941790877428</altitude>
			<heading>359.8198633738432</heading>
			<tilt>0</tilt>
			<gx:fovy>35</gx:fovy>
			<range>2054.018509867019</range>
			<altitudeMode>absolute</altitudeMode>
		</LookAt>
		<styleUrl>#__managed_style_09302A2EFB31A2032F2B</styleUrl>
		<Point>
			<coordinates>123.4355177130627,-17.73876253592051,42.48733374670953</coordinates>
		</Point>
	</Placemark>
	<Placemark id="0C00DFA6C031A0E4ECC5">
		<name>Watering point</name>
		<LookAt>
			<longitude>122.8170977137794</longitude>
			<latitude>-18.00962310420051</latitude>
			<altitude>62.43472724231747</altitude>
			<heading>359.8198559230425</heading>
			<tilt>0</tilt>
			<gx:fovy>35</gx:fovy>
			<range>334.3043525927715</range>
			<altitudeMode>absolute</altitudeMode>
		</LookAt>
		<styleUrl>#__managed_style_09302A2EFB31A2032F2B</styleUrl>
		<Point>
			<coordinates>122.8180122094237,-18.00954217039073,63.81120243010644</coordinates>
		</Point>
	</Placemark>
	<Placemark id="03D9D6F77D31A0E5599B">
		<name>Watering point</name>
		<LookAt>
			<longitude>122.8242087045866</longitude>
			<latitude>-17.95773538506377</latitude>
			<altitude>33.56723465122895</altitude>
			<heading>359.8198534708461</heading>
			<tilt>0</tilt>
			<gx:fovy>35</gx:fovy>
			<range>206.2740518637293</range>
			<altitudeMode>absolute</altitudeMode>
		</LookAt>
		<styleUrl>#__managed_style_09302A2EFB31A2032F2B</styleUrl>
		<Point>
			<coordinates>122.6747624780304,-18.00100628052069,34.28284683109396</coordinates>
		</Point>
	</Placemark>
	<Placemark id="075154CF8631A0E70ADA">
		<name>Watering point</name>
		<LookAt>
			<longitude>122.9145584636441</longitude>
			<latitude>-17.94722831744666</latitude>
			<altitude>37.24358243171712</altitude>
			<heading>359.8198390790056</heading>
			<tilt>0</tilt>
			<gx:fovy>35</gx:fovy>
			<range>417.7389125248737</range>
			<altitudeMode>absolute</altitudeMode>
		</LookAt>
		<styleUrl>#__managed_style_09302A2EFB31A2032F2B</styleUrl>
		<Point>
			<coordinates>122.9154507280616,-17.94671340400926,37.54128482825604</coordinates>
		</Point>
	</Placemark>
	<Placemark id="027458C26831A0F54FC4">
		<name>Watering point</name>
		<LookAt>
			<longitude>123.4223257065441</longitude>
			<latitude>-18.30546395812761</latitude>
			<altitude>118.6501750917424</altitude>
			<heading>0.4557068577277508</heading>
			<tilt>0</tilt>
			<gx:fovy>35</gx:fovy>
			<range>394.0479756944842</range>
			<altitudeMode>absolute</altitudeMode>
		</LookAt>
		<styleUrl>#__managed_style_09302A2EFB31A2032F2B</styleUrl>
		<Point>
			<coordinates>123.4229344210132,-18.30562582647216,119.2284747971918</coordinates>
		</Point>
	</Placemark>
	<Placemark id="0D6EDF964431A0F6531F">
		<name>Watering point</name>
		<LookAt>
			<longitude>123.4452396509922</longitude>
			<latitude>-18.38283059534586</latitude>
			<altitude>134.325517985372</altitude>
			<heading>0.455706857384642</heading>
			<tilt>0</tilt>
			<gx:fovy>35</gx:fovy>
			<range>505.1326931572112</range>
			<altitudeMode>absolute</altitudeMode>
		</LookAt>
		<styleUrl>#__managed_style_09302A2EFB31A2032F2B</styleUrl>
		<Point>
			<coordinates>123.4470107416697,-18.38205982283393,135.2282294645687</coordinates>
		</Point>
	</Placemark>
	<Placemark id="0726E4B04631A0F6E5DC">
		<name>Tanks</name>
		<LookAt>
			<longitude>123.4445003494664</longitude>
			<latitude>-18.38468527884178</latitude>
			<altitude>133.218607603349</altitude>
			<heading>0.4557068573382544</heading>
			<tilt>0</tilt>
			<gx:fovy>35</gx:fovy>
			<range>957.61589329195</range>
			<altitudeMode>absolute</altitudeMode>
		</LookAt>
		<styleUrl>#__managed_style_09302A2EFB31A2032F2B</styleUrl>
		<Point>
			<coordinates>123.4451057932766,-18.38309407638123,133.8849485928581</coordinates>
		</Point>
	</Placemark>
	<Placemark id="063C00CA7631A0F769D1">
		<name>Trough</name>
		<LookAt>
			<longitude>123.4123596937021</longitude>
			<latitude>-18.40851308323454</latitude>
			<altitude>152.5733043572154</altitude>
			<heading>0.4557068571039167</heading>
			<tilt>0</tilt>
			<gx:fovy>35</gx:fovy>
			<range>100.9367184806433</range>
			<altitudeMode>absolute</altitudeMode>
		</LookAt>
		<styleUrl>#__managed_style_09302A2EFB31A2032F2B</styleUrl>
		<Point>
			<coordinates>123.4123218647275,-18.40847422150656,152.5892789722358</coordinates>
		</Point>
	</Placemark>
	<Placemark id="0981395DFB31A0F8029A">
		<name>Watering point</name>
		<LookAt>
			<longitude>123.382526737362</longitude>
			<latitude>-18.452229297726</latitude>
			<altitude>126.147546710474</altitude>
			<heading>0.4557068568031967</heading>
			<tilt>0</tilt>
			<gx:fovy>35</gx:fovy>
			<range>95.25409840801331</range>
			<altitudeMode>absolute</altitudeMode>
		</LookAt>
		<styleUrl>#__managed_style_09302A2EFB31A2032F2B</styleUrl>
		<Point>
			<coordinates>123.3826251462772,-18.45225076023783,126.1544932877098</coordinates>
		</Point>
	</Placemark>
	<Placemark id="015B91E70231A0F90F20">
		<name>Watering point</name>
		<LookAt>
			<longitude>123.479086519619</longitude>
			<latitude>-18.44229801819325</latitude>
			<altitude>118.3597554217207</altitude>
			<heading>0.4557068561993572</heading>
			<tilt>0</tilt>
			<gx:fovy>35</gx:fovy>
			<range>380.9178888347742</range>
			<altitudeMode>absolute</altitudeMode>
		</LookAt>
		<styleUrl>#__managed_style_09302A2EFB31A2032F2B</styleUrl>
		<Point>
			<coordinates>123.4794107115713,-18.44239429680617,118.8616864764869</coordinates>
		</Point>
	</Placemark>
	<Placemark id="051FDF518131A0F9D34A">
		<name>Watering point</name>
		<LookAt>
			<longitude>123.5958068371765</longitude>
			<latitude>-18.38912162572024</latitude>
			<altitude>107.0100009543271</altitude>
			<heading>0.455706855786667</heading>
			<tilt>0</tilt>
			<gx:fovy>35</gx:fovy>
			<range>469.0210662507161</range>
			<altitudeMode>absolute</altitudeMode>
		</LookAt>
		<styleUrl>#__managed_style_09302A2EFB31A2032F2B</styleUrl>
		<Point>
			<coordinates>123.5966792867225,-18.38903170381314,106.4892727140952</coordinates>
		</Point>
	</Placemark>
	<Placemark id="0B46DDD26531A0FA8722">
		<name>Lagoon or roadside seep</name>
		<LookAt>
			<longitude>123.6436766889625</longitude>
			<latitude>-18.31104299789092</latitude>
			<altitude>92.17436383619207</altitude>
			<heading>0.4557068554747499</heading>
			<tilt>0</tilt>
			<gx:fovy>35</gx:fovy>
			<range>521.486390068676</range>
			<altitudeMode>absolute</altitudeMode>
		</LookAt>
		<styleUrl>#__managed_style_09302A2EFB31A2032F2B</styleUrl>
		<Point>
			<coordinates>123.6449939498174,-18.31119949272853,93.70407353147453</coordinates>
		</Point>
	</Placemark>
	<Placemark id="0C3A42017731A0FB17A7">
		<name>Lagoon</name>
		<LookAt>
			<longitude>123.6355776351964</longitude>
			<latitude>-18.24048551109015</latitude>
			<altitude>101.9059753741976</altitude>
			<heading>0.4557068552412121</heading>
			<tilt>0</tilt>
			<gx:fovy>35</gx:fovy>
			<range>995.6574725419341</range>
			<altitudeMode>absolute</altitudeMode>
		</LookAt>
		<styleUrl>#__managed_style_09302A2EFB31A2032F2B</styleUrl>
		<Point>
			<coordinates>123.6374961982665,-18.24132383837951,102.4379346297643</coordinates>
		</Point>
	</Placemark>
	<Placemark id="03BC08FFA631A0FBF6D2">
		<name>Lagoon</name>
		<LookAt>
			<longitude>123.2630112482903</longitude>
			<latitude>-18.13186315582877</latitude>
			<altitude>86.25278859485623</altitude>
			<heading>0.4557068547757359</heading>
			<tilt>0</tilt>
			<gx:fovy>35</gx:fovy>
			<range>365.7678973684597</range>
			<altitudeMode>absolute</altitudeMode>
		</LookAt>
		<styleUrl>#__managed_style_09302A2EFB31A2032F2B</styleUrl>
		<Point>
			<coordinates>123.2631035664508,-18.13163614312207,86.2025013496332</coordinates>
		</Point>
	</Placemark>
	<Placemark id="02B4429B3531A0FC5442">
		<name>Watering point</name>
		<LookAt>
			<longitude>123.1463437773172</longitude>
			<latitude>-18.28260543439857</latitude>
			<altitude>122.9022732622242</altitude>
			<heading>0.4557068546301745</heading>
			<tilt>0</tilt>
			<gx:fovy>35</gx:fovy>
			<range>184.8620640791887</range>
			<altitudeMode>absolute</altitudeMode>
		</LookAt>
		<styleUrl>#__managed_style_09302A2EFB31A2032F2B</styleUrl>
		<Point>
			<coordinates>123.1465736162903,-18.28257138459004,123.1887906799865</coordinates>
		</Point>
	</Placemark>
	<Placemark id="0F178BA53631A0FE5E7F">
		<name>Lagoon</name>
		<LookAt>
			<longitude>123.1663669822837</longitude>
			<latitude>-18.07224514756174</latitude>
			<altitude>78.26374698326009</altitude>
			<heading>24.3960039010121</heading>
			<tilt>0</tilt>
			<gx:fovy>35</gx:fovy>
			<range>2638.793791813077</range>
			<altitudeMode>absolute</altitudeMode>
		</LookAt>
		<styleUrl>#__managed_style_09302A2EFB31A2032F2B</styleUrl>
		<Point>
			<coordinates>123.1653965688797,-18.07206503165322,76.6982666721363</coordinates>
		</Point>
	</Placemark>
	<Placemark id="0DD82076B831A0FE8C34">
		<name>Roadside seep</name>
		<LookAt>
			<longitude>123.1425889404086</longitude>
			<latitude>-18.05836030306475</latitude>
			<altitude>75.48444232167607</altitude>
			<heading>24.39919325050989</heading>
			<tilt>0</tilt>
			<gx:fovy>35</gx:fovy>
			<range>741.9186175669165</range>
			<altitudeMode>absolute</altitudeMode>
		</LookAt>
		<styleUrl>#__managed_style_09302A2EFB31A2032F2B</styleUrl>
		<Point>
			<coordinates>123.1429909265979,-18.05903573989139,75.72096742325797</coordinates>
		</Point>
	</Placemark>
	<Placemark id="013B03BE5631A0FF3C11">
		<name>Watering point</name>
		<LookAt>
			<longitude>123.3664635600883</longitude>
			<latitude>-18.34141895833971</latitude>
			<altitude>130.1594973319932</altitude>
			<heading>24.31748277170318</heading>
			<tilt>0</tilt>
			<gx:fovy>35</gx:fovy>
			<range>419.144587570845</range>
			<altitudeMode>absolute</altitudeMode>
		</LookAt>
		<styleUrl>#__managed_style_09302A2EFB31A2032F2B</styleUrl>
		<Point>
			<coordinates>123.3669453601158,-18.34132619841116,130.7303737614799</coordinates>
		</Point>
	</Placemark>
	<Placemark id="06918FB50331A10184E1">
		<name>Watering point</name>
		<LookAt>
			<longitude>123.4551082235842</longitude>
			<latitude>-18.50941520272949</latitude>
			<altitude>113.1432988663524</altitude>
			<heading>24.21121472299883</heading>
			<tilt>0</tilt>
			<gx:fovy>35</gx:fovy>
			<range>145.4512913246253</range>
			<altitudeMode>absolute</altitudeMode>
		</LookAt>
		<styleUrl>#__managed_style_09302A2EFB31A2032F2B</styleUrl>
		<Point>
			<coordinates>123.4552849066449,-18.50939684081732,113.1537969994904</coordinates>
		</Point>
	</Placemark>
	<Placemark id="0003D0F1CB31A101B888">
		<name>Homestead</name>
		<LookAt>
			<longitude>123.4567104865314</longitude>
			<latitude>-18.50765962720086</latitude>
			<altitude>112.728744809428</altitude>
			<heading>24.21033429486949</heading>
			<tilt>0</tilt>
			<gx:fovy>35</gx:fovy>
			<range>706.5881684692432</range>
			<altitudeMode>absolute</altitudeMode>
		</LookAt>
		<styleUrl>#__managed_style_09302A2EFB31A2032F2B</styleUrl>
		<Point>
			<coordinates>123.456947569243,-18.50741073792431,112.4903579561287</coordinates>
		</Point>
	</Placemark>
	<Placemark id="099019C13931A1042BB4">
		<name>Watering point</name>
		<LookAt>
			<longitude>123.4305650388885</longitude>
			<latitude>-18.5131709144877</latitude>
			<altitude>117.9333395492927</altitude>
			<heading>0</heading>
			<tilt>0</tilt>
			<gx:fovy>35</gx:fovy>
			<range>5194.364426577814</range>
			<altitudeMode>absolute</altitudeMode>
		</LookAt>
		<styleUrl>#__managed_style_09302A2EFB31A2032F2B</styleUrl>
		<Point>
			<coordinates>123.4341363421846,-18.51494038114079,115.5837903262692</coordinates>
		</Point>
	</Placemark>
	<Placemark id="0647CFBCC931A104BA52">
		<name>Watering point</name>
		<LookAt>
			<longitude>123.4257340765772</longitude>
			<latitude>-18.53513101171996</latitude>
			<altitude>123.050767982256</altitude>
			<heading>0</heading>
			<tilt>0</tilt>
			<gx:fovy>35</gx:fovy>
			<range>437.2169961852343</range>
			<altitudeMode>absolute</altitudeMode>
		</LookAt>
		<styleUrl>#__managed_style_09302A2EFB31A2032F2B</styleUrl>
		<Point>
			<coordinates>123.4261613503552,-18.53511306333752,123.6535808739207</coordinates>
		</Point>
	</Placemark>
	<Placemark id="0B9C37B25331A1062656">
		<name>Watering point</name>
		<LookAt>
			<longitude>123.4401105815552</longitude>
			<latitude>-18.58210414817797</latitude>
			<altitude>139.2553173756977</altitude>
			<heading>0</heading>
			<tilt>0</tilt>
			<gx:fovy>35</gx:fovy>
			<range>459.3822443601675</range>
			<altitudeMode>absolute</altitudeMode>
		</LookAt>
		<styleUrl>#__managed_style_09302A2EFB31A2032F2B</styleUrl>
		<Point>
			<coordinates>123.4400053046347,-18.58226327052174,139.3845932873078</coordinates>
		</Point>
	</Placemark>
	<Placemark id="0C3656C45E31A107B038">
		<name>Watering point</name>
		<LookAt>
			<longitude>123.5464803153904</longitude>
			<latitude>-18.59376646375895</latitude>
			<altitude>159.6665427538624</altitude>
			<heading>0</heading>
			<tilt>0</tilt>
			<gx:fovy>35</gx:fovy>
			<range>227.7792251864958</range>
			<altitudeMode>absolute</altitudeMode>
		</LookAt>
		<styleUrl>#__managed_style_09302A2EFB31A2032F2B</styleUrl>
		<Point>
			<coordinates>123.5464309020889,-18.59365004753732,159.6868460893272</coordinates>
		</Point>
	</Placemark>
	<Placemark id="0F7F0975FA31A1080B62">
		<name>Watering point</name>
		<LookAt>
			<longitude>123.5678823672752</longitude>
			<latitude>-18.55827014852753</latitude>
			<altitude>117.5184350500084</altitude>
			<heading>0</heading>
			<tilt>0</tilt>
			<gx:fovy>35</gx:fovy>
			<range>445.8172298484715</range>
			<altitudeMode>absolute</altitudeMode>
		</LookAt>
		<styleUrl>#__managed_style_09302A2EFB31A2032F2B</styleUrl>
		<Point>
			<coordinates>123.5677527010612,-18.55825968690442,117.9592913448088</coordinates>
		</Point>
	</Placemark>
	<Placemark id="0F21F74EFF31A10867FC">
		<name>Watering point</name>
		<LookAt>
			<longitude>123.4839624867673</longitude>
			<latitude>-18.51897487732336</latitude>
			<altitude>115.0458097031831</altitude>
			<heading>0</heading>
			<tilt>0</tilt>
			<gx:fovy>35</gx:fovy>
			<range>455.0822434165457</range>
			<altitudeMode>absolute</altitudeMode>
		</LookAt>
		<styleUrl>#__managed_style_09302A2EFB31A2032F2B</styleUrl>
		<Point>
			<coordinates>123.4836441093607,-18.51918326199851,115.1745363018911</coordinates>
		</Point>
	</Placemark>
	<Placemark id="04F67568A031A109FDD1">
		<name>Watering point</name>
		<LookAt>
			<longitude>123.5935282671228</longitude>
			<latitude>-18.48272162350678</latitude>
			<altitude>92.28725472777175</altitude>
			<heading>0</heading>
			<tilt>0</tilt>
			<gx:fovy>35</gx:fovy>
			<range>545.1258726284868</range>
			<altitudeMode>absolute</altitudeMode>
		</LookAt>
		<styleUrl>#__managed_style_09302A2EFB31A2032F2B</styleUrl>
		<Point>
			<coordinates>123.5942958934672,-18.48259974869714,91.20270621865212</coordinates>
		</Point>
	</Placemark>
	<Placemark id="05AF16F7A131A10AAFD3">
		<name>Tanks/watering point</name>
		<LookAt>
			<longitude>123.602182368468</longitude>
			<latitude>-18.55615200537795</latitude>
			<altitude>119.0663572858991</altitude>
			<heading>0</heading>
			<tilt>0</tilt>
			<gx:fovy>35</gx:fovy>
			<range>215.2061655721991</range>
			<altitudeMode>absolute</altitudeMode>
		</LookAt>
		<styleUrl>#__managed_style_09302A2EFB31A2032F2B</styleUrl>
		<Point>
			<coordinates>123.6022610003044,-18.55607493447178,119.1874637538545</coordinates>
		</Point>
	</Placemark>
	<Placemark id="06220D16F531A10B1C3B">
		<name>Homestead</name>
		<LookAt>
			<longitude>123.6118777474585</longitude>
			<latitude>-18.59201857528703</latitude>
			<altitude>135.2395099954205</altitude>
			<heading>0</heading>
			<tilt>0</tilt>
			<gx:fovy>35</gx:fovy>
			<range>4078.188721857733</range>
			<altitudeMode>absolute</altitudeMode>
		</LookAt>
		<styleUrl>#__managed_style_09302A2EFB31A2032F2B</styleUrl>
		<Point>
			<coordinates>123.6116000657634,-18.58862096830151,137.8715526373679</coordinates>
		</Point>
	</Placemark>
	<Placemark id="0E1AD7F94031A10D2275">
		<name>Geegully</name>
		<LookAt>
			<longitude>123.7393106801491</longitude>
			<latitude>-18.45968951270394</latitude>
			<altitude>87.78165438651605</altitude>
			<heading>0</heading>
			<tilt>0</tilt>
			<gx:fovy>35</gx:fovy>
			<range>2381.895134717342</range>
			<altitudeMode>absolute</altitudeMode>
		</LookAt>
		<styleUrl>#__managed_style_09302A2EFB31A2032F2B</styleUrl>
		<Point>
			<coordinates>123.7378501643729,-18.45813620211223,86.08501622207145</coordinates>
		</Point>
	</Placemark>
	<Placemark id="0C19C921D931A10D7F3E">
		<name>Geegully</name>
		<LookAt>
			<longitude>123.726033151132</longitude>
			<latitude>-18.49664886851249</latitude>
			<altitude>89.38056126366868</altitude>
			<heading>0</heading>
			<tilt>0</tilt>
			<gx:fovy>35</gx:fovy>
			<range>806.5363275707932</range>
			<altitudeMode>absolute</altitudeMode>
		</LookAt>
		<styleUrl>#__managed_style_09302A2EFB31A2032F2B</styleUrl>
		<Point>
			<coordinates>123.7266181074654,-18.49546826147109,88.36922618604763</coordinates>
		</Point>
	</Placemark>
	<Placemark id="06ECE8FB9831A10DA2EA">
		<name>Geegully</name>
		<LookAt>
			<longitude>123.7199720027578</longitude>
			<latitude>-18.50057722059336</latitude>
			<altitude>87.97946269014518</altitude>
			<heading>0</heading>
			<tilt>0</tilt>
			<gx:fovy>35</gx:fovy>
			<range>807.9374598072902</range>
			<altitudeMode>absolute</altitudeMode>
		</LookAt>
		<styleUrl>#__managed_style_09302A2EFB31A2032F2B</styleUrl>
		<Point>
			<coordinates>123.7213620705404,-18.49940597455631,88.2893855325905</coordinates>
		</Point>
	</Placemark>
	<Placemark id="0B9F96C49931A10DF6D0">
		<name>Geegully</name>
		<LookAt>
			<longitude>123.7144742882261</longitude>
			<latitude>-18.50726271492693</latitude>
			<altitude>90.32223904488539</altitude>
			<heading>0</heading>
			<tilt>0</tilt>
			<gx:fovy>35</gx:fovy>
			<range>114.6263473552972</range>
			<altitudeMode>absolute</altitudeMode>
		</LookAt>
		<styleUrl>#__managed_style_09302A2EFB31A2032F2B</styleUrl>
		<Point>
			<coordinates>123.7145465957639,-18.50727414293943,90.54113783929409</coordinates>
		</Point>
	</Placemark>
	<Placemark id="001556ABC331A10E16AF">
		<name>Geegully</name>
		<LookAt>
			<longitude>123.7101873648374</longitude>
			<latitude>-18.50863773829062</latitude>
			<altitude>91.85582813535029</altitude>
			<heading>0</heading>
			<tilt>0</tilt>
			<gx:fovy>35</gx:fovy>
			<range>313.9686514009009</range>
			<altitudeMode>absolute</altitudeMode>
		</LookAt>
		<styleUrl>#__managed_style_09302A2EFB31A2032F2B</styleUrl>
		<Point>
			<coordinates>123.7102204351688,-18.50874104115542,91.70184425235705</coordinates>
		</Point>
	</Placemark>
	<Placemark id="0702BA852631A10E3851">
		<name>Geegully</name>
		<LookAt>
			<longitude>123.7080075024716</longitude>
			<latitude>-18.5110794024862</latitude>
			<altitude>90.56584359418819</altitude>
			<heading>0</heading>
			<tilt>0</tilt>
			<gx:fovy>35</gx:fovy>
			<range>315.2586238708682</range>
			<altitudeMode>absolute</altitudeMode>
		</LookAt>
		<styleUrl>#__managed_style_09302A2EFB31A2032F2B</styleUrl>
		<Point>
			<coordinates>123.708023136645,-18.5107550980108,90.25675869940967</coordinates>
		</Point>
	</Placemark>
	<Placemark id="0E157EE84831A10E7025">
		<name>Geegully</name>
		<LookAt>
			<longitude>123.6984017023017</longitude>
			<latitude>-18.51419243216632</latitude>
			<altitude>92.92964150671315</altitude>
			<heading>0</heading>
			<tilt>0</tilt>
			<gx:fovy>35</gx:fovy>
			<range>441.1252029892785</range>
			<altitudeMode>absolute</altitudeMode>
		</LookAt>
		<styleUrl>#__managed_style_09302A2EFB31A2032F2B</styleUrl>
		<Point>
			<coordinates>123.6991611947682,-18.51397403492177,91.28194835451555</coordinates>
		</Point>
	</Placemark>
	<Placemark id="0FA451CF4731A10F3118">
		<name>Geegully</name>
		<LookAt>
			<longitude>123.6772670027819</longitude>
			<latitude>-18.5553686899226</latitude>
			<altitude>100.5073987622771</altitude>
			<heading>0</heading>
			<tilt>0</tilt>
			<gx:fovy>35</gx:fovy>
			<range>1282.152718784928</range>
			<altitudeMode>absolute</altitudeMode>
		</LookAt>
		<styleUrl>#__managed_style_09302A2EFB31A2032F2B</styleUrl>
		<Point>
			<coordinates>123.6776568018731,-18.55340032087125,98.12878446986588</coordinates>
		</Point>
	</Placemark>
	<Placemark id="07EF1123B731A10F55BA">
		<name>Geegully</name>
		<LookAt>
			<longitude>123.6698916920938</longitude>
			<latitude>-18.55774960264876</latitude>
			<altitude>96.79822161977648</altitude>
			<heading>0</heading>
			<tilt>0</tilt>
			<gx:fovy>35</gx:fovy>
			<range>1285.861783655273</range>
			<altitudeMode>absolute</altitudeMode>
		</LookAt>
		<styleUrl>#__managed_style_09302A2EFB31A2032F2B</styleUrl>
		<Point>
			<coordinates>123.6723517736925,-18.555832509576,97.12691145210887</coordinates>
		</Point>
	</Placemark>
	<Placemark id="0ADB0FFA1931A10F75A9">
		<name>Geegully</name>
		<LookAt>
			<longitude>123.6623580380222</longitude>
			<latitude>-18.5674143649587</latitude>
			<altitude>101.0432733586826</altitude>
			<heading>0</heading>
			<tilt>0</tilt>
			<gx:fovy>35</gx:fovy>
			<range>1281.61685268773</range>
			<altitudeMode>absolute</altitudeMode>
		</LookAt>
		<styleUrl>#__managed_style_09302A2EFB31A2032F2B</styleUrl>
		<Point>
			<coordinates>123.661158476564,-18.56678178679712,100.0010013650667</coordinates>
		</Point>
	</Placemark>
	<Placemark id="0B991B7AA531A10FD623">
		<name>Geegully</name>
		<LookAt>
			<longitude>123.6494957227022</longitude>
			<latitude>-18.59158052637627</latitude>
			<altitude>103.598280787527</altitude>
			<heading>0</heading>
			<tilt>0</tilt>
			<gx:fovy>35</gx:fovy>
			<range>835.2627369276888</range>
			<altitudeMode>absolute</altitudeMode>
		</LookAt>
		<styleUrl>#__managed_style_09302A2EFB31A2032F2B</styleUrl>
		<Point>
			<coordinates>123.6490508032088,-18.59190415655537,103.7137441521392</coordinates>
		</Point>
	</Placemark>
	<Placemark id="00BFF5796D31A1103E8F">
		<name>Geegully</name>
		<LookAt>
			<longitude>123.6582846879324</longitude>
			<latitude>-18.59615846352757</latitude>
			<altitude>104.7841789187383</altitude>
			<heading>0</heading>
			<tilt>0</tilt>
			<gx:fovy>35</gx:fovy>
			<range>187.20935227675</range>
			<altitudeMode>absolute</altitudeMode>
		</LookAt>
		<styleUrl>#__managed_style_09302A2EFB31A2032F2B</styleUrl>
		<Point>
			<coordinates>123.65843804546,-18.59639961321328,104.5417663580095</coordinates>
		</Point>
	</Placemark>
	<Placemark id="03343AC5CB31A110600F">
		<name>Geegully</name>
		<LookAt>
			<longitude>123.6546547852838</longitude>
			<latitude>-18.60375350495209</latitude>
			<altitude>106.3017906745299</altitude>
			<heading>1.383259434760961e-19</heading>
			<tilt>0</tilt>
			<gx:fovy>35</gx:fovy>
			<range>606.4751239258476</range>
			<altitudeMode>absolute</altitudeMode>
		</LookAt>
		<styleUrl>#__managed_style_09302A2EFB31A2032F2B</styleUrl>
		<Point>
			<coordinates>123.6559062042951,-18.60273842477001,106.2014695343278</coordinates>
		</Point>
	</Placemark>
	<Placemark id="0A48AA0F1031A1107E6E">
		<name>Geegully</name>
		<LookAt>
			<longitude>123.6543061269278</longitude>
			<latitude>-18.6083179379391</latitude>
			<altitude>105.5799151175476</altitude>
			<heading>0</heading>
			<tilt>0</tilt>
			<gx:fovy>35</gx:fovy>
			<range>607.1969670803084</range>
			<altitudeMode>absolute</altitudeMode>
		</LookAt>
		<styleUrl>#__managed_style_09302A2EFB31A2032F2B</styleUrl>
		<Point>
			<coordinates>123.654110829597,-18.60894438582527,106.5928366005468</coordinates>
		</Point>
	</Placemark>
	<Placemark id="0388A506EB31A1109F7C">
		<name>Geegully</name>
		<LookAt>
			<longitude>123.6663991465492</longitude>
			<latitude>-18.61829180744915</latitude>
			<altitude>108.2784512648809</altitude>
			<heading>0</heading>
			<tilt>0</tilt>
			<gx:fovy>35</gx:fovy>
			<range>604.4984918972477</range>
			<altitudeMode>absolute</altitudeMode>
		</LookAt>
		<styleUrl>#__managed_style_09302A2EFB31A2032F2B</styleUrl>
		<Point>
			<coordinates>123.6651053590461,-18.6181532026797,107.5332364175804</coordinates>
		</Point>
	</Placemark>
	<Placemark id="0C1EFE8DEC31A110E15B">
		<name>Geegully</name>
		<LookAt>
			<longitude>123.6678960529177</longitude>
			<latitude>-18.63670541284062</latitude>
			<altitude>111.1047185172061</altitude>
			<heading>0</heading>
			<tilt>0</tilt>
			<gx:fovy>35</gx:fovy>
			<range>521.463258824515</range>
			<altitudeMode>absolute</altitudeMode>
		</LookAt>
		<styleUrl>#__managed_style_09302A2EFB31A2032F2B</styleUrl>
		<Point>
			<coordinates>123.6671992917724,-18.63623250444184,109.605099946453</coordinates>
		</Point>
	</Placemark>
	<Placemark id="0B5834AE5431A11112BA">
		<name>Geegully</name>
		<LookAt>
			<longitude>123.6724779626961</longitude>
			<latitude>-18.64914421584232</latitude>
			<altitude>110.8638530469132</altitude>
			<heading>359.9999991404968</heading>
			<tilt>0</tilt>
			<gx:fovy>35</gx:fovy>
			<range>105.013322132836</range>
			<altitudeMode>absolute</altitudeMode>
		</LookAt>
		<styleUrl>#__managed_style_09302A2EFB31A2032F2B</styleUrl>
		<Point>
			<coordinates>123.6723886819803,-18.64903677646035,110.8212547808212</coordinates>
		</Point>
	</Placemark>
	<Placemark id="0163BB716231A111487D">
		<name>Geegully</name>
		<LookAt>
			<longitude>123.6759544811599</longitude>
			<latitude>-18.66369948986834</latitude>
			<altitude>113.6435877262442</altitude>
			<heading>0</heading>
			<tilt>0</tilt>
			<gx:fovy>35</gx:fovy>
			<range>491.8474786249863</range>
			<altitudeMode>absolute</altitudeMode>
		</LookAt>
		<styleUrl>#__managed_style_09302A2EFB31A2032F2B</styleUrl>
		<Point>
			<coordinates>123.6768432983664,-18.66435346962966,112.6992761182351</coordinates>
		</Point>
	</Placemark>
	<Placemark id="0AF1C3376231A1116A8E">
		<name>Geegully</name>
		<LookAt>
			<longitude>123.6724664168461</longitude>
			<latitude>-18.68429570137586</latitude>
			<altitude>117.0947493230856</altitude>
			<heading>0</heading>
			<tilt>0</tilt>
			<gx:fovy>35</gx:fovy>
			<range>955.8552301341842</range>
			<altitudeMode>absolute</altitudeMode>
		</LookAt>
		<styleUrl>#__managed_style_09302A2EFB31A2032F2B</styleUrl>
		<Point>
			<coordinates>123.6708253987798,-18.68465053242089,113.6608283763468</coordinates>
		</Point>
	</Placemark>
	<Placemark id="05BEC58F2B31A111DEA3">
		<name>Geegully</name>
		<LookAt>
			<longitude>123.650500056086</longitude>
			<latitude>-18.67881331454227</latitude>
			<altitude>117.0560547241293</altitude>
			<heading>0</heading>
			<tilt>0</tilt>
			<gx:fovy>35</gx:fovy>
			<range>320.7486322984187</range>
			<altitudeMode>absolute</altitudeMode>
		</LookAt>
		<styleUrl>#__managed_style_09302A2EFB31A2032F2B</styleUrl>
		<Point>
			<coordinates>123.6506113603884,-18.67880013430863,117.2031145117758</coordinates>
		</Point>
	</Placemark>
	<Placemark id="087D467F9531A1126698">
		<name>Geegully</name>
		<LookAt>
			<longitude>123.5992620517617</longitude>
			<latitude>-18.72920611217418</latitude>
			<altitude>125.0657876240365</altitude>
			<heading>0</heading>
			<tilt>0</tilt>
			<gx:fovy>35</gx:fovy>
			<range>170.7142024763926</range>
			<altitudeMode>absolute</altitudeMode>
		</LookAt>
		<styleUrl>#__managed_style_09302A2EFB31A2032F2B</styleUrl>
		<Point>
			<coordinates>123.5991869176386,-18.72908584918637,125.2056712077666</coordinates>
		</Point>
	</Placemark>
	<Placemark id="0F3741AC8031A1159224">
		<name>Irrigation</name>
		<LookAt>
			<longitude>122.7522904590484</longitude>
			<latitude>-17.7088185455357</latitude>
			<altitude>46.59141868112736</altitude>
			<heading>0</heading>
			<tilt>0</tilt>
			<gx:fovy>35</gx:fovy>
			<range>14218.45370987663</range>
			<altitudeMode>absolute</altitudeMode>
		</LookAt>
		<styleUrl>#__managed_style_09302A2EFB31A2032F2B</styleUrl>
		<Point>
			<coordinates>122.7273171358838,-17.70506058137008,46.58005263527351</coordinates>
		</Point>
	</Placemark>
	<Placemark id="032561403731A11604B0">
		<name>Lake Eda</name>
		<LookAt>
			<longitude>122.6419495901213</longitude>
			<latitude>-17.88486727339134</latitude>
			<altitude>9.136183790550039</altitude>
			<heading>0</heading>
			<tilt>0</tilt>
			<gx:fovy>35</gx:fovy>
			<range>4499.757732676808</range>
			<altitudeMode>absolute</altitudeMode>
		</LookAt>
		<styleUrl>#__managed_style_09302A2EFB31A2032F2B</styleUrl>
		<Point>
			<coordinates>122.6454748774484,-17.88531632556751,9.152474155761688</coordinates>
		</Point>
	</Placemark>
	<Placemark id="0D73BED71631A11699F7">
		<name>Irrigation</name>
		<LookAt>
			<longitude>122.418863163886</longitude>
			<latitude>-17.8574221584568</latitude>
			<altitude>31.27088192599525</altitude>
			<heading>0</heading>
			<tilt>0</tilt>
			<gx:fovy>35</gx:fovy>
			<range>10139.9972403911</range>
			<altitudeMode>absolute</altitudeMode>
		</LookAt>
		<styleUrl>#__managed_style_09302A2EFB31A2032F2B</styleUrl>
		<Point>
			<coordinates>122.4177380002147,-17.85159119565749,36.26786507657887</coordinates>
		</Point>
	</Placemark>
	<Placemark id="07519EF80D31A116E7DF">
		<name>Crocodile park</name>
		<LookAt>
			<longitude>122.3416549445422</longitude>
			<latitude>-17.8768799148073</latitude>
			<altitude>42.15381171897845</altitude>
			<heading>0</heading>
			<tilt>0</tilt>
			<gx:fovy>35</gx:fovy>
			<range>1803.487017446605</range>
			<altitudeMode>absolute</altitudeMode>
		</LookAt>
		<styleUrl>#__managed_style_09302A2EFB31A2032F2B</styleUrl>
		<Point>
			<coordinates>122.3378337838988,-17.87832819025757,44.94792780844575</coordinates>
		</Point>
	</Placemark>
	<Placemark id="0CA8B4042E31A117E143">
		<name>Roadside ditch</name>
		<LookAt>
			<longitude>122.5563693984842</longitude>
			<latitude>-17.82817025899017</latitude>
			<altitude>17.7034959627979</altitude>
			<heading>0</heading>
			<tilt>0</tilt>
			<gx:fovy>35</gx:fovy>
			<range>329.4287359690498</range>
			<altitudeMode>absolute</altitudeMode>
		</LookAt>
		<styleUrl>#__managed_style_09302A2EFB31A2032F2B</styleUrl>
		<Point>
			<coordinates>122.5563186348795,-17.82850080720414,17.88364757068431</coordinates>
		</Point>
	</Placemark>
	<Placemark id="09D3D2D7AA31A1181856">
		<name>Lagoon</name>
		<LookAt>
			<longitude>122.5681915446925</longitude>
			<latitude>-17.81254672732974</latitude>
			<altitude>18.9739317818916</altitude>
			<heading>0</heading>
			<tilt>0</tilt>
			<gx:fovy>35</gx:fovy>
			<range>873.1255705314106</range>
			<altitudeMode>absolute</altitudeMode>
		</LookAt>
		<styleUrl>#__managed_style_09302A2EFB31A2032F2B</styleUrl>
		<Point>
			<coordinates>122.5667132149511,-17.81195599658393,17.13853304475253</coordinates>
		</Point>
	</Placemark>
	<Placemark id="026BF1FDAC31A1186155">
		<name>Tank</name>
		<LookAt>
			<longitude>122.5971227801746</longitude>
			<latitude>-17.77918303933185</latitude>
			<altitude>39.03520060461175</altitude>
			<heading>0</heading>
			<tilt>0</tilt>
			<gx:fovy>35</gx:fovy>
			<range>145.400764158021</range>
			<altitudeMode>absolute</altitudeMode>
		</LookAt>
		<styleUrl>#__managed_style_09302A2EFB31A2032F2B</styleUrl>
		<Point>
			<coordinates>122.5971416048028,-17.77896793257073,39.07889843982305</coordinates>
		</Point>
	</Placemark>
	<Placemark id="0D1690780231A118BF5D">
		<name>Lagoon/watering point</name>
		<LookAt>
			<longitude>122.6533298675648</longitude>
			<latitude>-17.82770836830729</latitude>
			<altitude>14.62768792726683</altitude>
			<heading>0</heading>
			<tilt>0</tilt>
			<gx:fovy>35</gx:fovy>
			<range>537.9751196740108</range>
			<altitudeMode>absolute</altitudeMode>
		</LookAt>
		<styleUrl>#__managed_style_09302A2EFB31A2032F2B</styleUrl>
		<Point>
			<coordinates>122.6539516836268,-17.82811355650443,13.40666050874516</coordinates>
		</Point>
	</Placemark>
	<Placemark id="0341520E4331A1198BDF">
		<name>Watering point</name>
		<LookAt>
			<longitude>122.8693865770801</longitude>
			<latitude>-17.68055805040859</latitude>
			<altitude>57.85498053986829</altitude>
			<heading>0</heading>
			<tilt>0</tilt>
			<gx:fovy>35</gx:fovy>
			<range>806.7261984647484</range>
			<altitudeMode>absolute</altitudeMode>
		</LookAt>
		<styleUrl>#__managed_style_09302A2EFB31A2032F2B</styleUrl>
		<Point>
			<coordinates>122.8697196216222,-17.68109321814232,57.92018513763989</coordinates>
		</Point>
	</Placemark>
	<Placemark id="02B206AA9131A119D091">
		<name>Watering point</name>
		<LookAt>
			<longitude>122.8447690874497</longitude>
			<latitude>-17.62644504296575</latitude>
			<altitude>100.1563524126338</altitude>
			<heading>0</heading>
			<tilt>0</tilt>
			<gx:fovy>35</gx:fovy>
			<range>3467.251307437546</range>
			<altitudeMode>absolute</altitudeMode>
		</LookAt>
		<styleUrl>#__managed_style_09302A2EFB31A2032F2B</styleUrl>
		<Point>
			<coordinates>122.853577584162,-17.63122150678762,105.2415926263989</coordinates>
		</Point>
	</Placemark>
	<Placemark id="04491557FC31A11A467F">
		<name>Watering point</name>
		<LookAt>
			<longitude>122.7148962156332</longitude>
			<latitude>-17.68157830691314</latitude>
			<altitude>48.64509900001025</altitude>
			<heading>0</heading>
			<tilt>0</tilt>
			<gx:fovy>35</gx:fovy>
			<range>969.0535750240088</range>
			<altitudeMode>absolute</altitudeMode>
		</LookAt>
		<styleUrl>#__managed_style_09302A2EFB31A2032F2B</styleUrl>
		<Point>
			<coordinates>122.7156664802832,-17.68125972280473,48.69998624900551</coordinates>
		</Point>
	</Placemark>
	<Placemark id="0769FD79B431A11A8778">
		<name>Dam</name>
		<LookAt>
			<longitude>122.7154407854471</longitude>
			<latitude>-17.69187840631317</latitude>
			<altitude>44.3181549048969</altitude>
			<heading>0</heading>
			<tilt>0</tilt>
			<gx:fovy>35</gx:fovy>
			<range>1038.608994440292</range>
			<altitudeMode>absolute</altitudeMode>
		</LookAt>
		<styleUrl>#__managed_style_09302A2EFB31A2032F2B</styleUrl>
		<Point>
			<coordinates>122.7158823852748,-17.69167109705235,44.3678556154083</coordinates>
		</Point>
	</Placemark>
	<Placemark id="08EDA2EAA431A11AACA0">
		<name>Watering point</name>
		<LookAt>
			<longitude>122.6391240388549</longitude>
			<latitude>-17.70244246425668</latitude>
			<altitude>76.18886442911365</altitude>
			<heading>0</heading>
			<tilt>0</tilt>
			<gx:fovy>35</gx:fovy>
			<range>12757.83477396704</range>
			<altitudeMode>absolute</altitudeMode>
		</LookAt>
		<styleUrl>#__managed_style_09302A2EFB31A2032F2B</styleUrl>
		<Point>
			<coordinates>122.6228383105485,-17.68130351232444,66.39125031349546</coordinates>
		</Point>
	</Placemark>
	<Placemark id="0F4936C71831A11BE50B">
		<name>Watering point</name>
		<LookAt>
			<longitude>122.809297153416</longitude>
			<latitude>-17.6820576017064</latitude>
			<altitude>52.90998310647654</altitude>
			<heading>0</heading>
			<tilt>0</tilt>
			<gx:fovy>35</gx:fovy>
			<range>1426.542024095688</range>
			<altitudeMode>absolute</altitudeMode>
		</LookAt>
		<styleUrl>#__managed_style_09302A2EFB31A2032F2B</styleUrl>
		<Point>
			<coordinates>122.8077676933774,-17.68198222312589,52.96897539444026</coordinates>
		</Point>
	</Placemark>
	<Placemark id="07A979773931A11C4015">
		<name>Watering point</name>
		<LookAt>
			<longitude>122.813559417153</longitude>
			<latitude>-17.75993411048243</latitude>
			<altitude>36.8812514770683</altitude>
			<heading>0</heading>
			<tilt>0</tilt>
			<gx:fovy>35</gx:fovy>
			<range>476.9817835924188</range>
			<altitudeMode>absolute</altitudeMode>
		</LookAt>
		<styleUrl>#__managed_style_09302A2EFB31A2032F2B</styleUrl>
		<Point>
			<coordinates>122.8139862828615,-17.75947992506774,36.34106583621404</coordinates>
		</Point>
	</Placemark>
	<Placemark id="0A8209E04731A11C7EE6">
		<name>LAgoon</name>
		<LookAt>
			<longitude>122.8377649776462</longitude>
			<latitude>-17.78165556492009</latitude>
			<altitude>35.86492670190709</altitude>
			<heading>0</heading>
			<tilt>0</tilt>
			<gx:fovy>35</gx:fovy>
			<range>852.3387869008002</range>
			<altitudeMode>absolute</altitudeMode>
		</LookAt>
		<styleUrl>#__managed_style_09302A2EFB31A2032F2B</styleUrl>
		<Point>
			<coordinates>122.8372712658677,-17.78142050105244,36.32289709767182</coordinates>
		</Point>
	</Placemark>
	<Placemark id="0C39A9912231A11CD3E2">
		<name>Lagoon</name>
		<LookAt>
			<longitude>122.9336587635807</longitude>
			<latitude>-17.72239218714285</latitude>
			<altitude>60.98331279265982</altitude>
			<heading>0</heading>
			<tilt>0</tilt>
			<gx:fovy>35</gx:fovy>
			<range>2319.920459078858</range>
			<altitudeMode>absolute</altitudeMode>
		</LookAt>
		<styleUrl>#__managed_style_09302A2EFB31A2032F2B</styleUrl>
		<Point>
			<coordinates>122.9378493387064,-17.72055294399586,60.34072777852521</coordinates>
		</Point>
	</Placemark>
	<Placemark id="02ED2BB09831A11D3CAB">
		<name>Watering point</name>
		<LookAt>
			<longitude>122.9351822683384</longitude>
			<latitude>-17.7738146913979</latitude>
			<altitude>51.59332088391209</altitude>
			<heading>0</heading>
			<tilt>0</tilt>
			<gx:fovy>35</gx:fovy>
			<range>473.2032786343916</range>
			<altitudeMode>absolute</altitudeMode>
		</LookAt>
		<styleUrl>#__managed_style_09302A2EFB31A2032F2B</styleUrl>
		<Point>
			<coordinates>122.9358289253487,-17.7734402217393,52.36242638073576</coordinates>
		</Point>
	</Placemark>
	<Placemark id="0FA0772A8331A11D8112">
		<name>Watering point</name>
		<LookAt>
			<longitude>123.0236142087684</longitude>
			<latitude>-17.77029948940652</latitude>
			<altitude>107.7843574092065</altitude>
			<heading>0</heading>
			<tilt>0</tilt>
			<gx:fovy>35</gx:fovy>
			<range>601.293632523375</range>
			<altitudeMode>absolute</altitudeMode>
		</LookAt>
		<styleUrl>#__managed_style_09302A2EFB31A2032F2B</styleUrl>
		<Point>
			<coordinates>123.0249280775564,-17.76969509890169,107.1446800740376</coordinates>
		</Point>
	</Placemark>
	<Placemark id="0360A7972D31A11E731E">
		<name>Dam</name>
		<LookAt>
			<longitude>123.0201321640407</longitude>
			<latitude>-17.98433312594377</latitude>
			<altitude>54.99947216280271</altitude>
			<heading>0</heading>
			<tilt>0</tilt>
			<gx:fovy>35</gx:fovy>
			<range>405.8362417944591</range>
			<altitudeMode>absolute</altitudeMode>
		</LookAt>
		<styleUrl>#__managed_style_09302A2EFB31A2032F2B</styleUrl>
		<Point>
			<coordinates>123.0203452866338,-17.98408510416933,54.66840120652249</coordinates>
		</Point>
	</Placemark>
	<Placemark id="044EF9A79B31A11EA846">
		<name>Watering point</name>
		<LookAt>
			<longitude>123.0732117102048</longitude>
			<latitude>-17.95125119903211</latitude>
			<altitude>67.12712091559624</altitude>
			<heading>0</heading>
			<tilt>0</tilt>
			<gx:fovy>35</gx:fovy>
			<range>870.1490105112316</range>
			<altitudeMode>absolute</altitudeMode>
		</LookAt>
		<styleUrl>#__managed_style_09302A2EFB31A2032F2B</styleUrl>
		<Point>
			<coordinates>123.0727552647451,-17.95107750836621,67.16621506972214</coordinates>
		</Point>
	</Placemark>
	<Placemark id="07BC5532C731A11F258B">
		<name>Watering point</name>
		<LookAt>
			<longitude>123.1634830449199</longitude>
			<latitude>-17.93296198827337</latitude>
			<altitude>60.95796386503445</altitude>
			<heading>0</heading>
			<tilt>0</tilt>
			<gx:fovy>35</gx:fovy>
			<range>730.4801477964794</range>
			<altitudeMode>absolute</altitudeMode>
		</LookAt>
		<styleUrl>#__managed_style_09302A2EFB31A2032F2B</styleUrl>
		<Point>
			<coordinates>123.1640772628909,-17.93319326626108,61.95442221956631</coordinates>
		</Point>
	</Placemark>
	<Placemark id="0B1387D4DD31A11F5982">
		<name>Lagoon</name>
		<LookAt>
			<longitude>123.1678536449338</longitude>
			<latitude>-17.95538678488104</latitude>
			<altitude>65.38079423758275</altitude>
			<heading>0</heading>
			<tilt>0</tilt>
			<gx:fovy>35</gx:fovy>
			<range>400.6782988329361</range>
			<altitudeMode>absolute</altitudeMode>
		</LookAt>
		<styleUrl>#__managed_style_09302A2EFB31A2032F2B</styleUrl>
		<Point>
			<coordinates>123.1677745565159,-17.954918905681,65.63903385973708</coordinates>
		</Point>
	</Placemark>
	<Placemark id="09F129FD5031A11FA7CE">
		<name>Lagoon</name>
		<LookAt>
			<longitude>123.2353606571569</longitude>
			<latitude>-18.01672892057304</latitude>
			<altitude>77.79196858504018</altitude>
			<heading>0</heading>
			<tilt>0</tilt>
			<gx:fovy>35</gx:fovy>
			<range>1275.687466509116</range>
			<altitudeMode>absolute</altitudeMode>
		</LookAt>
		<styleUrl>#__managed_style_09302A2EFB31A2032F2B</styleUrl>
		<Point>
			<coordinates>123.234856368595,-18.01685630316803,77.18744401253727</coordinates>
		</Point>
	</Placemark>
	<Placemark id="08074F99E331A120038D">
		<name>Watering point</name>
		<LookAt>
			<longitude>123.2235416736572</longitude>
			<latitude>-17.99612813169104</latitude>
			<altitude>70.27685994483394</altitude>
			<heading>0</heading>
			<tilt>0</tilt>
			<gx:fovy>35</gx:fovy>
			<range>451.6634084453835</range>
			<altitudeMode>absolute</altitudeMode>
		</LookAt>
		<styleUrl>#__managed_style_09302A2EFB31A2032F2B</styleUrl>
		<Point>
			<coordinates>123.2238759437757,-17.9960645480301,70.73786428741866</coordinates>
		</Point>
	</Placemark>
	<Placemark id="0E06DCA06131A12076E9">
		<name>Watering point</name>
		<LookAt>
			<longitude>123.2813132443611</longitude>
			<latitude>-17.93941448116858</latitude>
			<altitude>55.63703621437636</altitude>
			<heading>0</heading>
			<tilt>0</tilt>
			<gx:fovy>35</gx:fovy>
			<range>289.3784932481503</range>
			<altitudeMode>absolute</altitudeMode>
		</LookAt>
		<styleUrl>#__managed_style_09302A2EFB31A2032F2B</styleUrl>
		<Point>
			<coordinates>123.2814186052897,-17.93954020400735,55.67886035643522</coordinates>
		</Point>
	</Placemark>
	<Placemark id="07369A29D531A120C3E5">
		<name>Watering point</name>
		<LookAt>
			<longitude>123.2942168787636</longitude>
			<latitude>-17.86134640318309</latitude>
			<altitude>39.97195053735287</altitude>
			<heading>0</heading>
			<tilt>0</tilt>
			<gx:fovy>35</gx:fovy>
			<range>513.8728268101841</range>
			<altitudeMode>absolute</altitudeMode>
		</LookAt>
		<styleUrl>#__managed_style_09302A2EFB31A2032F2B</styleUrl>
		<Point>
			<coordinates>123.2933331102807,-17.86092430659788,40.32614974661649</coordinates>
		</Point>
	</Placemark>
	<Placemark id="07B3D21F0331A120F75B">
		<name>Watering point</name>
		<LookAt>
			<longitude>123.3410707889246</longitude>
			<latitude>-17.86404052948286</latitude>
			<altitude>36.57207589779473</altitude>
			<heading>0</heading>
			<tilt>0</tilt>
			<gx:fovy>35</gx:fovy>
			<range>471.5812638759963</range>
			<altitudeMode>absolute</altitudeMode>
		</LookAt>
		<styleUrl>#__managed_style_09302A2EFB31A2032F2B</styleUrl>
		<Point>
			<coordinates>123.3414756785891,-17.86391854179538,35.94047808566642</coordinates>
		</Point>
	</Placemark>
	<Placemark id="09F7176F0831A121A887">
		<name>Lagoon</name>
		<LookAt>
			<longitude>123.3885861969219</longitude>
			<latitude>-17.90298894221497</latitude>
			<altitude>36.33640832103949</altitude>
			<heading>0</heading>
			<tilt>0</tilt>
			<gx:fovy>35</gx:fovy>
			<range>3808.432986845147</range>
			<altitudeMode>absolute</altitudeMode>
		</LookAt>
		<styleUrl>#__managed_style_09302A2EFB31A2032F2B</styleUrl>
		<Point>
			<coordinates>123.3912889336865,-17.90298892351041,35.35628472865902</coordinates>
		</Point>
	</Placemark>
	<Placemark id="0127AF381531A121D919">
		<name>Lagoon</name>
		<LookAt>
			<longitude>123.3864618512398</longitude>
			<latitude>-17.91437623429351</latitude>
			<altitude>38.40919343825013</altitude>
			<heading>0</heading>
			<tilt>0</tilt>
			<gx:fovy>35</gx:fovy>
			<range>1186.234170752869</range>
			<altitudeMode>absolute</altitudeMode>
		</LookAt>
		<styleUrl>#__managed_style_09302A2EFB31A2032F2B</styleUrl>
		<Point>
			<coordinates>123.3876108620703,-17.91388876911062,38.49425415489381</coordinates>
		</Point>
	</Placemark>
	<Placemark id="0F42A1B6C831A1222B19">
		<name>Dam</name>
		<LookAt>
			<longitude>123.223931050018</longitude>
			<latitude>-17.80317059996593</latitude>
			<altitude>51.8290867433648</altitude>
			<heading>0</heading>
			<tilt>0</tilt>
			<gx:fovy>35</gx:fovy>
			<range>269.6408204749605</range>
			<altitudeMode>absolute</altitudeMode>
		</LookAt>
		<styleUrl>#__managed_style_09302A2EFB31A2032F2B</styleUrl>
		<Point>
			<coordinates>123.2243673038778,-17.80321181866287,51.48010527703308</coordinates>
		</Point>
	</Placemark>
	<Placemark id="086D3F271B31A123201A">
		<name>Watering point</name>
		<LookAt>
			<longitude>122.9018583385234</longitude>
			<latitude>-17.86215486205439</latitude>
			<altitude>50.43696870870731</altitude>
			<heading>0</heading>
			<tilt>0</tilt>
			<gx:fovy>35</gx:fovy>
			<range>1207.159000165266</range>
			<altitudeMode>absolute</altitudeMode>
		</LookAt>
		<styleUrl>#__managed_style_09302A2EFB31A2032F2B</styleUrl>
		<Point>
			<coordinates>122.9025132239743,-17.86182195152188,51.11250002052243</coordinates>
		</Point>
	</Placemark>
	<Placemark id="041F1D386831A12490AF">
		<name>Water</name>
		<LookAt>
			<longitude>122.9722294440799</longitude>
			<latitude>-17.45312968980477</latitude>
			<altitude>104.9334938929362</altitude>
			<heading>0</heading>
			<tilt>0</tilt>
			<gx:fovy>35</gx:fovy>
			<range>5973.566391409258</range>
			<altitudeMode>absolute</altitudeMode>
		</LookAt>
		<styleUrl>#__managed_style_09302A2EFB31A2032F2B</styleUrl>
		<Point>
			<coordinates>122.9781518645983,-17.45056787089045,101.0315099812621</coordinates>
		</Point>
	</Placemark>
	<Placemark id="0D6CCA0DC231A124D8C7">
		<name>Water</name>
		<LookAt>
			<longitude>122.9591354122656</longitude>
			<latitude>-17.42499251822703</latitude>
			<altitude>115.2518574340167</altitude>
			<heading>0</heading>
			<tilt>0</tilt>
			<gx:fovy>35</gx:fovy>
			<range>336.7301201417649</range>
			<altitudeMode>absolute</altitudeMode>
		</LookAt>
		<styleUrl>#__managed_style_09302A2EFB31A2032F2B</styleUrl>
		<Point>
			<coordinates>122.9588397088314,-17.42474589738224,116.0355616830183</coordinates>
		</Point>
	</Placemark>
	<Placemark id="0C7DC7EAA031A1260EE6">
		<name>Likely water</name>
		<LookAt>
			<longitude>123.0734978101817</longitude>
			<latitude>-17.71300931814654</latitude>
			<altitude>100.3346613498625</altitude>
			<heading>0</heading>
			<tilt>0</tilt>
			<gx:fovy>35</gx:fovy>
			<range>2039.177614865766</range>
			<altitudeMode>absolute</altitudeMode>
		</LookAt>
		<styleUrl>#__managed_style_09302A2EFB31A2032F2B</styleUrl>
		<Point>
			<coordinates>123.0771041508869,-17.71150106034452,100.6584240909898</coordinates>
		</Point>
	</Placemark>
	<Placemark id="09D057818131A126AC55">
		<name>Watering point</name>
		<LookAt>
			<longitude>123.1765746126843</longitude>
			<latitude>-17.58524329475188</latitude>
			<altitude>49.47629741530841</altitude>
			<heading>0</heading>
			<tilt>0</tilt>
			<gx:fovy>35</gx:fovy>
			<range>949.1455005403261</range>
			<altitudeMode>absolute</altitudeMode>
		</LookAt>
		<styleUrl>#__managed_style_09302A2EFB31A2032F2B</styleUrl>
		<Point>
			<coordinates>123.1779106613134,-17.5856063811882,47.38062347799781</coordinates>
		</Point>
	</Placemark>
	<Placemark id="0C5AE9A0CE31A126E4F5">
		<name>Dam</name>
		<LookAt>
			<longitude>123.1731037873036</longitude>
			<latitude>-17.59584527473151</latitude>
			<altitude>55.08557194788612</altitude>
			<heading>0</heading>
			<tilt>0</tilt>
			<gx:fovy>35</gx:fovy>
			<range>420.4419768726075</range>
			<altitudeMode>absolute</altitudeMode>
		</LookAt>
		<styleUrl>#__managed_style_09302A2EFB31A2032F2B</styleUrl>
		<Point>
			<coordinates>123.1729354752324,-17.59589957653169,55.1471761963452</coordinates>
		</Point>
	</Placemark>
	<Placemark id="01816EA06531A1270BC1">
		<name>Dam</name>
		<LookAt>
			<longitude>123.1718935409067</longitude>
			<latitude>-17.60965135598363</latitude>
			<altitude>57.03200678708924</altitude>
			<heading>0</heading>
			<tilt>0</tilt>
			<gx:fovy>35</gx:fovy>
			<range>213.0363482529356</range>
			<altitudeMode>absolute</altitudeMode>
		</LookAt>
		<styleUrl>#__managed_style_09302A2EFB31A2032F2B</styleUrl>
		<Point>
			<coordinates>123.1723549602989,-17.60992701134222,56.7002833584926</coordinates>
		</Point>
	</Placemark>
	<Placemark id="0869C4F67A31A127544D">
		<name>Dam</name>
		<LookAt>
			<longitude>123.1701747300229</longitude>
			<latitude>-17.63686445908368</latitude>
			<altitude>56.00052823603959</altitude>
			<heading>0</heading>
			<tilt>0</tilt>
			<gx:fovy>35</gx:fovy>
			<range>882.0978973747697</range>
			<altitudeMode>absolute</altitudeMode>
		</LookAt>
		<styleUrl>#__managed_style_09302A2EFB31A2032F2B</styleUrl>
		<Point>
			<coordinates>123.1745773304353,-17.63843971908488,52.57772891461841</coordinates>
		</Point>
	</Placemark>
	<Placemark id="0ECA980B5931A127EDCC">
		<name>Dam</name>
		<LookAt>
			<longitude>123.1666582090241</longitude>
			<latitude>-17.64590769688549</latitude>
			<altitude>66.15778424011619</altitude>
			<heading>0</heading>
			<tilt>0</tilt>
			<gx:fovy>35</gx:fovy>
			<range>852.4682106156251</range>
			<altitudeMode>absolute</altitudeMode>
		</LookAt>
		<styleUrl>#__managed_style_09302A2EFB31A2032F2B</styleUrl>
		<Point>
			<coordinates>123.1651759553566,-17.64700463450512,65.49438499136491</coordinates>
		</Point>
	</Placemark>
	<Placemark id="00BD44018E31A129DECD">
		<name>Watering point</name>
		<LookAt>
			<longitude>123.4321522490997</longitude>
			<latitude>-18.01999746049835</latitude>
			<altitude>71.67544317306501</altitude>
			<heading>0</heading>
			<tilt>0</tilt>
			<gx:fovy>35</gx:fovy>
			<range>478.6583120645082</range>
			<altitudeMode>absolute</altitudeMode>
		</LookAt>
		<styleUrl>#__managed_style_09302A2EFB31A2032F2B</styleUrl>
		<Point>
			<coordinates>123.4329105381846,-18.02007321595531,72.4746856186225</coordinates>
		</Point>
	</Placemark>
	<Placemark id="0FAA6C286731A12A45A9">
		<name>Watering point</name>
		<LookAt>
			<longitude>123.2614216589219</longitude>
			<latitude>-18.05511444337174</latitude>
			<altitude>76.39461386294199</altitude>
			<heading>0</heading>
			<tilt>0</tilt>
			<gx:fovy>35</gx:fovy>
			<range>847.3556030384498</range>
			<altitudeMode>absolute</altitudeMode>
		</LookAt>
		<styleUrl>#__managed_style_09302A2EFB31A2032F2B</styleUrl>
		<Point>
			<coordinates>123.2621125676113,-18.0542933289155,76.15080109837106</coordinates>
		</Point>
	</Placemark>
	<Placemark id="07D4E6683D31A12B5A4B">
		<name>Watering point</name>
		<LookAt>
			<longitude>123.571158245366</longitude>
			<latitude>-18.09860047236675</latitude>
			<altitude>84.73905563662996</altitude>
			<heading>359.9999991404968</heading>
			<tilt>0</tilt>
			<gx:fovy>35</gx:fovy>
			<range>949.263335455471</range>
			<altitudeMode>absolute</altitudeMode>
		</LookAt>
		<styleUrl>#__managed_style_09302A2EFB31A2032F2B</styleUrl>
		<Point>
			<coordinates>123.5737737044094,-18.09904538519556,86.73802619907499</coordinates>
		</Point>
	</Placemark>
	<Placemark id="0AC6D80CC931A12BBEAA">
		<name>Watering point</name>
		<LookAt>
			<longitude>123.6163020554647</longitude>
			<latitude>-18.1470649917101</latitude>
			<altitude>97.40474090809732</altitude>
			<heading>0</heading>
			<tilt>0</tilt>
			<gx:fovy>35</gx:fovy>
			<range>415.0504964199354</range>
			<altitudeMode>absolute</altitudeMode>
		</LookAt>
		<styleUrl>#__managed_style_09302A2EFB31A2032F2B</styleUrl>
		<Point>
			<coordinates>123.6161660621747,-18.147640424308,97.22820622932005</coordinates>
		</Point>
	</Placemark>
	<Placemark id="0474F12E0E31A12C19E7">
		<name>Water</name>
		<LookAt>
			<longitude>123.6370784030827</longitude>
			<latitude>-18.17137119164084</latitude>
			<altitude>82.58125292338494</altitude>
			<heading>0</heading>
			<tilt>0</tilt>
			<gx:fovy>35</gx:fovy>
			<range>776.8267244490563</range>
			<altitudeMode>absolute</altitudeMode>
		</LookAt>
		<styleUrl>#__managed_style_09302A2EFB31A2032F2B</styleUrl>
		<Point>
			<coordinates>123.638154809605,-18.17050369510298,81.7715909935576</coordinates>
		</Point>
	</Placemark>
	<Placemark id="0139CB2ECF31A12C4FDB">
		<name>Lagoon</name>
		<LookAt>
			<longitude>123.6697649366398</longitude>
			<latitude>-18.19331193832717</latitude>
			<altitude>60.9639515199921</altitude>
			<heading>0</heading>
			<tilt>0</tilt>
			<gx:fovy>35</gx:fovy>
			<range>369.613872318223</range>
			<altitudeMode>absolute</altitudeMode>
		</LookAt>
		<styleUrl>#__managed_style_09302A2EFB31A2032F2B</styleUrl>
		<Point>
			<coordinates>123.6696827107645,-18.19306457310498,61.03212745175465</coordinates>
		</Point>
	</Placemark>
	<Placemark id="0FD514561F31A12DB756">
		<name>Homestead</name>
		<LookAt>
			<longitude>123.7374476429874</longitude>
			<latitude>-17.9463861054896</latitude>
			<altitude>32.68793008586372</altitude>
			<heading>0</heading>
			<tilt>0</tilt>
			<gx:fovy>35</gx:fovy>
			<range>402.3960370766873</range>
			<altitudeMode>absolute</altitudeMode>
		</LookAt>
		<styleUrl>#__managed_style_09302A2EFB31A2032F2B</styleUrl>
		<Point>
			<coordinates>123.7379694373733,-17.94642629006617,32.4675485833284</coordinates>
		</Point>
	</Placemark>
	<Placemark id="04FFA5008B31A12DF121">
		<name>Dam</name>
		<LookAt>
			<longitude>123.7275124327804</longitude>
			<latitude>-17.94066872767632</latitude>
			<altitude>39.95262806707607</altitude>
			<heading>359.9999991404968</heading>
			<tilt>0</tilt>
			<gx:fovy>35</gx:fovy>
			<range>987.0836149867685</range>
			<altitudeMode>absolute</altitudeMode>
		</LookAt>
		<styleUrl>#__managed_style_09302A2EFB31A2032F2B</styleUrl>
		<Point>
			<coordinates>123.73061454994,-17.93983046558862,35.52871966369315</coordinates>
		</Point>
	</Placemark>
	<Placemark id="034654D0F031A12E37A4">
		<name>Watering point</name>
		<LookAt>
			<longitude>123.6743380119894</longitude>
			<latitude>-17.91079419282616</latitude>
			<altitude>39.95090430244146</altitude>
			<heading>0</heading>
			<tilt>0</tilt>
			<gx:fovy>35</gx:fovy>
			<range>488.8019884243113</range>
			<altitudeMode>absolute</altitudeMode>
		</LookAt>
		<styleUrl>#__managed_style_09302A2EFB31A2032F2B</styleUrl>
		<Point>
			<coordinates>123.6747114777676,-17.91119541160302,40.63326232137712</coordinates>
		</Point>
	</Placemark>
	<Placemark id="0A32F5588731A12EB538">
		<name>Watering point</name>
		<LookAt>
			<longitude>123.586108626345</longitude>
			<latitude>-17.89141278047713</latitude>
			<altitude>51.52261064001921</altitude>
			<heading>0</heading>
			<tilt>0</tilt>
			<gx:fovy>35</gx:fovy>
			<range>462.5012539060117</range>
			<altitudeMode>absolute</altitudeMode>
		</LookAt>
		<styleUrl>#__managed_style_09302A2EFB31A2032F2B</styleUrl>
		<Point>
			<coordinates>123.5872272026905,-17.89112555979014,50.19652558677389</coordinates>
		</Point>
	</Placemark>
	<Placemark id="06C05AC6E431A12ED770">
		<name>Dam</name>
		<LookAt>
			<longitude>123.5812194648209</longitude>
			<latitude>-17.88793803963414</latitude>
			<altitude>56.1134168486207</altitude>
			<heading>0</heading>
			<tilt>0</tilt>
			<gx:fovy>35</gx:fovy>
			<range>5473.937821837609</range>
			<altitudeMode>absolute</altitudeMode>
		</LookAt>
		<styleUrl>#__managed_style_09302A2EFB31A2032F2B</styleUrl>
		<Point>
			<coordinates>123.5783824903297,-17.89018785067059,55.35175767812671</coordinates>
		</Point>
	</Placemark>
	<Placemark id="01CBE993FF31A12F1B12">
		<name>Lagoon</name>
		<LookAt>
			<longitude>123.7115433501513</longitude>
			<latitude>-17.78497556772661</latitude>
			<altitude>43.75114267922988</altitude>
			<heading>0</heading>
			<tilt>0</tilt>
			<gx:fovy>35</gx:fovy>
			<range>51020.13671312481</range>
			<altitudeMode>absolute</altitudeMode>
		</LookAt>
		<styleUrl>#__managed_style_09302A2EFB31A2032F2B</styleUrl>
		<Point>
			<coordinates>123.65110174356,-17.85538103102861,32.22832689648333</coordinates>
		</Point>
	</Placemark>
	<Placemark id="087D20EB8731A12F3586">
		<name>Lagoon</name>
		<LookAt>
			<longitude>123.7115433501513</longitude>
			<latitude>-17.78497556772661</latitude>
			<altitude>43.75114267922988</altitude>
			<heading>0</heading>
			<tilt>0</tilt>
			<gx:fovy>35</gx:fovy>
			<range>51020.13671312481</range>
			<altitudeMode>absolute</altitudeMode>
		</LookAt>
		<styleUrl>#__managed_style_09302A2EFB31A2032F2B</styleUrl>
		<Point>
			<coordinates>123.689818712096,-17.87636739146244,30.69056567966592</coordinates>
		</Point>
	</Placemark>
	<Placemark id="0AEB3DFDCD31A12F6126">
		<name>Lagoon</name>
		<LookAt>
			<longitude>123.5733377288516</longitude>
			<latitude>-17.74316878688883</latitude>
			<altitude>12.78905606087221</altitude>
			<heading>0</heading>
			<tilt>0</tilt>
			<gx:fovy>35</gx:fovy>
			<range>9044.755914254347</range>
			<altitudeMode>absolute</altitudeMode>
		</LookAt>
		<styleUrl>#__managed_style_09302A2EFB31A2032F2B</styleUrl>
		<Point>
			<coordinates>123.6020550937882,-17.73759003917235,11.49009168290598</coordinates>
		</Point>
	</Placemark>
	<Placemark id="0B99850DAA31A12F793F">
		<name>Lagoon</name>
		<LookAt>
			<longitude>123.5733377288516</longitude>
			<latitude>-17.74316878688883</latitude>
			<altitude>12.78905606087221</altitude>
			<heading>0</heading>
			<tilt>0</tilt>
			<gx:fovy>35</gx:fovy>
			<range>9044.755914254347</range>
			<altitudeMode>absolute</altitudeMode>
		</LookAt>
		<styleUrl>#__managed_style_09302A2EFB31A2032F2B</styleUrl>
		<Point>
			<coordinates>123.5743413227561,-17.73684929894247,11.81909019305768</coordinates>
		</Point>
	</Placemark>
	<Placemark id="09B14230A931A12FB63B">
		<name>Lagoon</name>
		<LookAt>
			<longitude>123.605814076173</longitude>
			<latitude>-17.79524379419279</latitude>
			<altitude>16.98100571986684</altitude>
			<heading>1.207418269725733e-06</heading>
			<tilt>0</tilt>
			<gx:fovy>35</gx:fovy>
			<range>3803.8152673695</range>
			<altitudeMode>absolute</altitudeMode>
		</LookAt>
		<styleUrl>#__managed_style_09302A2EFB31A2032F2B</styleUrl>
		<Point>
			<coordinates>123.6060486069855,-17.79669529524831,17.03478938194915</coordinates>
		</Point>
	</Placemark>
	<Placemark id="03C078CB1A31A1301271">
		<name>Lagoon</name>
		<LookAt>
			<longitude>123.4924238943053</longitude>
			<latitude>-17.8155408091413</latitude>
			<altitude>19.15099245600791</altitude>
			<heading>0</heading>
			<tilt>0</tilt>
			<gx:fovy>35</gx:fovy>
			<range>2277.333381752833</range>
			<altitudeMode>absolute</altitudeMode>
		</LookAt>
		<styleUrl>#__managed_style_09302A2EFB31A2032F2B</styleUrl>
		<Point>
			<coordinates>123.4942215289876,-17.81352182316127,18.9709553483293</coordinates>
		</Point>
	</Placemark>
	<Placemark id="0C814E558131A1304EEA">
		<name>Lagoon</name>
		<LookAt>
			<longitude>123.4789187475265</longitude>
			<latitude>-17.82713323714716</latitude>
			<altitude>21.06480983621143</altitude>
			<heading>0</heading>
			<tilt>0</tilt>
			<gx:fovy>35</gx:fovy>
			<range>2808.286569569609</range>
			<altitudeMode>absolute</altitudeMode>
		</LookAt>
		<styleUrl>#__managed_style_09302A2EFB31A2032F2B</styleUrl>
		<Point>
			<coordinates>123.4836113503136,-17.82594629347104,21.44692131632433</coordinates>
		</Point>
	</Placemark>
	<Placemark id="0667CF503931A130A411">
		<name>Water</name>
		<LookAt>
			<longitude>123.4477083744231</longitude>
			<latitude>-17.84630848890965</latitude>
			<altitude>22.96335215140213</altitude>
			<heading>0</heading>
			<tilt>0</tilt>
			<gx:fovy>35</gx:fovy>
			<range>204.3322094117685</range>
			<altitudeMode>absolute</altitudeMode>
		</LookAt>
		<styleUrl>#__managed_style_09302A2EFB31A2032F2B</styleUrl>
		<Point>
			<coordinates>123.448013891989,-17.84645265504487,23.24183204348886</coordinates>
		</Point>
	</Placemark>
	<Placemark id="0571C3262C31A130DD96">
		<name>Roadside seep</name>
		<LookAt>
			<longitude>123.4815081298882</longitude>
			<latitude>-17.8667593185025</latitude>
			<altitude>28.24621257703421</altitude>
			<heading>0</heading>
			<tilt>0</tilt>
			<gx:fovy>35</gx:fovy>
			<range>894.9757424206473</range>
			<altitudeMode>absolute</altitudeMode>
		</LookAt>
		<styleUrl>#__managed_style_09302A2EFB31A2032F2B</styleUrl>
		<Point>
			<coordinates>123.4834106704266,-17.86702699019981,29.21180788715758</coordinates>
		</Point>
	</Placemark>
	<Placemark id="0E8574F3B431A131D1CD">
		<name>Watering point</name>
		<LookAt>
			<longitude>123.4546020925167</longitude>
			<latitude>-17.67115603620327</latitude>
			<altitude>12.84441135031326</altitude>
			<heading>0</heading>
			<tilt>0</tilt>
			<gx:fovy>35</gx:fovy>
			<range>1403.842810386705</range>
			<altitudeMode>absolute</altitudeMode>
		</LookAt>
		<styleUrl>#__managed_style_09302A2EFB31A2032F2B</styleUrl>
		<Point>
			<coordinates>123.4555799799205,-17.67259899055932,12.22386157185578</coordinates>
		</Point>
	</Placemark>
	<Placemark id="00DD4F0ECA31A13CBECB">
		<name>Watering point</name>
		<LookAt>
			<longitude>123.5175304952304</longitude>
			<latitude>-17.63625833104985</latitude>
			<altitude>11.51900292397537</altitude>
			<heading>0</heading>
			<tilt>0</tilt>
			<gx:fovy>35</gx:fovy>
			<range>372.3722615956285</range>
			<altitudeMode>absolute</altitudeMode>
		</LookAt>
		<styleUrl>#__managed_style_09302A2EFB31A2032F2B</styleUrl>
		<Point>
			<coordinates>123.5179296148455,-17.63631752044649,11.55356021985634</coordinates>
		</Point>
	</Placemark>
	<Placemark id="0C0C2105BF31A13D4E12">
		<name>Water</name>
		<LookAt>
			<longitude>123.407145839568</longitude>
			<latitude>-17.64517402174434</latitude>
			<altitude>8.655889788977465</altitude>
			<heading>359.9999991404968</heading>
			<tilt>0</tilt>
			<gx:fovy>35</gx:fovy>
			<range>7309.99084975105</range>
			<altitudeMode>absolute</altitudeMode>
		</LookAt>
		<styleUrl>#__managed_style_09302A2EFB31A2032F2B</styleUrl>
		<Point>
			<coordinates>123.4203443496479,-17.64504480279814,6.750779262496072</coordinates>
		</Point>
	</Placemark>
	<Placemark id="05268BA0DB31A13E915F">
		<name>Watering point</name>
		<LookAt>
			<longitude>123.2841786354276</longitude>
			<latitude>-17.53920633152816</latitude>
			<altitude>22.23837279217459</altitude>
			<heading>0</heading>
			<tilt>0</tilt>
			<gx:fovy>35</gx:fovy>
			<range>401.2282105553459</range>
			<altitudeMode>absolute</altitudeMode>
		</LookAt>
		<styleUrl>#__managed_style_09302A2EFB31A2032F2B</styleUrl>
		<Point>
			<coordinates>123.2845048754785,-17.53955982317897,22.07042340994716</coordinates>
		</Point>
	</Placemark>
	<Placemark id="0EE042717B31A13F3796">
		<name>Watering point</name>
		<LookAt>
			<longitude>123.1772847868747</longitude>
			<latitude>-17.538638678466</latitude>
			<altitude>50.72683964934713</altitude>
			<heading>0</heading>
			<tilt>0</tilt>
			<gx:fovy>35</gx:fovy>
			<range>1324.499954312778</range>
			<altitudeMode>absolute</altitudeMode>
		</LookAt>
		<styleUrl>#__managed_style_09302A2EFB31A2032F2B</styleUrl>
		<Point>
			<coordinates>123.1780596616726,-17.54068411231651,50.50748461352986</coordinates>
		</Point>
	</Placemark>
	<Placemark id="0D8E282F7531A13F57A8">
		<name>Watering point</name>
		<LookAt>
			<longitude>123.1772847868747</longitude>
			<latitude>-17.538638678466</latitude>
			<altitude>50.72683964934713</altitude>
			<heading>0</heading>
			<tilt>0</tilt>
			<gx:fovy>35</gx:fovy>
			<range>1324.499954312778</range>
			<altitudeMode>absolute</altitudeMode>
		</LookAt>
		<styleUrl>#__managed_style_09302A2EFB31A2032F2B</styleUrl>
		<Point>
			<coordinates>123.1788108959263,-17.53649869694577,49.75761837938862</coordinates>
		</Point>
	</Placemark>
	<Placemark id="0AB1452E0831A13FB8F1">
		<name>Watering point</name>
		<LookAt>
			<longitude>123.1413823014253</longitude>
			<latitude>-17.57394666469049</latitude>
			<altitude>72.43422494747406</altitude>
			<heading>0</heading>
			<tilt>0</tilt>
			<gx:fovy>35</gx:fovy>
			<range>431.50339345666</range>
			<altitudeMode>absolute</altitudeMode>
		</LookAt>
		<styleUrl>#__managed_style_09302A2EFB31A2032F2B</styleUrl>
		<Point>
			<coordinates>123.141927167493,-17.57397707000489,72.40671281449487</coordinates>
		</Point>
	</Placemark>
	<Placemark id="0CAC9B580431A13FE3D8">
		<name>Lagoon</name>
		<LookAt>
			<longitude>123.1368252575952</longitude>
			<latitude>-17.56985248982012</latitude>
			<altitude>74.35176164344105</altitude>
			<heading>0</heading>
			<tilt>0</tilt>
			<gx:fovy>35</gx:fovy>
			<range>2020.706366121594</range>
			<altitudeMode>absolute</altitudeMode>
		</LookAt>
		<styleUrl>#__managed_style_09302A2EFB31A2032F2B</styleUrl>
		<Point>
			<coordinates>123.1393416070105,-17.57035126638173,72.19089201374302</coordinates>
		</Point>
	</Placemark>
	<Placemark id="0722D4652531A140E567">
		<name>Water</name>
		<LookAt>
			<longitude>123.0059110461998</longitude>
			<latitude>-17.4628447811368</latitude>
			<altitude>106.93662366815</altitude>
			<heading>0</heading>
			<tilt>0</tilt>
			<gx:fovy>35</gx:fovy>
			<range>719.2597792360175</range>
			<altitudeMode>absolute</altitudeMode>
		</LookAt>
		<styleUrl>#__managed_style_09302A2EFB31A2032F2B</styleUrl>
		<Point>
			<coordinates>123.0073803737506,-17.46370013421739,105.0188897804153</coordinates>
		</Point>
	</Placemark>
	<Placemark id="0AE763901F31A141AC6C">
		<name>Watering point</name>
		<LookAt>
			<longitude>122.7146441210312</longitude>
			<latitude>-17.60303434105194</latitude>
			<altitude>71.92003163862186</altitude>
			<heading>0</heading>
			<tilt>0</tilt>
			<gx:fovy>35</gx:fovy>
			<range>1132.886475727282</range>
			<altitudeMode>absolute</altitudeMode>
		</LookAt>
		<styleUrl>#__managed_style_09302A2EFB31A2032F2B</styleUrl>
		<Point>
			<coordinates>122.7171051257908,-17.60350081248692,69.73179782268224</coordinates>
		</Point>
	</Placemark>
	<Placemark id="0BAC3F13A631A143B378">
		<name>Salt pan?</name>
		<LookAt>
			<longitude>123.0396332966517</longitude>
			<latitude>-18.26982212463231</latitude>
			<altitude>124.3057751804972</altitude>
			<heading>0</heading>
			<tilt>0</tilt>
			<gx:fovy>35</gx:fovy>
			<range>28926.16021248513</range>
			<altitudeMode>absolute</altitudeMode>
		</LookAt>
		<styleUrl>#__managed_style_09302A2EFB31A2032F2B</styleUrl>
		<Point>
			<coordinates>123.0792934327751,-18.27860686646205,124.4448691387768</coordinates>
		</Point>
	</Placemark>
	<Placemark id="0E3662694531A146DF3F">
		<name>Watering point</name>
		<LookAt>
			<longitude>123.6254919525847</longitude>
			<latitude>-18.0724062981457</latitude>
			<altitude>83.71881617002961</altitude>
			<heading>0</heading>
			<tilt>0</tilt>
			<gx:fovy>35</gx:fovy>
			<range>1143.766226287553</range>
			<altitudeMode>absolute</altitudeMode>
		</LookAt>
		<styleUrl>#__managed_style_09302A2EFB31A2032F2B</styleUrl>
		<Point>
			<coordinates>123.6245161715708,-18.07347509245973,82.55645945395641</coordinates>
		</Point>
	</Placemark>
	<Placemark id="08842089F331A1479BFA">
		<name>Lagoon</name>
		<LookAt>
			<longitude>123.628845194131</longitude>
			<latitude>-17.93897163944184</latitude>
			<altitude>36.86596538204191</altitude>
			<heading>0</heading>
			<tilt>0</tilt>
			<gx:fovy>35</gx:fovy>
			<range>8283.687361478806</range>
			<altitudeMode>absolute</altitudeMode>
		</LookAt>
		<styleUrl>#__managed_style_09302A2EFB31A2032F2B</styleUrl>
		<Point>
			<coordinates>123.6453986386951,-17.93994307538741,41.21649481527994</coordinates>
		</Point>
	</Placemark>
	<Placemark id="00E46BD88A31A147B38D">
		<name>Lagoon</name>
		<LookAt>
			<longitude>123.628845194131</longitude>
			<latitude>-17.93897163944184</latitude>
			<altitude>36.86596538204191</altitude>
			<heading>0</heading>
			<tilt>0</tilt>
			<gx:fovy>35</gx:fovy>
			<range>8283.687361478806</range>
			<altitudeMode>absolute</altitudeMode>
		</LookAt>
		<styleUrl>#__managed_style_09302A2EFB31A2032F2B</styleUrl>
		<Point>
			<coordinates>123.6347236120478,-17.9398955477721,36.82470431168704</coordinates>
		</Point>
	</Placemark>
	<Placemark id="0F16CC972D31A147C4B9">
		<name>Lagoon</name>
		<LookAt>
			<longitude>123.628845194131</longitude>
			<latitude>-17.93897163944184</latitude>
			<altitude>36.86596538204191</altitude>
			<heading>0</heading>
			<tilt>0</tilt>
			<gx:fovy>35</gx:fovy>
			<range>8283.687361478806</range>
			<altitudeMode>absolute</altitudeMode>
		</LookAt>
		<styleUrl>#__managed_style_09302A2EFB31A2032F2B</styleUrl>
		<Point>
			<coordinates>123.6449381266215,-17.94519219849596,41.84240830261409</coordinates>
		</Point>
	</Placemark>
	<Placemark id="099B9940F031A147FEE8">
		<name>Lagoon</name>
		<LookAt>
			<longitude>123.6267746421252</longitude>
			<latitude>-17.93363191293341</latitude>
			<altitude>33.46909005172513</altitude>
			<heading>0</heading>
			<tilt>0</tilt>
			<gx:fovy>35</gx:fovy>
			<range>1741.037849994027</range>
			<altitudeMode>absolute</altitudeMode>
		</LookAt>
		<styleUrl>#__managed_style_09302A2EFB31A2032F2B</styleUrl>
		<Point>
			<coordinates>123.6291831405467,-17.93458430799814,31.65292135565934</coordinates>
		</Point>
	</Placemark>
	<Placemark id="07EA7F5DDA31A1482D62">
		<name>Lagoon</name>
		<LookAt>
			<longitude>123.6140022967537</longitude>
			<latitude>-17.93393779030725</latitude>
			<altitude>35.83692569331903</altitude>
			<heading>0</heading>
			<tilt>0</tilt>
			<gx:fovy>35</gx:fovy>
			<range>12140.07276177057</range>
			<altitudeMode>absolute</altitudeMode>
		</LookAt>
		<styleUrl>#__managed_style_09302A2EFB31A2032F2B</styleUrl>
		<Point>
			<coordinates>123.6245645525103,-17.94213316610939,36.66012449148339</coordinates>
		</Point>
	</Placemark>
	<Placemark id="05A375C28431A1483F1B">
		<name>Lagoon</name>
		<LookAt>
			<longitude>123.6140022967537</longitude>
			<latitude>-17.93393779030725</latitude>
			<altitude>35.83692569331903</altitude>
			<heading>0</heading>
			<tilt>0</tilt>
			<gx:fovy>35</gx:fovy>
			<range>12140.07276177057</range>
			<altitudeMode>absolute</altitudeMode>
		</LookAt>
		<styleUrl>#__managed_style_09302A2EFB31A2032F2B</styleUrl>
		<Point>
			<coordinates>123.6438367500679,-17.93250912682165,28.3089463439051</coordinates>
		</Point>
	</Placemark>
	<Placemark id="010219215031A1488441">
		<name>Lagoon</name>
		<LookAt>
			<longitude>123.6429204310884</longitude>
			<latitude>-17.91817062479309</latitude>
			<altitude>26.13071829525118</altitude>
			<heading>0</heading>
			<tilt>0</tilt>
			<gx:fovy>35</gx:fovy>
			<range>557.0465755312035</range>
			<altitudeMode>absolute</altitudeMode>
		</LookAt>
		<styleUrl>#__managed_style_09302A2EFB31A2032F2B</styleUrl>
		<Point>
			<coordinates>123.6431951742832,-17.91803664806594,26.5893522550966</coordinates>
		</Point>
	</Placemark>
	<Placemark id="0ED42A550031A149185C">
		<name>Lagoon</name>
		<LookAt>
			<longitude>123.5997962530746</longitude>
			<latitude>-17.95723280340597</latitude>
			<altitude>37.25939213762845</altitude>
			<heading>0</heading>
			<tilt>0</tilt>
			<gx:fovy>35</gx:fovy>
			<range>602.8387903622934</range>
			<altitudeMode>absolute</altitudeMode>
		</LookAt>
		<styleUrl>#__managed_style_09302A2EFB31A2032F2B</styleUrl>
		<Point>
			<coordinates>123.5997069759131,-17.95708064017843,37.36653006025518</coordinates>
		</Point>
	</Placemark>
	<Placemark id="0F83E89D1F31A14954B3">
		<name>Lagoon</name>
		<LookAt>
			<longitude>123.5267710873744</longitude>
			<latitude>-18.02899096524642</latitude>
			<altitude>38.80900431249587</altitude>
			<heading>0</heading>
			<tilt>0</tilt>
			<gx:fovy>35</gx:fovy>
			<range>2784.110850071011</range>
			<altitudeMode>absolute</altitudeMode>
		</LookAt>
		<styleUrl>#__managed_style_09302A2EFB31A2032F2B</styleUrl>
		<Point>
			<coordinates>123.5267538992329,-18.02926882300963,38.85096153154431</coordinates>
		</Point>
	</Placemark>
	<Placemark id="0AB7E2231731A149AC5C">
		<name>Lagoon</name>
		<LookAt>
			<longitude>123.5203116973582</longitude>
			<latitude>-18.01855898751187</latitude>
			<altitude>38.46135572762039</altitude>
			<heading>0</heading>
			<tilt>0</tilt>
			<gx:fovy>35</gx:fovy>
			<range>2510.33686101262</range>
			<altitudeMode>absolute</altitudeMode>
		</LookAt>
		<styleUrl>#__managed_style_09302A2EFB31A2032F2B</styleUrl>
		<Point>
			<coordinates>123.5267766144147,-18.01928128698579,37.57630263871854</coordinates>
		</Point>
	</Placemark>
	<Placemark id="083D77D39531A14A14B5">
		<name>Waterpoint</name>
		<LookAt>
			<longitude>123.4717216800947</longitude>
			<latitude>-17.93228689937636</latitude>
			<altitude>55.12579056312321</altitude>
			<heading>0</heading>
			<tilt>0</tilt>
			<gx:fovy>35</gx:fovy>
			<range>1246.961057152221</range>
			<altitudeMode>absolute</altitudeMode>
		</LookAt>
		<styleUrl>#__managed_style_09302A2EFB31A2032F2B</styleUrl>
		<Point>
			<coordinates>123.471129335572,-17.93203804954137,55.42239295104635</coordinates>
		</Point>
	</Placemark>
	<Placemark id="0259F5245331A14A5795">
		<name>Homestead</name>
		<LookAt>
			<longitude>123.4717216800947</longitude>
			<latitude>-17.93228689937636</latitude>
			<altitude>55.12579056312321</altitude>
			<heading>0</heading>
			<tilt>0</tilt>
			<gx:fovy>35</gx:fovy>
			<range>1246.961057152221</range>
			<altitudeMode>absolute</altitudeMode>
		</LookAt>
		<styleUrl>#__managed_style_09302A2EFB31A2032F2B</styleUrl>
		<Point>
			<coordinates>123.4735048299144,-17.93430514953092,56.54705700688689</coordinates>
		</Point>
	</Placemark>
	<Placemark id="0B194E34A831A14B1EB9">
		<name>Waterpoint</name>
		<LookAt>
			<longitude>123.5294497059972</longitude>
			<latitude>-17.70737465517207</latitude>
			<altitude>22.76220903485886</altitude>
			<heading>1.207418269725733e-06</heading>
			<tilt>0</tilt>
			<gx:fovy>35</gx:fovy>
			<range>1857.074925111956</range>
			<altitudeMode>absolute</altitudeMode>
		</LookAt>
		<styleUrl>#__managed_style_09302A2EFB31A2032F2B</styleUrl>
		<Point>
			<coordinates>123.5315658060875,-17.70791946485006,23.79037476991118</coordinates>
		</Point>
	</Placemark>
	<Placemark id="0E2BC318D531A14B47EE">
		<name>Waterpoint</name>
		<LookAt>
			<longitude>123.526361354058</longitude>
			<latitude>-17.70708292926934</latitude>
			<altitude>26.44127648679554</altitude>
			<heading>0</heading>
			<tilt>0</tilt>
			<gx:fovy>35</gx:fovy>
			<range>5995.034411040251</range>
			<altitudeMode>absolute</altitudeMode>
		</LookAt>
		<styleUrl>#__managed_style_09302A2EFB31A2032F2B</styleUrl>
		<Point>
			<coordinates>123.5482725498018,-17.71406265886217,16.30702315783092</coordinates>
		</Point>
	</Placemark>
	<Placemark id="0FC338263F31A14B6C1E">
		<name>Waterpoint</name>
		<LookAt>
			<longitude>123.5334980698975</longitude>
			<latitude>-17.69885141072598</latitude>
			<altitude>21.86870921692051</altitude>
			<heading>0</heading>
			<tilt>0</tilt>
			<gx:fovy>35</gx:fovy>
			<range>1809.102671640285</range>
			<altitudeMode>absolute</altitudeMode>
		</LookAt>
		<styleUrl>#__managed_style_09302A2EFB31A2032F2B</styleUrl>
		<Point>
			<coordinates>123.536572935116,-17.69985022566376,22.68300052979629</coordinates>
		</Point>
	</Placemark>
	<Placemark id="02DE15247E31A14B962E">
		<name>Waterpoint</name>
		<LookAt>
			<longitude>123.5564969341667</longitude>
			<latitude>-17.69675853604289</latitude>
			<altitude>12.7673904207449</altitude>
			<heading>0</heading>
			<tilt>0</tilt>
			<gx:fovy>35</gx:fovy>
			<range>1546.906913276471</range>
			<altitudeMode>absolute</altitudeMode>
		</LookAt>
		<styleUrl>#__managed_style_09302A2EFB31A2032F2B</styleUrl>
		<Point>
			<coordinates>123.5579268008724,-17.69574141329116,12.78326772548891</coordinates>
		</Point>
	</Placemark>
	<Placemark id="04AE93CF5F31A14BC478">
		<name>Waterpoint</name>
		<LookAt>
			<longitude>123.5200795198236</longitude>
			<latitude>-17.69929809720224</latitude>
			<altitude>22.65850312854636</altitude>
			<heading>0</heading>
			<tilt>0</tilt>
			<gx:fovy>35</gx:fovy>
			<range>2496.987490885367</range>
			<altitudeMode>absolute</altitudeMode>
		</LookAt>
		<styleUrl>#__managed_style_09302A2EFB31A2032F2B</styleUrl>
		<Point>
			<coordinates>123.5200179472868,-17.69520661263861,21.70786129222646</coordinates>
		</Point>
	</Placemark>
	<Placemark id="0AF6BD5F3B31A14EF847">
		<name>Watering point</name>
		<LookAt>
			<longitude>123.1409508579812</longitude>
			<latitude>-17.5891622237188</latitude>
			<altitude>77.03582511857699</altitude>
			<heading>0</heading>
			<tilt>0</tilt>
			<gx:fovy>35</gx:fovy>
			<range>353.3578458104603</range>
			<altitudeMode>absolute</altitudeMode>
		</LookAt>
		<styleUrl>#__managed_style_09302A2EFB31A2032F2B</styleUrl>
		<Point>
			<coordinates>123.1415552093557,-17.58926621133951,76.21191847957564</coordinates>
		</Point>
	</Placemark>
	<Placemark id="044F5BECB831A15D5BD1">
		<name>Watering point</name>
		<LookAt>
			<longitude>123.0565622035769</longitude>
			<latitude>-18.37622703963454</latitude>
			<altitude>158.784606665205</altitude>
			<heading>0</heading>
			<tilt>0</tilt>
			<gx:fovy>35</gx:fovy>
			<range>2719.510801397847</range>
			<altitudeMode>absolute</altitudeMode>
		</LookAt>
		<styleUrl>#__managed_style_09302A2EFB31A2032F2B</styleUrl>
		<Point>
			<coordinates>123.0573861809141,-18.3763547044508,160.0976521654086</coordinates>
		</Point>
	</Placemark>
	<Placemark id="02E904450A31A15EB93F">
		<name>lagoon</name>
		<LookAt>
			<longitude>122.6804648083336</longitude>
			<latitude>-18.09428612096023</latitude>
			<altitude>30.99929031795226</altitude>
			<heading>0</heading>
			<tilt>0</tilt>
			<gx:fovy>35</gx:fovy>
			<range>288.1771982733335</range>
			<altitudeMode>absolute</altitudeMode>
		</LookAt>
		<styleUrl>#__managed_style_09302A2EFB31A2032F2B</styleUrl>
		<Point>
			<coordinates>122.6802921665212,-18.094462067319,31.03395203652578</coordinates>
		</Point>
	</Placemark>
	<Placemark id="0F7E52E1C231A15F5769">
		<name>Tank</name>
		<LookAt>
			<longitude>122.7778426021508</longitude>
			<latitude>-17.86179066814437</latitude>
			<altitude>36.21372466880121</altitude>
			<heading>0</heading>
			<tilt>0</tilt>
			<gx:fovy>35</gx:fovy>
			<range>9011.014521368779</range>
			<altitudeMode>absolute</altitudeMode>
		</LookAt>
		<styleUrl>#__managed_style_09302A2EFB31A2032F2B</styleUrl>
		<Point>
			<coordinates>122.7912302286839,-17.86305914863498,41.24944179307813</coordinates>
		</Point>
	</Placemark>
	<Placemark id="02A584792931A15F8A6F">
		<name>Watering points</name>
		<LookAt>
			<longitude>122.7257990058824</longitude>
			<latitude>-17.86112896305909</latitude>
			<altitude>22.71398391003218</altitude>
			<heading>0</heading>
			<tilt>0</tilt>
			<gx:fovy>35</gx:fovy>
			<range>638.0550666055206</range>
			<altitudeMode>absolute</altitudeMode>
		</LookAt>
		<styleUrl>#__managed_style_09302A2EFB31A2032F2B</styleUrl>
		<Point>
			<coordinates>122.725850079646,-17.86159638724921,23.8342898046436</coordinates>
		</Point>
	</Placemark>
	<Placemark id="0F66F25CE731A1622EA8">
		<name>Watering point</name>
		<LookAt>
			<longitude>122.5476993296118</longitude>
			<latitude>-17.95872901167519</latitude>
			<altitude>9.083608129600568</altitude>
			<heading>0</heading>
			<tilt>0</tilt>
			<gx:fovy>35</gx:fovy>
			<range>1277.582467032771</range>
			<altitudeMode>absolute</altitudeMode>
		</LookAt>
		<styleUrl>#__managed_style_09302A2EFB31A2032F2B</styleUrl>
		<Point>
			<coordinates>122.5478488118827,-17.95865633772458,8.955416906285713</coordinates>
		</Point>
	</Placemark>
	<Placemark id="018E8C2C3131A16359A6">
		<name>Watering point</name>
		<LookAt>
			<longitude>122.8254289691555</longitude>
			<latitude>-17.95764674923803</latitude>
			<altitude>34.41679627221284</altitude>
			<heading>0</heading>
			<tilt>0</tilt>
			<gx:fovy>35</gx:fovy>
			<range>396.3030170465937</range>
			<altitudeMode>absolute</altitudeMode>
		</LookAt>
		<styleUrl>#__managed_style_09302A2EFB31A2032F2B</styleUrl>
		<Point>
			<coordinates>122.8247660361677,-17.95763045853501,34.36774254517285</coordinates>
		</Point>
	</Placemark>
	<Placemark id="04025588DD31A16479E2">
		<name>Watering point</name>
		<LookAt>
			<longitude>122.5815111254948</longitude>
			<latitude>-17.94468036061424</latitude>
			<altitude>9.261119836065749</altitude>
			<heading>0</heading>
			<tilt>0</tilt>
			<gx:fovy>35</gx:fovy>
			<range>6066.320918997517</range>
			<altitudeMode>absolute</altitudeMode>
		</LookAt>
		<styleUrl>#__managed_style_09302A2EFB31A2032F2B</styleUrl>
		<Point>
			<coordinates>122.5731264973421,-17.94104783425965,9.727204922038606</coordinates>
		</Point>
	</Placemark>
	<Placemark id="0146DACD5931A164A997">
		<name>Water</name>
		<LookAt>
			<longitude>122.5443338857294</longitude>
			<latitude>-17.89453648361675</latitude>
			<altitude>7.823721206393017</altitude>
			<heading>0</heading>
			<tilt>0</tilt>
			<gx:fovy>35</gx:fovy>
			<range>2442.578725361091</range>
			<altitudeMode>absolute</altitudeMode>
		</LookAt>
		<styleUrl>#__managed_style_09302A2EFB31A2032F2B</styleUrl>
		<Point>
			<coordinates>122.5392997259036,-17.89493802730636,7.25126880535871</coordinates>
		</Point>
	</Placemark>
	<Placemark id="02324E531831A164D2BB">
		<name>Dam</name>
		<LookAt>
			<longitude>122.5082269568727</longitude>
			<latitude>-17.91678345802966</latitude>
			<altitude>16.39979378689889</altitude>
			<heading>0</heading>
			<tilt>0</tilt>
			<gx:fovy>35</gx:fovy>
			<range>529.7670046367421</range>
			<altitudeMode>absolute</altitudeMode>
		</LookAt>
		<styleUrl>#__managed_style_09302A2EFB31A2032F2B</styleUrl>
		<Point>
			<coordinates>122.5073039013431,-17.91699835669574,15.66665010585532</coordinates>
		</Point>
	</Placemark>
	<Placemark id="0873D6585931A1650EA2">
		<name>Watering point</name>
		<LookAt>
			<longitude>122.494994557602</longitude>
			<latitude>-17.92183318204033</latitude>
			<altitude>16.03629361686088</altitude>
			<heading>0</heading>
			<tilt>0</tilt>
			<gx:fovy>35</gx:fovy>
			<range>1043.651049405016</range>
			<altitudeMode>absolute</altitudeMode>
		</LookAt>
		<styleUrl>#__managed_style_09302A2EFB31A2032F2B</styleUrl>
		<Point>
			<coordinates>122.4946022215194,-17.9214048048939,17.29477029760866</coordinates>
		</Point>
	</Placemark>
	<Placemark id="0B491B4DBB31A165430D">
		<name>Homestead</name>
		<LookAt>
			<longitude>122.4728874995781</longitude>
			<latitude>-17.93116616472948</latitude>
			<altitude>14.17067247153444</altitude>
			<heading>0</heading>
			<tilt>0</tilt>
			<gx:fovy>35</gx:fovy>
			<range>1045.654057541688</range>
			<altitudeMode>absolute</altitudeMode>
		</LookAt>
		<styleUrl>#__managed_style_09302A2EFB31A2032F2B</styleUrl>
		<Point>
			<coordinates>122.4720681759807,-17.93118457681072,14.30619057979951</coordinates>
		</Point>
	</Placemark>
	<Placemark id="0DE84ADC7131A165685F">
		<name>Watering point</name>
		<LookAt>
			<longitude>122.4772090254137</longitude>
			<latitude>-17.95510009579114</latitude>
			<altitude>5.824834420072163</altitude>
			<heading>0</heading>
			<tilt>0</tilt>
			<gx:fovy>35</gx:fovy>
			<range>1456.990065533028</range>
			<altitudeMode>absolute</altitudeMode>
		</LookAt>
		<styleUrl>#__managed_style_09302A2EFB31A2032F2B</styleUrl>
		<Point>
			<coordinates>122.4762748220073,-17.9540319308144,7.237264127004495</coordinates>
		</Point>
	</Placemark>
	<Placemark id="0B050016FF31A1666F93">
		<name>Homestead</name>
		<LookAt>
			<longitude>122.466419183132</longitude>
			<latitude>-18.08672669632188</latitude>
			<altitude>12.91828999919987</altitude>
			<heading>0</heading>
			<tilt>0</tilt>
			<gx:fovy>35</gx:fovy>
			<range>646.6855702135218</range>
			<altitudeMode>absolute</altitudeMode>
		</LookAt>
		<styleUrl>#__managed_style_09302A2EFB31A2032F2B</styleUrl>
		<Point>
			<coordinates>122.4666464478571,-18.08713602469723,14.02546459338596</coordinates>
		</Point>
	</Placemark>
	<Placemark id="0458DDFF4131A16693E5">
		<name>Watering point</name>
		<LookAt>
			<longitude>122.4848446076196</longitude>
			<latitude>-18.09237434408564</latitude>
			<altitude>9.648132766791377</altitude>
			<heading>0</heading>
			<tilt>0</tilt>
			<gx:fovy>35</gx:fovy>
			<range>834.5999502963969</range>
			<altitudeMode>absolute</altitudeMode>
		</LookAt>
		<styleUrl>#__managed_style_09302A2EFB31A2032F2B</styleUrl>
		<Point>
			<coordinates>122.4835589412246,-18.08686070706041,9.893094778493992</coordinates>
		</Point>
	</Placemark>
	<Placemark id="0800573D2131A1680763">
		<name>Watering point</name>
		<LookAt>
			<longitude>122.5414060674485</longitude>
			<latitude>-17.96473011647265</latitude>
			<altitude>9.902053916810758</altitude>
			<heading>8.537736462515939e-07</heading>
			<tilt>0</tilt>
			<gx:fovy>35</gx:fovy>
			<range>305.0255746879339</range>
			<altitudeMode>absolute</altitudeMode>
		</LookAt>
		<styleUrl>#__managed_style_09302A2EFB31A2032F2B</styleUrl>
		<Point>
			<coordinates>122.5412045398467,-17.96446854085336,9.759092700738963</coordinates>
		</Point>
	</Placemark>
	<Placemark id="03786876A931A1684A49">
		<name>Trough</name>
		<LookAt>
			<longitude>122.5392071611477</longitude>
			<latitude>-17.96463288459092</latitude>
			<altitude>11.26467385301706</altitude>
			<heading>0</heading>
			<tilt>0</tilt>
			<gx:fovy>35</gx:fovy>
			<range>1758.192796515359</range>
			<altitudeMode>absolute</altitudeMode>
		</LookAt>
		<styleUrl>#__managed_style_09302A2EFB31A2032F2B</styleUrl>
		<Point>
			<coordinates>122.5392614341887,-17.96513882700492,10.67037609336154</coordinates>
		</Point>
	</Placemark>
	<Placemark id="0D971DF15731A1689663">
		<name>Dam</name>
		<LookAt>
			<longitude>122.5233900517034</longitude>
			<latitude>-17.94752365797781</latitude>
			<altitude>10.77378003387459</altitude>
			<heading>0</heading>
			<tilt>0</tilt>
			<gx:fovy>35</gx:fovy>
			<range>1450.745093161531</range>
			<altitudeMode>absolute</altitudeMode>
		</LookAt>
		<styleUrl>#__managed_style_09302A2EFB31A2032F2B</styleUrl>
		<Point>
			<coordinates>122.5218022576391,-17.94765166229781,7.856223182712654</coordinates>
		</Point>
	</Placemark>
	<Placemark id="0D16CF8A0131A18049B2">
		<name>Lagoon</name>
		<LookAt>
			<longitude>122.5688100429096</longitude>
			<latitude>-17.85453390937871</latitude>
			<altitude>9.873986169355209</altitude>
			<heading>0</heading>
			<tilt>0</tilt>
			<gx:fovy>35</gx:fovy>
			<range>768.1903800860164</range>
			<altitudeMode>absolute</altitudeMode>
		</LookAt>
		<styleUrl>#__managed_style_09302A2EFB31A2032F2B</styleUrl>
		<Point>
			<coordinates>122.5677273664142,-17.85415875554462,8.166536276464047</coordinates>
		</Point>
	</Placemark>
	<Placemark id="025D8F556B31A1824DD8">
		<name>Lagoon</name>
		<LookAt>
			<longitude>123.216145810299</longitude>
			<latitude>-17.84770645926355</latitude>
			<altitude>63.12133254635462</altitude>
			<heading>0</heading>
			<tilt>0</tilt>
			<gx:fovy>35</gx:fovy>
			<range>724.3394282669033</range>
			<altitudeMode>absolute</altitudeMode>
		</LookAt>
		<styleUrl>#__managed_style_09302A2EFB31A2032F2B</styleUrl>
		<Point>
			<coordinates>123.217706907433,-17.84773199976929,62.3402371720171</coordinates>
		</Point>
	</Placemark>
	<Placemark id="0B62DA021231A183032C">
		<name>Watering point</name>
		<LookAt>
			<longitude>123.3313303545674</longitude>
			<latitude>-17.78945022098625</latitude>
			<altitude>48.76993463236799</altitude>
			<heading>0</heading>
			<tilt>0</tilt>
			<gx:fovy>35</gx:fovy>
			<range>513.5033295211907</range>
			<altitudeMode>absolute</altitudeMode>
		</LookAt>
		<styleUrl>#__managed_style_09302A2EFB31A2032F2B</styleUrl>
		<Point>
			<coordinates>123.3321096429273,-17.78905809023943,48.52175422341285</coordinates>
		</Point>
	</Placemark>
	<Placemark id="0EBD3965A531A18370E7">
		<name>Lagoon</name>
		<LookAt>
			<longitude>123.3686084045305</longitude>
			<latitude>-17.76622334237803</latitude>
			<altitude>45.08371759269443</altitude>
			<heading>0</heading>
			<tilt>0</tilt>
			<gx:fovy>35</gx:fovy>
			<range>311.9066099186603</range>
			<altitudeMode>absolute</altitudeMode>
		</LookAt>
		<styleUrl>#__managed_style_09302A2EFB31A2032F2B</styleUrl>
		<Point>
			<coordinates>123.3691703319024,-17.76620142505569,45.93886417702144</coordinates>
		</Point>
	</Placemark>
	<Placemark id="0602C2E1AD31A1848E24">
		<name>Water</name>
		<LookAt>
			<longitude>123.5150570334913</longitude>
			<latitude>-17.74249023744049</latitude>
			<altitude>48.02707973495317</altitude>
			<heading>0</heading>
			<tilt>0</tilt>
			<gx:fovy>35</gx:fovy>
			<range>784.8372736293823</range>
			<altitudeMode>absolute</altitudeMode>
		</LookAt>
		<styleUrl>#__managed_style_09302A2EFB31A2032F2B</styleUrl>
		<Point>
			<coordinates>123.5151779735842,-17.74245337742994,48.08112561851316</coordinates>
		</Point>
	</Placemark>
	<Placemark id="0CD63F0A2131A1850737">
		<name>Lagoon</name>
		<LookAt>
			<longitude>123.3691361557801</longitude>
			<latitude>-17.99973524369817</latitude>
			<altitude>63.53228932498897</altitude>
			<heading>8.537736462515939e-07</heading>
			<tilt>0</tilt>
			<gx:fovy>35</gx:fovy>
			<range>3039.548391303106</range>
			<altitudeMode>absolute</altitudeMode>
		</LookAt>
		<styleUrl>#__managed_style_09302A2EFB31A2032F2B</styleUrl>
		<Point>
			<coordinates>123.36502725883,-17.9960592947308,63.61054117178841</coordinates>
		</Point>
	</Placemark>
	<Placemark id="0EE3AB712B31A186754D">
		<name>Dam</name>
		<LookAt>
			<longitude>123.1715426698679</longitude>
			<latitude>-18.33171510733392</latitude>
			<altitude>115.3596387542168</altitude>
			<heading>0</heading>
			<tilt>0</tilt>
			<gx:fovy>35</gx:fovy>
			<range>677.6454193999234</range>
			<altitudeMode>absolute</altitudeMode>
		</LookAt>
		<styleUrl>#__managed_style_09302A2EFB31A2032F2B</styleUrl>
		<Point>
			<coordinates>123.1729854193,-18.33084574233095,116.940493585914</coordinates>
		</Point>
	</Placemark>
	<Placemark id="05334B706331A186CFAE">
		<name>Watering point</name>
		<LookAt>
			<longitude>123.134330888952</longitude>
			<latitude>-18.33432475054358</latitude>
			<altitude>119.9030965748244</altitude>
			<heading>0</heading>
			<tilt>0</tilt>
			<gx:fovy>35</gx:fovy>
			<range>88.74345859825554</range>
			<altitudeMode>absolute</altitudeMode>
		</LookAt>
		<styleUrl>#__managed_style_09302A2EFB31A2032F2B</styleUrl>
		<Point>
			<coordinates>123.1344800904964,-18.33427684700026,120.0860221418002</coordinates>
		</Point>
	</Placemark>
	<Placemark id="082D4D05B231A18792AC">
		<name>Watering point</name>
		<LookAt>
			<longitude>123.1274982358052</longitude>
			<latitude>-18.37968257663331</latitude>
			<altitude>132.7638978703094</altitude>
			<heading>359.9999987868522</heading>
			<tilt>0</tilt>
			<gx:fovy>35</gx:fovy>
			<range>177.6492531024269</range>
			<altitudeMode>absolute</altitudeMode>
		</LookAt>
		<styleUrl>#__managed_style_09302A2EFB31A2032F2B</styleUrl>
		<Point>
			<coordinates>123.1275048360616,-18.37951659253724,132.7381084088318</coordinates>
		</Point>
	</Placemark>
	<Placemark id="055208607231A194DF19">
		<name>Watering point</name>
		<LookAt>
			<longitude>122.4127107819332</longitude>
			<latitude>-18.21435729937534</latitude>
			<altitude>25.00276093845561</altitude>
			<heading>0</heading>
			<tilt>0</tilt>
			<gx:fovy>35</gx:fovy>
			<range>25381.32699026261</range>
			<altitudeMode>absolute</altitudeMode>
		</LookAt>
		<styleUrl>#__managed_style_09302A2EFB31A2032F2B</styleUrl>
		<Point>
			<coordinates>122.3956120740995,-18.21763467222801,25.19999832714957</coordinates>
		</Point>
	</Placemark>
	<Placemark id="07A8BBBF6231A1951B92">
		<name>Watering point</name>
		<LookAt>
			<longitude>122.3600499865305</longitude>
			<latitude>-18.17954651057795</latitude>
			<altitude>10.77655921816657</altitude>
			<heading>0</heading>
			<tilt>0</tilt>
			<gx:fovy>35</gx:fovy>
			<range>901.4089168989451</range>
			<altitudeMode>absolute</altitudeMode>
		</LookAt>
		<styleUrl>#__managed_style_09302A2EFB31A2032F2B</styleUrl>
		<Point>
			<coordinates>122.3581595154917,-18.18034123454828,9.712534258266349</coordinates>
		</Point>
	</Placemark>
	<Placemark id="0335772BB531A1963A62">
		<name>Watering point</name>
		<LookAt>
			<longitude>122.4269240456084</longitude>
			<latitude>-18.17539506368179</latitude>
			<altitude>45.06213289308988</altitude>
			<heading>0</heading>
			<tilt>0</tilt>
			<gx:fovy>35</gx:fovy>
			<range>285.8957344579539</range>
			<altitudeMode>absolute</altitudeMode>
		</LookAt>
		<styleUrl>#__managed_style_09302A2EFB31A2032F2B</styleUrl>
		<Point>
			<coordinates>122.4274383856216,-18.17550925561581,44.95785657565628</coordinates>
		</Point>
	</Placemark>
	<Placemark id="005D16B37931A1968241">
		<name>Watering point</name>
		<LookAt>
			<longitude>122.4145563385458</longitude>
			<latitude>-18.14602863555643</latitude>
			<altitude>25.1301908237788</altitude>
			<heading>0</heading>
			<tilt>0</tilt>
			<gx:fovy>35</gx:fovy>
			<range>2515.973282335326</range>
			<altitudeMode>absolute</altitudeMode>
		</LookAt>
		<styleUrl>#__managed_style_09302A2EFB31A2032F2B</styleUrl>
		<Point>
			<coordinates>122.4098909972674,-18.14463946300522,23.9215963855959</coordinates>
		</Point>
	</Placemark>
	<Placemark id="00D5BB9D2A31A196EAD6">
		<name>Watering point</name>
		<LookAt>
			<longitude>122.4587834828114</longitude>
			<latitude>-18.10247703576269</latitude>
			<altitude>12.71668663387341</altitude>
			<heading>0</heading>
			<tilt>0</tilt>
			<gx:fovy>35</gx:fovy>
			<range>225.3456931417168</range>
			<altitudeMode>absolute</altitudeMode>
		</LookAt>
		<styleUrl>#__managed_style_09302A2EFB31A2032F2B</styleUrl>
		<Point>
			<coordinates>122.4591366168186,-18.10258601022351,12.15433091089433</coordinates>
		</Point>
	</Placemark>
	<Placemark id="03CDD9B9DA31A198DBA8">
		<name>Water</name>
		<LookAt>
			<longitude>122.4836969053524</longitude>
			<latitude>-17.85474401498432</latitude>
			<altitude>50.17781786385427</altitude>
			<heading>0</heading>
			<tilt>0</tilt>
			<gx:fovy>35</gx:fovy>
			<range>1793.556621356111</range>
			<altitudeMode>absolute</altitudeMode>
		</LookAt>
		<styleUrl>#__managed_style_09302A2EFB31A2032F2B</styleUrl>
		<Point>
			<coordinates>122.4845156483524,-17.85465976357193,49.91441838717549</coordinates>
		</Point>
	</Placemark>
	<Placemark id="02D1BC79B131A1992135">
		<name>Water</name>
		<LookAt>
			<longitude>122.5013866799491</longitude>
			<latitude>-17.84796537269966</latitude>
			<altitude>36.37678215998675</altitude>
			<heading>0</heading>
			<tilt>0</tilt>
			<gx:fovy>35</gx:fovy>
			<range>571.9055954151555</range>
			<altitudeMode>absolute</altitudeMode>
		</LookAt>
		<styleUrl>#__managed_style_09302A2EFB31A2032F2B</styleUrl>
		<Point>
			<coordinates>122.5006364518658,-17.84758316435708,37.23182092780194</coordinates>
		</Point>
	</Placemark>
	<Placemark id="08CC80B85431A1996542">
		<name>Tanks</name>
		<LookAt>
			<longitude>122.4627282810256</longitude>
			<latitude>-17.85288004432136</latitude>
			<altitude>49.09786146952946</altitude>
			<heading>0</heading>
			<tilt>0</tilt>
			<gx:fovy>35</gx:fovy>
			<range>420.9417786252016</range>
			<altitudeMode>absolute</altitudeMode>
		</LookAt>
		<styleUrl>#__managed_style_09302A2EFB31A2032F2B</styleUrl>
		<Point>
			<coordinates>122.4638879128782,-17.85326193244983,50.41352937936741</coordinates>
		</Point>
	</Placemark>
	<Placemark id="0D7AA2BA9B31A199A083">
		<name>Waters</name>
		<LookAt>
			<longitude>122.3600827968932</longitude>
			<latitude>-17.86621104394347</latitude>
			<altitude>36.21263535699752</altitude>
			<heading>0</heading>
			<tilt>0</tilt>
			<gx:fovy>35</gx:fovy>
			<range>6324.5609101234</range>
			<altitudeMode>absolute</altitudeMode>
		</LookAt>
		<styleUrl>#__managed_style_09302A2EFB31A2032F2B</styleUrl>
		<Point>
			<coordinates>122.3664404900672,-17.86353802503495,37.23381929476303</coordinates>
		</Point>
	</Placemark>
	<Placemark id="041FA62BC631A199DC5D">
		<name>Dams</name>
		<LookAt>
			<longitude>122.3077916408596</longitude>
			<latitude>-17.9431626637496</latitude>
			<altitude>39.37717630370077</altitude>
			<heading>0</heading>
			<tilt>0</tilt>
			<gx:fovy>35</gx:fovy>
			<range>31444.71751901787</range>
			<altitudeMode>absolute</altitudeMode>
		</LookAt>
		<styleUrl>#__managed_style_09302A2EFB31A2032F2B</styleUrl>
		<Point>
			<coordinates>122.286828451703,-17.91527304245957,25.14290854237116</coordinates>
		</Point>
	</Placemark>
	<Placemark id="010307AF7631A1FB1460">
		<name>Dam</name>
		<LookAt>
			<longitude>122.2853581659952</longitude>
			<latitude>-17.78163539441421</latitude>
			<altitude>14.94873325539221</altitude>
			<heading>0</heading>
			<tilt>0</tilt>
			<gx:fovy>30.00092144051685</gx:fovy>
			<range>1647.689234178979</range>
			<altitudeMode>absolute</altitudeMode>
		</LookAt>
		<styleUrl>#__managed_style_09302A2EFB31A2032F2B</styleUrl>
		<Point>
			<coordinates>122.2826591079399,-17.78256621475656,11.59681121790445</coordinates>
		</Point>
	</Placemark>
	<Placemark id="083436006031A1FB87C1">
		<name>Water</name>
		<LookAt>
			<longitude>122.3016136405447</longitude>
			<latitude>-17.8923481088084</latitude>
			<altitude>33.61720804805909</altitude>
			<heading>0</heading>
			<tilt>0</tilt>
			<gx:fovy>30.00092144051685</gx:fovy>
			<range>9350.74991857633</range>
			<altitudeMode>absolute</altitudeMode>
		</LookAt>
		<styleUrl>#__managed_style_09302A2EFB31A2032F2B</styleUrl>
		<Point>
			<coordinates>122.294604741012,-17.88889635002216,35.53992921632221</coordinates>
		</Point>
	</Placemark>
	<Placemark id="0FE62CC53231A1FBE8A3">
		<name>Lagoon</name>
		<LookAt>
			<longitude>122.2623815705204</longitude>
			<latitude>-17.91232753151185</latitude>
			<altitude>7.229220073443525</altitude>
			<heading>1.207418269725733e-06</heading>
			<tilt>0</tilt>
			<gx:fovy>30.00092144051685</gx:fovy>
			<range>1262.711997414735</range>
			<altitudeMode>absolute</altitudeMode>
		</LookAt>
		<styleUrl>#__managed_style_09302A2EFB31A2032F2B</styleUrl>
		<Point>
			<coordinates>122.2619975603199,-17.91178573483051,7.237493464356958</coordinates>
		</Point>
	</Placemark>
	<Placemark id="06CA5DC07931A1FC3BC4">
		<name>Water</name>
		<LookAt>
			<longitude>122.2737190359964</longitude>
			<latitude>-17.89206637423308</latitude>
			<altitude>19.2178660984679</altitude>
			<heading>0</heading>
			<tilt>0</tilt>
			<gx:fovy>30.00092144051685</gx:fovy>
			<range>378.0465087604898</range>
			<altitudeMode>absolute</altitudeMode>
		</LookAt>
		<styleUrl>#__managed_style_09302A2EFB31A2032F2B</styleUrl>
		<Point>
			<coordinates>122.2737824485585,-17.89204185867982,19.30949181818806</coordinates>
		</Point>
	</Placemark>
	<Placemark id="002BE3AF9631A1FC7EEA">
		<name>Water</name>
		<LookAt>
			<longitude>122.2711829661216</longitude>
			<latitude>-17.88555335103574</latitude>
			<altitude>18.79086776295225</altitude>
			<heading>0</heading>
			<tilt>0</tilt>
			<gx:fovy>30.00092144051685</gx:fovy>
			<range>428.6118025157339</range>
			<altitudeMode>absolute</altitudeMode>
		</LookAt>
		<styleUrl>#__managed_style_09302A2EFB31A2032F2B</styleUrl>
		<Point>
			<coordinates>122.271421065605,-17.88560465488422,18.96663815534167</coordinates>
		</Point>
	</Placemark>
	<Placemark id="0446C2525431A1FCAB79">
		<name>Lagoon</name>
		<LookAt>
			<longitude>122.2655637074972</longitude>
			<latitude>-17.87949721570524</latitude>
			<altitude>15.2460665681884</altitude>
			<heading>0</heading>
			<tilt>0</tilt>
			<gx:fovy>30.00092144051685</gx:fovy>
			<range>447.4225567353278</range>
			<altitudeMode>absolute</altitudeMode>
		</LookAt>
		<styleUrl>#__managed_style_09302A2EFB31A2032F2B</styleUrl>
		<Point>
			<coordinates>122.2660579388999,-17.87939244241896,15.88202435342258</coordinates>
		</Point>
	</Placemark>
	<Placemark id="0BA632EC2D31A1FDA2D5">
		<name>Tank</name>
		<LookAt>
			<longitude>122.4346745159248</longitude>
			<latitude>-17.91617554588344</latitude>
			<altitude>14.46385276000258</altitude>
			<heading>0</heading>
			<tilt>0</tilt>
			<gx:fovy>30.00092144051685</gx:fovy>
			<range>342.6221903854093</range>
			<altitudeMode>absolute</altitudeMode>
		</LookAt>
		<styleUrl>#__managed_style_09302A2EFB31A2032F2B</styleUrl>
		<Point>
			<coordinates>122.4349383469313,-17.91638901241158,14.81788704393417</coordinates>
		</Point>
	</Placemark>
	<Placemark id="05EDA6530031A2037AFC">
		<name>Lagoon</name>
		<LookAt>
			<longitude>122.2455599662241</longitude>
			<latitude>-17.88633665934627</latitude>
			<altitude>8.951789808309341</altitude>
			<heading>0</heading>
			<tilt>0</tilt>
			<gx:fovy>35</gx:fovy>
			<range>1123.245799628785</range>
			<altitudeMode>absolute</altitudeMode>
		</LookAt>
		<styleUrl>#__managed_style_09302A2EFB31A2032F2B</styleUrl>
		<Point>
			<coordinates>122.2446835657221,-17.8855595543037,8.038378742916665</coordinates>
		</Point>
	</Placemark>
	<Placemark id="038BB7B73131A203A57E">
		<name>Lagoon</name>
		<LookAt>
			<longitude>122.2360280603974</longitude>
			<latitude>-17.90049883646625</latitude>
			<altitude>21.4961311745481</altitude>
			<heading>0</heading>
			<tilt>0</tilt>
			<gx:fovy>35</gx:fovy>
			<range>4282.608843903872</range>
			<altitudeMode>absolute</altitudeMode>
		</LookAt>
		<styleUrl>#__managed_style_09302A2EFB31A2032F2B</styleUrl>
		<Point>
			<coordinates>122.2291102284569,-17.89880882216831,7.852228993757425</coordinates>
		</Point>
	</Placemark>
	<Placemark id="08B83AB0A831A203E2E1">
		<name>Lagoon</name>
		<LookAt>
			<longitude>122.2362496495456</longitude>
			<latitude>-17.89782828249469</latitude>
			<altitude>13.71542094796329</altitude>
			<heading>0</heading>
			<tilt>0</tilt>
			<gx:fovy>35</gx:fovy>
			<range>273.431725448645</range>
			<altitudeMode>absolute</altitudeMode>
		</LookAt>
		<styleUrl>#__managed_style_09302A2EFB31A2032F2B</styleUrl>
		<Point>
			<coordinates>122.2362709647169,-17.89773695600229,13.51225173399361</coordinates>
		</Point>
	</Placemark>
	<Placemark id="0C0D054D3931A2042A65">
		<name>Lagoon</name>
		<LookAt>
			<longitude>122.2359664599549</longitude>
			<latitude>-17.89859699979275</latitude>
			<altitude>15.23996832733615</altitude>
			<heading>0</heading>
			<tilt>0</tilt>
			<gx:fovy>35</gx:fovy>
			<range>2918.924932823866</range>
			<altitudeMode>absolute</altitudeMode>
		</LookAt>
		<styleUrl>#__managed_style_09302A2EFB31A2032F2B</styleUrl>
		<Point>
			<coordinates>122.233373558035,-17.89960792986379,15.57251534459776</coordinates>
		</Point>
	</Placemark>
	<Placemark id="025971FD8C31A20484CD">
		<name>Lgoon</name>
		<LookAt>
			<longitude>122.2466692106502</longitude>
			<latitude>-17.92331088630385</latitude>
			<altitude>7.557192435405097</altitude>
			<heading>0</heading>
			<tilt>0</tilt>
			<gx:fovy>35</gx:fovy>
			<range>1108.088020489086</range>
			<altitudeMode>absolute</altitudeMode>
		</LookAt>
		<styleUrl>#__managed_style_09302A2EFB31A2032F2B</styleUrl>
		<Point>
			<coordinates>122.2465050729534,-17.9230831353048,7.237200049636957</coordinates>
		</Point>
	</Placemark>
	<Placemark id="0279179AE031A204CD63">
		<name>Water</name>
		<LookAt>
			<longitude>122.2608101631907</longitude>
			<latitude>-17.91914264611475</latitude>
			<altitude>6.586596308358472</altitude>
			<heading>0</heading>
			<tilt>0</tilt>
			<gx:fovy>35</gx:fovy>
			<range>2156.476478492841</range>
			<altitudeMode>absolute</altitudeMode>
		</LookAt>
		<styleUrl>#__managed_style_09302A2EFB31A2032F2B</styleUrl>
		<Point>
			<coordinates>122.2588419676358,-17.91730785625373,7.682381353978591</coordinates>
		</Point>
	</Placemark>
	<Placemark id="0DCD1049F231A204EAA9">
		<name>Water</name>
		<LookAt>
			<longitude>122.2608101631907</longitude>
			<latitude>-17.91914264611475</latitude>
			<altitude>6.586596308358472</altitude>
			<heading>0</heading>
			<tilt>0</tilt>
			<gx:fovy>35</gx:fovy>
			<range>2156.476478492841</range>
			<altitudeMode>absolute</altitudeMode>
		</LookAt>
		<styleUrl>#__managed_style_09302A2EFB31A2032F2B</styleUrl>
		<Point>
			<coordinates>122.2584030902149,-17.91725721822598,7.663557343805171</coordinates>
		</Point>
	</Placemark>
	<Placemark id="0DAF60426D31A23E5E7C">
		<name>Lagoon</name>
		<LookAt>
			<longitude>123.2181214696735</longitude>
			<latitude>-17.40690923013248</latitude>
			<altitude>37.38693397681125</altitude>
			<heading>0</heading>
			<tilt>0</tilt>
			<gx:fovy>35</gx:fovy>
			<range>320.9530355471725</range>
			<altitudeMode>absolute</altitudeMode>
		</LookAt>
		<styleUrl>#__managed_style_09302A2EFB31A2032F2B</styleUrl>
		<Point>
			<coordinates>123.2181431813345,-17.40726519151704,37.56749107517522</coordinates>
		</Point>
	</Placemark>
	<Placemark id="0D52C773A031A23F7761">
		<name>Lagoon</name>
		<LookAt>
			<longitude>123.1965160419412</longitude>
			<latitude>-17.25406611553049</latitude>
			<altitude>33.91627072183896</altitude>
			<heading>0</heading>
			<tilt>0</tilt>
			<gx:fovy>35</gx:fovy>
			<range>202.2087472912244</range>
			<altitudeMode>absolute</altitudeMode>
		</LookAt>
		<styleUrl>#__managed_style_09302A2EFB31A2032F2B</styleUrl>
		<Point>
			<coordinates>123.1964953116465,-17.25420104574228,33.92864713061321</coordinates>
		</Point>
	</Placemark>
	<Placemark id="0F0ED8CB3231A23FC311">
		<name>Lagoon</name>
		<LookAt>
			<longitude>123.1541308168942</longitude>
			<latitude>-17.25355903751149</latitude>
			<altitude>39.42283836855918</altitude>
			<heading>0</heading>
			<tilt>0</tilt>
			<gx:fovy>35</gx:fovy>
			<range>136.6364678577156</range>
			<altitudeMode>absolute</altitudeMode>
		</LookAt>
		<styleUrl>#__managed_style_09302A2EFB31A2032F2B</styleUrl>
		<Point>
			<coordinates>123.1546237531698,-17.25362444192445,38.55938261077477</coordinates>
		</Point>
	</Placemark>
	<Placemark id="003B395E6531A2401EB9">
		<name>Lagoon</name>
		<LookAt>
			<longitude>123.1471661243971</longitude>
			<latitude>-17.24277788788777</latitude>
			<altitude>40.24629424624426</altitude>
			<heading>0</heading>
			<tilt>0</tilt>
			<gx:fovy>35</gx:fovy>
			<range>864.6203186703497</range>
			<altitudeMode>absolute</altitudeMode>
		</LookAt>
		<styleUrl>#__managed_style_09302A2EFB31A2032F2B</styleUrl>
		<Point>
			<coordinates>123.1476600466005,-17.24332062184617,40.90647593641901</coordinates>
		</Point>
	</Placemark>
	<Placemark id="015A9FDF9731A2405CD1">
		<name>Lagoon</name>
		<LookAt>
			<longitude>123.134536206581</longitude>
			<latitude>-17.2741189389843</latitude>
			<altitude>45.66066338463374</altitude>
			<heading>0</heading>
			<tilt>0</tilt>
			<gx:fovy>35</gx:fovy>
			<range>1120.811317302432</range>
			<altitudeMode>absolute</altitudeMode>
		</LookAt>
		<styleUrl>#__managed_style_09302A2EFB31A2032F2B</styleUrl>
		<Point>
			<coordinates>123.1329454832416,-17.27379988070727,44.36755531214116</coordinates>
		</Point>
	</Placemark>
	<Placemark id="074BF01B2C31A2416FF6">
		<name>Man Man Lake</name>
		<LookAt>
			<longitude>123.0331306264472</longitude>
			<latitude>-17.24374530734032</latitude>
			<altitude>72.07667304433835</altitude>
			<heading>0</heading>
			<tilt>0</tilt>
			<gx:fovy>35</gx:fovy>
			<range>688.5694855301699</range>
			<altitudeMode>absolute</altitudeMode>
		</LookAt>
		<styleUrl>#__managed_style_09302A2EFB31A2032F2B</styleUrl>
		<Point>
			<coordinates>123.0322591168491,-17.24342206707593,72.4746957673332</coordinates>
		</Point>
	</Placemark>
	<Placemark id="0FDB19FF7F31A243488A">
		<name>Lagoon</name>
		<LookAt>
			<longitude>123.2446252868092</longitude>
			<latitude>-17.28812803359651</latitude>
			<altitude>21.50422697957389</altitude>
			<heading>0</heading>
			<tilt>0</tilt>
			<gx:fovy>35</gx:fovy>
			<range>4107.375809179503</range>
			<altitudeMode>absolute</altitudeMode>
		</LookAt>
		<styleUrl>#__managed_style_09302A2EFB31A2032F2B</styleUrl>
		<Point>
			<coordinates>123.2358168780884,-17.28634451667446,23.99910230733712</coordinates>
		</Point>
	</Placemark>
	<Placemark id="01CAA1D78C31A24364F3">
		<name>Lagoon</name>
		<LookAt>
			<longitude>123.2446252868092</longitude>
			<latitude>-17.28812803359651</latitude>
			<altitude>21.50422697957389</altitude>
			<heading>0</heading>
			<tilt>0</tilt>
			<gx:fovy>35</gx:fovy>
			<range>4107.375809179503</range>
			<altitudeMode>absolute</altitudeMode>
		</LookAt>
		<styleUrl>#__managed_style_09302A2EFB31A2032F2B</styleUrl>
		<Point>
			<coordinates>123.239700977461,-17.29239569994137,21.84387141121593</coordinates>
		</Point>
	</Placemark>
	<Placemark id="093D625A1C31A2440523">
		<name>Lagoon</name>
		<LookAt>
			<longitude>123.2292119040404</longitude>
			<latitude>-17.33101367312784</latitude>
			<altitude>21.0255156611658</altitude>
			<heading>0</heading>
			<tilt>0</tilt>
			<gx:fovy>35</gx:fovy>
			<range>471.8141987495619</range>
			<altitudeMode>absolute</altitudeMode>
		</LookAt>
		<styleUrl>#__managed_style_09302A2EFB31A2032F2B</styleUrl>
		<Point>
			<coordinates>123.2289112344634,-17.33079144720744,21.14210302430859</coordinates>
		</Point>
	</Placemark>
	<Placemark id="0E004AB58831A24493F3">
		<name>Lagoon</name>
		<LookAt>
			<longitude>123.1862472691009</longitude>
			<latitude>-17.42282444795926</latitude>
			<altitude>51.05891271910969</altitude>
			<heading>0</heading>
			<tilt>0</tilt>
			<gx:fovy>35</gx:fovy>
			<range>6958.661461081356</range>
			<altitudeMode>absolute</altitudeMode>
		</LookAt>
		<styleUrl>#__managed_style_09302A2EFB31A2032F2B</styleUrl>
		<Point>
			<coordinates>123.1853909521102,-17.42114951577835,51.10268538736094</coordinates>
		</Point>
	</Placemark>
	<Placemark id="07683DE9B531A244BEAA">
		<name>Water point</name>
		<LookAt>
			<longitude>123.1656385726572</longitude>
			<latitude>-17.41564920784984</latitude>
			<altitude>55.38224909724242</altitude>
			<heading>0</heading>
			<tilt>0</tilt>
			<gx:fovy>35</gx:fovy>
			<range>894.1378258485929</range>
			<altitudeMode>absolute</altitudeMode>
		</LookAt>
		<styleUrl>#__managed_style_09302A2EFB31A2032F2B</styleUrl>
		<Point>
			<coordinates>123.1644950775286,-17.41616326768666,56.06336375301851</coordinates>
		</Point>
	</Placemark>
	<Placemark id="06383D67D031A24517EE">
		<name>Watering point</name>
		<LookAt>
			<longitude>123.1397927592631</longitude>
			<latitude>-17.50003431613412</latitude>
			<altitude>60.72171208658871</altitude>
			<heading>0</heading>
			<tilt>0</tilt>
			<gx:fovy>35</gx:fovy>
			<range>2909.496285404311</range>
			<altitudeMode>absolute</altitudeMode>
		</LookAt>
		<styleUrl>#__managed_style_09302A2EFB31A2032F2B</styleUrl>
		<Point>
			<coordinates>123.1368915434611,-17.50597789415331,61.05174747717091</coordinates>
		</Point>
	</Placemark>
	<Placemark id="028FAC60FC31A245BE64">
		<name>Watering point</name>
		<LookAt>
			<longitude>122.9632571293226</longitude>
			<latitude>-17.46673260087347</latitude>
			<altitude>96.74333633311933</altitude>
			<heading>0</heading>
			<tilt>0</tilt>
			<gx:fovy>35</gx:fovy>
			<range>3681.403796165251</range>
			<altitudeMode>absolute</altitudeMode>
		</LookAt>
		<styleUrl>#__managed_style_09302A2EFB31A2032F2B</styleUrl>
		<Point>
			<coordinates>122.9698356392423,-17.46510958622095,92.34430622368191</coordinates>
		</Point>
	</Placemark>
	<Placemark id="08D7F3D88631A246381D">
		<name>Watering point</name>
		<LookAt>
			<longitude>122.9601787667068</longitude>
			<latitude>-17.52427284102351</latitude>
			<altitude>98.04677436586938</altitude>
			<heading>0</heading>
			<tilt>0</tilt>
			<gx:fovy>35</gx:fovy>
			<range>649.5404941922607</range>
			<altitudeMode>absolute</altitudeMode>
		</LookAt>
		<styleUrl>#__managed_style_09302A2EFB31A2032F2B</styleUrl>
		<Point>
			<coordinates>122.9606186317235,-17.52381525674421,98.15651039769847</coordinates>
		</Point>
	</Placemark>
	<Placemark id="05EB4CF7C331A2482CBB">
		<name>Watering point</name>
		<LookAt>
			<longitude>123.4467151882449</longitude>
			<latitude>-17.5266624358248</latitude>
			<altitude>18.1818220696178</altitude>
			<heading>0</heading>
			<tilt>0</tilt>
			<gx:fovy>35</gx:fovy>
			<range>1274.81487624842</range>
			<altitudeMode>absolute</altitudeMode>
		</LookAt>
		<styleUrl>#__managed_style_09302A2EFB31A2032F2B</styleUrl>
		<Point>
			<coordinates>123.4463298349801,-17.5276073378937,15.61215136509542</coordinates>
		</Point>
	</Placemark>
	<Placemark id="08E27A95A731A248560F">
		<name>Water</name>
		<LookAt>
			<longitude>123.4467151882449</longitude>
			<latitude>-17.5266624358248</latitude>
			<altitude>18.1818220696178</altitude>
			<heading>0</heading>
			<tilt>0</tilt>
			<gx:fovy>35</gx:fovy>
			<range>1274.81487624842</range>
			<altitudeMode>absolute</altitudeMode>
		</LookAt>
		<styleUrl>#__managed_style_09302A2EFB31A2032F2B</styleUrl>
		<Point>
			<coordinates>123.4451237989773,-17.52522713634958,19.66274682608878</coordinates>
		</Point>
	</Placemark>
	<Placemark id="081D5846FA31A248AD4D">
		<name>wATERING POINT</name>
		<LookAt>
			<longitude>123.4084718327286</longitude>
			<latitude>-17.58873592876906</latitude>
			<altitude>24.13871105160514</altitude>
			<heading>0</heading>
			<tilt>0</tilt>
			<gx:fovy>35</gx:fovy>
			<range>3182.993070374359</range>
			<altitudeMode>absolute</altitudeMode>
		</LookAt>
		<styleUrl>#__managed_style_09302A2EFB31A2032F2B</styleUrl>
		<Point>
			<coordinates>123.4059046755029,-17.58703597275019,25.13802436558726</coordinates>
		</Point>
	</Placemark>
	<Placemark id="04F9F1212331A2492C52">
		<name>Watering point</name>
		<LookAt>
			<longitude>123.2762166217659</longitude>
			<latitude>-17.59203199740132</latitude>
			<altitude>32.54188728394881</altitude>
			<heading>0</heading>
			<tilt>0</tilt>
			<gx:fovy>35</gx:fovy>
			<range>1606.445530511847</range>
			<altitudeMode>absolute</altitudeMode>
		</LookAt>
		<styleUrl>#__managed_style_09302A2EFB31A2032F2B</styleUrl>
		<Point>
			<coordinates>123.2771368883093,-17.59213575340199,32.2977898630235</coordinates>
		</Point>
	</Placemark>
	<Placemark id="0237944C1231A24B67BB">
		<name>Watering point</name>
		<LookAt>
			<longitude>122.6609623450144</longitude>
			<latitude>-17.51410391077541</latitude>
			<altitude>137.329056356324</altitude>
			<heading>0</heading>
			<tilt>0</tilt>
			<gx:fovy>35</gx:fovy>
			<range>501.3292954574719</range>
			<altitudeMode>absolute</altitudeMode>
		</LookAt>
		<styleUrl>#__managed_style_09302A2EFB31A2032F2B</styleUrl>
		<Point>
			<coordinates>122.6602534561762,-17.51409803112105,138.1379535925791</coordinates>
		</Point>
	</Placemark>
	<Placemark id="0334055B9531A24BA38A">
		<name>Watering point</name>
		<LookAt>
			<longitude>122.7207728246438</longitude>
			<latitude>-17.53626164261559</latitude>
			<altitude>116.9254412404886</altitude>
			<heading>0</heading>
			<tilt>0</tilt>
			<gx:fovy>35</gx:fovy>
			<range>2567.111225037952</range>
			<altitudeMode>absolute</altitudeMode>
		</LookAt>
		<styleUrl>#__managed_style_09302A2EFB31A2032F2B</styleUrl>
		<Point>
			<coordinates>122.7199038693614,-17.5356891708647,117.9859574730617</coordinates>
		</Point>
	</Placemark>
	<Placemark id="003A69324C31A24C1AC6">
		<name>Watering point</name>
		<LookAt>
			<longitude>122.7545246774434</longitude>
			<latitude>-17.46849763353449</latitude>
			<altitude>137.7177589133891</altitude>
			<heading>0</heading>
			<tilt>0</tilt>
			<gx:fovy>35</gx:fovy>
			<range>5005.146955503733</range>
			<altitudeMode>absolute</altitudeMode>
		</LookAt>
		<styleUrl>#__managed_style_09302A2EFB31A2032F2B</styleUrl>
		<Point>
			<coordinates>122.7590175471881,-17.46685374991684,142.817342871332</coordinates>
		</Point>
	</Placemark>
	<Placemark id="035AAEFD4131A24E3F42">
		<name>Watering point</name>
		<LookAt>
			<longitude>122.6828796495504</longitude>
			<latitude>-17.41722536693502</latitude>
			<altitude>149.9694114584038</altitude>
			<heading>0</heading>
			<tilt>0</tilt>
			<gx:fovy>35</gx:fovy>
			<range>848.3034741418669</range>
			<altitudeMode>absolute</altitudeMode>
		</LookAt>
		<styleUrl>#__managed_style_09302A2EFB31A2032F2B</styleUrl>
		<Point>
			<coordinates>122.6808783267882,-17.41650926800155,151.3644868457865</coordinates>
		</Point>
	</Placemark>
	<Placemark id="0B741AE0DC31A24EB7BF">
		<name>Watering point</name>
		<LookAt>
			<longitude>122.8133971793184</longitude>
			<latitude>-17.38200591696681</latitude>
			<altitude>145.4853713999213</altitude>
			<heading>0</heading>
			<tilt>0</tilt>
			<gx:fovy>35</gx:fovy>
			<range>876.1173350567697</range>
			<altitudeMode>absolute</altitudeMode>
		</LookAt>
		<styleUrl>#__managed_style_09302A2EFB31A2032F2B</styleUrl>
		<Point>
			<coordinates>122.8153463443286,-17.38226354626369,144.0357462116133</coordinates>
		</Point>
	</Placemark>
	<Placemark id="002E933B2131A24F2C3F">
		<name>Watering point</name>
		<LookAt>
			<longitude>122.8643493212563</longitude>
			<latitude>-17.20912361006829</latitude>
			<altitude>98.15207172899574</altitude>
			<heading>8.537736462515939e-07</heading>
			<tilt>0</tilt>
			<gx:fovy>35</gx:fovy>
			<range>3070.438939467422</range>
			<altitudeMode>absolute</altitudeMode>
		</LookAt>
		<styleUrl>#__managed_style_09302A2EFB31A2032F2B</styleUrl>
		<Point>
			<coordinates>122.8648028384613,-17.20596470637799,93.91823292766954</coordinates>
		</Point>
	</Placemark>
	<Placemark id="018503CBB431A24FDD96">
		<name>Watering point</name>
		<LookAt>
			<longitude>122.8237623512052</longitude>
			<latitude>-17.3312230810444</latitude>
			<altitude>126.5898365322411</altitude>
			<heading>0</heading>
			<tilt>0</tilt>
			<gx:fovy>35</gx:fovy>
			<range>2234.841239873786</range>
			<altitudeMode>absolute</altitudeMode>
		</LookAt>
		<styleUrl>#__managed_style_09302A2EFB31A2032F2B</styleUrl>
		<Point>
			<coordinates>122.819244817974,-17.33062007443263,128.8083862407379</coordinates>
		</Point>
	</Placemark>
	<Placemark id="06E5C5EECB31A25053B9">
		<name>Watering point</name>
		<LookAt>
			<longitude>122.7103205455992</longitude>
			<latitude>-17.36328341870178</latitude>
			<altitude>193.6562961022567</altitude>
			<heading>0</heading>
			<tilt>0</tilt>
			<gx:fovy>35</gx:fovy>
			<range>264.8687613651782</range>
			<altitudeMode>absolute</altitudeMode>
		</LookAt>
		<styleUrl>#__managed_style_09302A2EFB31A2032F2B</styleUrl>
		<Point>
			<coordinates>122.7099454562877,-17.36297700986849,192.4420287686145</coordinates>
		</Point>
	</Placemark>
	<Placemark id="0DE7915A6D31A2509F67">
		<name>Watering point</name>
		<LookAt>
			<longitude>122.7104202440816</longitude>
			<latitude>-17.29354733720678</latitude>
			<altitude>154.942165860803</altitude>
			<heading>0</heading>
			<tilt>0</tilt>
			<gx:fovy>35</gx:fovy>
			<range>1947.840443833556</range>
			<altitudeMode>absolute</altitudeMode>
		</LookAt>
		<styleUrl>#__managed_style_09302A2EFB31A2032F2B</styleUrl>
		<Point>
			<coordinates>122.7096063748034,-17.29313594066539,156.3532699527206</coordinates>
		</Point>
	</Placemark>
	<Placemark id="002D1B7B7F31A2512235">
		<name>Watering point</name>
		<LookAt>
			<longitude>122.7918239159948</longitude>
			<latitude>-17.21861138100628</latitude>
			<altitude>104.2550741774148</altitude>
			<heading>0</heading>
			<tilt>0</tilt>
			<gx:fovy>35</gx:fovy>
			<range>1998.527443163039</range>
			<altitudeMode>absolute</altitudeMode>
		</LookAt>
		<styleUrl>#__managed_style_09302A2EFB31A2032F2B</styleUrl>
		<Point>
			<coordinates>122.7903876968093,-17.2169698299299,105.6079200234241</coordinates>
		</Point>
	</Placemark>
	<Placemark id="02DF2DB05531A2531663">
		<name>Lake Louisa</name>
		<LookAt>
			<longitude>122.8714857285577</longitude>
			<latitude>-17.05433844203353</latitude>
			<altitude>28.91796189008544</altitude>
			<heading>0</heading>
			<tilt>0</tilt>
			<gx:fovy>35</gx:fovy>
			<range>3859.579829745926</range>
			<altitudeMode>absolute</altitudeMode>
		</LookAt>
		<styleUrl>#__managed_style_09302A2EFB31A2032F2B</styleUrl>
		<Point>
			<coordinates>122.8702531047976,-17.0543157766531,28.33001379696618</coordinates>
		</Point>
	</Placemark>
	<Placemark id="08B009230731A25463C0">
		<name>Homestead</name>
		<LookAt>
			<longitude>122.5700042631043</longitude>
			<latitude>-17.27503628654496</latitude>
			<altitude>156.8569897463663</altitude>
			<heading>0</heading>
			<tilt>0</tilt>
			<gx:fovy>35</gx:fovy>
			<range>1040.529675744037</range>
			<altitudeMode>absolute</altitudeMode>
		</LookAt>
		<styleUrl>#__managed_style_09302A2EFB31A2032F2B</styleUrl>
		<Point>
			<coordinates>122.5707842120785,-17.27611679950989,157.7967110647249</coordinates>
		</Point>
	</Placemark>
	<Placemark id="04CB8A6E5131A254BEBC">
		<name>Watering point</name>
		<LookAt>
			<longitude>122.6815905018517</longitude>
			<latitude>-17.17970059397742</latitude>
			<altitude>145.0318390872315</altitude>
			<heading>0</heading>
			<tilt>0</tilt>
			<gx:fovy>35</gx:fovy>
			<range>9076.446553148564</range>
			<altitudeMode>absolute</altitudeMode>
		</LookAt>
		<styleUrl>#__managed_style_09302A2EFB31A2032F2B</styleUrl>
		<Point>
			<coordinates>122.667018860262,-17.17841992579913,135.9133815144461</coordinates>
		</Point>
	</Placemark>
	<Placemark id="031A2B5C5A31A25531FE">
		<name>Water</name>
		<LookAt>
			<longitude>122.9850562101242</longitude>
			<latitude>-16.9755383238851</latitude>
			<altitude>38.03045015303337</altitude>
			<heading>0</heading>
			<tilt>0</tilt>
			<gx:fovy>35</gx:fovy>
			<range>1571.840447563736</range>
			<altitudeMode>absolute</altitudeMode>
		</LookAt>
		<styleUrl>#__managed_style_09302A2EFB31A2032F2B</styleUrl>
		<Point>
			<coordinates>122.9842722151581,-16.97716758077515,33.06221104637424</coordinates>
		</Point>
	</Placemark>
	<Placemark id="03A48C837431A255E53C">
		<name>Lake Jaugle</name>
		<LookAt>
			<longitude>123.1048773797819</longitude>
			<latitude>-17.18065945632704</latitude>
			<altitude>58.49137028614782</altitude>
			<heading>0</heading>
			<tilt>0</tilt>
			<gx:fovy>35</gx:fovy>
			<range>334.409138519477</range>
			<altitudeMode>absolute</altitudeMode>
		</LookAt>
		<styleUrl>#__managed_style_09302A2EFB31A2032F2B</styleUrl>
		<Point>
			<coordinates>123.1044290663707,-17.18072698996363,59.02090858603597</coordinates>
		</Point>
	</Placemark>
	<Placemark id="0182030BDD31A2575F74">
		<name>Watering point</name>
		<LookAt>
			<longitude>122.7708413018805</longitude>
			<latitude>-16.95847376514461</latitude>
			<altitude>10.64078660659824</altitude>
			<heading>359.9999987868522</heading>
			<tilt>0</tilt>
			<gx:fovy>35</gx:fovy>
			<range>913.1459605043349</range>
			<altitudeMode>absolute</altitudeMode>
		</LookAt>
		<styleUrl>#__managed_style_09302A2EFB31A2032F2B</styleUrl>
		<Point>
			<coordinates>122.7713232442043,-16.95848984543075,10.73700427546237</coordinates>
		</Point>
	</Placemark>
	<Placemark id="0A38F46A1831A257B245">
		<name>Water</name>
		<LookAt>
			<longitude>122.7810842142048</longitude>
			<latitude>-16.96706009997256</latitude>
			<altitude>13.07302496531941</altitude>
			<heading>0</heading>
			<tilt>0</tilt>
			<gx:fovy>35</gx:fovy>
			<range>109.8480766488865</range>
			<altitudeMode>absolute</altitudeMode>
		</LookAt>
		<styleUrl>#__managed_style_09302A2EFB31A2032F2B</styleUrl>
		<Point>
			<coordinates>122.7809480196019,-16.96698464857325,13.0876443673115</coordinates>
		</Point>
	</Placemark>
	<Placemark id="0B235C995D31A257F8D0">
		<name>Water</name>
		<LookAt>
			<longitude>122.7875741256031</longitude>
			<latitude>-16.98113044425074</latitude>
			<altitude>16.94298167698318</altitude>
			<heading>0</heading>
			<tilt>0</tilt>
			<gx:fovy>35</gx:fovy>
			<range>537.4621530449804</range>
			<altitudeMode>absolute</altitudeMode>
		</LookAt>
		<styleUrl>#__managed_style_09302A2EFB31A2032F2B</styleUrl>
		<Point>
			<coordinates>122.7887666905276,-16.98058550007532,14.74819491565417</coordinates>
		</Point>
	</Placemark>
	<Placemark id="093BA6EA9C31A258CA50">
		<name>Water</name>
		<LookAt>
			<longitude>122.9816734601773</longitude>
			<latitude>-16.904192787972</latitude>
			<altitude>44.84368792355363</altitude>
			<heading>0</heading>
			<tilt>0</tilt>
			<gx:fovy>35</gx:fovy>
			<range>25142.64444289729</range>
			<altitudeMode>absolute</altitudeMode>
		</LookAt>
		<styleUrl>#__managed_style_09302A2EFB31A2032F2B</styleUrl>
		<Point>
			<coordinates>122.9175992156243,-16.51980805481478,29.93449707358277</coordinates>
		</Point>
	</Placemark>
	<Placemark id="087AC7706631A2590DB0">
		<name>Water</name>
		<LookAt>
			<longitude>122.9816734601773</longitude>
			<latitude>-16.904192787972</latitude>
			<altitude>44.84368792355363</altitude>
			<heading>0</heading>
			<tilt>0</tilt>
			<gx:fovy>35</gx:fovy>
			<range>25142.64444289729</range>
			<altitudeMode>absolute</altitudeMode>
		</LookAt>
		<styleUrl>#__managed_style_09302A2EFB31A2032F2B</styleUrl>
		<Point>
			<coordinates>122.9795122253337,-16.88159144432428,25.45424120624705</coordinates>
		</Point>
	</Placemark>
	<Placemark id="0496B97F9D31A2591E78">
		<name>Water</name>
		<LookAt>
			<longitude>122.9816734601773</longitude>
			<latitude>-16.904192787972</latitude>
			<altitude>44.84368792355363</altitude>
			<heading>0</heading>
			<tilt>0</tilt>
			<gx:fovy>35</gx:fovy>
			<range>25142.64444289729</range>
			<altitudeMode>absolute</altitudeMode>
		</LookAt>
		<styleUrl>#__managed_style_09302A2EFB31A2032F2B</styleUrl>
		<Point>
			<coordinates>122.9906271775698,-16.88912555874936,26.11819409217256</coordinates>
		</Point>
	</Placemark>
	<Placemark id="00294C7BB331A2592896">
		<name>Water</name>
		<LookAt>
			<longitude>122.9816734601773</longitude>
			<latitude>-16.904192787972</latitude>
			<altitude>44.84368792355363</altitude>
			<heading>0</heading>
			<tilt>0</tilt>
			<gx:fovy>35</gx:fovy>
			<range>25142.64444289729</range>
			<altitudeMode>absolute</altitudeMode>
		</LookAt>
		<styleUrl>#__managed_style_09302A2EFB31A2032F2B</styleUrl>
		<Point>
			<coordinates>122.9930893562888,-16.90360205704751,45.01876047421344</coordinates>
		</Point>
	</Placemark>
	<Placemark id="0A904514A631A25933B1">
		<name>Water</name>
		<LookAt>
			<longitude>122.9816734601773</longitude>
			<latitude>-16.904192787972</latitude>
			<altitude>44.84368792355363</altitude>
			<heading>0</heading>
			<tilt>0</tilt>
			<gx:fovy>35</gx:fovy>
			<range>25142.64444289729</range>
			<altitudeMode>absolute</altitudeMode>
		</LookAt>
		<styleUrl>#__managed_style_09302A2EFB31A2032F2B</styleUrl>
		<Point>
			<coordinates>123.0009702477479,-16.91866577499639,35.78465115739193</coordinates>
		</Point>
	</Placemark>
	<Placemark id="0D5CDBE77D31A2598577">
		<name>Water</name>
		<LookAt>
			<longitude>122.8913559665085</longitude>
			<latitude>-16.81248920899494</latitude>
			<altitude>10.91160372010676</altitude>
			<heading>0</heading>
			<tilt>0</tilt>
			<gx:fovy>35</gx:fovy>
			<range>384.5715824202489</range>
			<altitudeMode>absolute</altitudeMode>
		</LookAt>
		<styleUrl>#__managed_style_09302A2EFB31A2032F2B</styleUrl>
		<Point>
			<coordinates>122.890969178416,-16.81242599431958,10.93133570955394</coordinates>
		</Point>
	</Placemark>
	<Placemark id="04ADEB905631A259AEFC">
		<name>Water</name>
		<LookAt>
			<longitude>122.8720252071448</longitude>
			<latitude>-16.77171773467241</latitude>
			<altitude>9.80209594601348</altitude>
			<heading>0</heading>
			<tilt>0</tilt>
			<gx:fovy>35</gx:fovy>
			<range>1420.052296274953</range>
			<altitudeMode>absolute</altitudeMode>
		</LookAt>
		<styleUrl>#__managed_style_09302A2EFB31A2032F2B</styleUrl>
		<Point>
			<coordinates>122.8708927134243,-16.77205970874676,9.094138545224775</coordinates>
		</Point>
	</Placemark>
	<Placemark id="0C72D9606531A259D0C6">
		<name>Water</name>
		<LookAt>
			<longitude>122.9362917672389</longitude>
			<latitude>-16.7563725224842</latitude>
			<altitude>44.40488047667512</altitude>
			<heading>0</heading>
			<tilt>0</tilt>
			<gx:fovy>35</gx:fovy>
			<range>6939.466700395569</range>
			<altitudeMode>absolute</altitudeMode>
		</LookAt>
		<styleUrl>#__managed_style_09302A2EFB31A2032F2B</styleUrl>
		<Point>
			<coordinates>122.9437432239796,-16.7664424887616,39.41883761417071</coordinates>
		</Point>
	</Placemark>
	<Placemark id="007727822331A259F2B6">
		<name>Water</name>
		<LookAt>
			<longitude>122.998619134906</longitude>
			<latitude>-16.8272002658097</latitude>
			<altitude>47.65892502085154</altitude>
			<heading>0</heading>
			<tilt>0</tilt>
			<gx:fovy>35</gx:fovy>
			<range>2937.121944212413</range>
			<altitudeMode>absolute</altitudeMode>
		</LookAt>
		<styleUrl>#__managed_style_09302A2EFB31A2032F2B</styleUrl>
		<Point>
			<coordinates>123.0009633654229,-16.8277008036199,44.72395888743416</coordinates>
		</Point>
	</Placemark>
	<Placemark id="0006514B4931A259FECE">
		<name>Water</name>
		<LookAt>
			<longitude>122.989913422076</longitude>
			<latitude>-16.81796999637402</latitude>
			<altitude>40.19963273229236</altitude>
			<heading>0</heading>
			<tilt>0</tilt>
			<gx:fovy>35</gx:fovy>
			<range>2944.581422790361</range>
			<altitudeMode>absolute</altitudeMode>
		</LookAt>
		<styleUrl>#__managed_style_09302A2EFB31A2032F2B</styleUrl>
		<Point>
			<coordinates>122.9869884933385,-16.8169332425539,36.81219045854142</coordinates>
		</Point>
	</Placemark>
	<Placemark id="06A0C6F33231A25A2B63">
		<name>Water</name>
		<LookAt>
			<longitude>122.9945048445466</longitude>
			<latitude>-16.75285690266923</latitude>
			<altitude>61.43011330148024</altitude>
			<heading>0</heading>
			<tilt>0</tilt>
			<gx:fovy>35</gx:fovy>
			<range>560.7305158838426</range>
			<altitudeMode>absolute</altitudeMode>
		</LookAt>
		<styleUrl>#__managed_style_09302A2EFB31A2032F2B</styleUrl>
		<Point>
			<coordinates>122.9950130055369,-16.75274182935523,62.19026837951832</coordinates>
		</Point>
	</Placemark>
	<Placemark id="0ED5552C3831A25A6ABB">
		<name>Water</name>
		<LookAt>
			<longitude>123.034796935756</longitude>
			<latitude>-16.9813870391799</latitude>
			<altitude>33.86061710144111</altitude>
			<heading>0</heading>
			<tilt>0</tilt>
			<gx:fovy>35</gx:fovy>
			<range>3230.8687196119</range>
			<altitudeMode>absolute</altitudeMode>
		</LookAt>
		<styleUrl>#__managed_style_09302A2EFB31A2032F2B</styleUrl>
		<Point>
			<coordinates>123.0347229674622,-16.98166795129395,33.89826338489092</coordinates>
		</Point>
	</Placemark>
	<Placemark id="0ABCC58A0D31A25A8E42">
		<name>Water</name>
		<LookAt>
			<longitude>123.0948774747609</longitude>
			<latitude>-17.01512236787896</latitude>
			<altitude>42.83466835592908</altitude>
			<heading>0</heading>
			<tilt>0</tilt>
			<gx:fovy>35</gx:fovy>
			<range>724.9416750086675</range>
			<altitudeMode>absolute</altitudeMode>
		</LookAt>
		<styleUrl>#__managed_style_09302A2EFB31A2032F2B</styleUrl>
		<Point>
			<coordinates>123.0937555537864,-17.0149001087959,39.76826435023226</coordinates>
		</Point>
	</Placemark>
	<Placemark id="0355BDE74131A25AAFE8">
		<name>Water</name>
		<LookAt>
			<longitude>123.1576916454237</longitude>
			<latitude>-17.05766104792497</latitude>
			<altitude>42.88580600697647</altitude>
			<heading>0</heading>
			<tilt>0</tilt>
			<gx:fovy>35</gx:fovy>
			<range>2243.316268145281</range>
			<altitudeMode>absolute</altitudeMode>
		</LookAt>
		<styleUrl>#__managed_style_09302A2EFB31A2032F2B</styleUrl>
		<Point>
			<coordinates>123.1501137166505,-17.05820126626714,41.68056718691236</coordinates>
		</Point>
	</Placemark>
	<Placemark id="0D58C16AE431A25AB9E0">
		<name>Water</name>
		<LookAt>
			<longitude>123.1576916454237</longitude>
			<latitude>-17.05766104792497</latitude>
			<altitude>42.88580600697647</altitude>
			<heading>0</heading>
			<tilt>0</tilt>
			<gx:fovy>35</gx:fovy>
			<range>2243.316268145281</range>
			<altitudeMode>absolute</altitudeMode>
		</LookAt>
		<styleUrl>#__managed_style_09302A2EFB31A2032F2B</styleUrl>
		<Point>
			<coordinates>123.1602285907186,-17.05437884942693,40.95215197781194</coordinates>
		</Point>
	</Placemark>
	<Placemark id="09954BDE8F31A25AD597">
		<name>Water</name>
		<LookAt>
			<longitude>123.1439205024531</longitude>
			<latitude>-17.03409581568949</latitude>
			<altitude>40.27192909694534</altitude>
			<heading>0</heading>
			<tilt>0</tilt>
			<gx:fovy>35</gx:fovy>
			<range>2005.218908808602</range>
			<altitudeMode>absolute</altitudeMode>
		</LookAt>
		<styleUrl>#__managed_style_09302A2EFB31A2032F2B</styleUrl>
		<Point>
			<coordinates>123.1440802681131,-17.031064131696,43.94702559573428</coordinates>
		</Point>
	</Placemark>
	<Placemark id="044A25FE5431A25BE14F">
		<name>Water</name>
		<LookAt>
			<longitude>122.9023228024312</longitude>
			<latitude>-16.51178719599046</latitude>
			<altitude>18.35564227372167</altitude>
			<heading>0</heading>
			<tilt>0</tilt>
			<gx:fovy>35</gx:fovy>
			<range>918.591120277124</range>
			<altitudeMode>absolute</altitudeMode>
		</LookAt>
		<styleUrl>#__managed_style_09302A2EFB31A2032F2B</styleUrl>
		<Point>
			<coordinates>122.9011415493655,-16.51194898398178,18.32785968873231</coordinates>
		</Point>
	</Placemark>
	<Placemark id="0E215C5D0D31A25C9517">
		<name>Water</name>
		<LookAt>
			<longitude>123.0554024323385</longitude>
			<latitude>-16.4464906965548</latitude>
			<altitude>9.200393586416617</altitude>
			<heading>0</heading>
			<tilt>0</tilt>
			<gx:fovy>35</gx:fovy>
			<range>249.9623896457342</range>
			<altitudeMode>absolute</altitudeMode>
		</LookAt>
		<styleUrl>#__managed_style_09302A2EFB31A2032F2B</styleUrl>
		<Point>
			<coordinates>123.0551980668191,-16.4463344827227,8.142693796826894</coordinates>
		</Point>
	</Placemark>
	<Placemark id="0ED6503E2731A25CD0F8">
		<name>Water</name>
		<LookAt>
			<longitude>123.0381300489136</longitude>
			<latitude>-16.43534832146012</latitude>
			<altitude>0.3507090451231698</altitude>
			<heading>0</heading>
			<tilt>0</tilt>
			<gx:fovy>35</gx:fovy>
			<range>3132.563805949758</range>
			<altitudeMode>absolute</altitudeMode>
		</LookAt>
		<styleUrl>#__managed_style_09302A2EFB31A2032F2B</styleUrl>
		<Point>
			<coordinates>123.0378879686451,-16.43848217614494,15.74824021944235</coordinates>
		</Point>
	</Placemark>
	<Placemark id="02C8E3E57B31A25E3916">
		<name>Water</name>
		<LookAt>
			<longitude>122.9306606348116</longitude>
			<latitude>-16.57952744437167</latitude>
			<altitude>19.88038716913321</altitude>
			<heading>0</heading>
			<tilt>0</tilt>
			<gx:fovy>35</gx:fovy>
			<range>723.4993330005092</range>
			<altitudeMode>absolute</altitudeMode>
		</LookAt>
		<styleUrl>#__managed_style_09302A2EFB31A2032F2B</styleUrl>
		<Point>
			<coordinates>122.9292001006665,-16.57908338906796,23.03888503663343</coordinates>
		</Point>
	</Placemark>
	<Placemark id="0C7C5FA93D31A25F7317">
		<name>Waigen Lakes</name>
		<LookAt>
			<longitude>122.8751245326767</longitude>
			<latitude>-16.73187192905241</latitude>
			<altitude>14.69246039246064</altitude>
			<heading>0</heading>
			<tilt>0</tilt>
			<gx:fovy>35</gx:fovy>
			<range>350.56487555481</range>
			<altitudeMode>absolute</altitudeMode>
		</LookAt>
		<styleUrl>#__managed_style_09302A2EFB31A2032F2B</styleUrl>
		<Point>
			<coordinates>122.8753721597943,-16.73133577750145,14.01589056086138</coordinates>
		</Point>
	</Placemark>
	<Placemark id="04166E69EB31A2614977">
		<name>Water</name>
		<LookAt>
			<longitude>122.4985693952232</longitude>
			<latitude>-16.97398428226254</latitude>
			<altitude>5.49156206656871</altitude>
			<heading>0</heading>
			<tilt>0</tilt>
			<gx:fovy>35</gx:fovy>
			<range>692.4659644689382</range>
			<altitudeMode>absolute</altitudeMode>
		</LookAt>
		<styleUrl>#__managed_style_09302A2EFB31A2032F2B</styleUrl>
		<Point>
			<coordinates>122.4979392375126,-16.97426527235687,4.290721714348079</coordinates>
		</Point>
	</Placemark>
	<Placemark id="0CC799682931A2624925">
		<name>Watering point</name>
		<LookAt>
			<longitude>122.2980613148726</longitude>
			<latitude>-17.63155813159318</latitude>
			<altitude>83.31393020080043</altitude>
			<heading>0</heading>
			<tilt>0</tilt>
			<gx:fovy>35</gx:fovy>
			<range>1384.804544851795</range>
			<altitudeMode>absolute</altitudeMode>
		</LookAt>
		<styleUrl>#__managed_style_09302A2EFB31A2032F2B</styleUrl>
		<Point>
			<coordinates>122.2995794316345,-17.63276107660105,83.68536522617444</coordinates>
		</Point>
	</Placemark>
	<Placemark id="00D4ABED2D31A26326C8">
		<name>Dam</name>
		<LookAt>
			<longitude>122.5358387830725</longitude>
			<latitude>-17.32567233250642</latitude>
			<altitude>146.5131938148195</altitude>
			<heading>0</heading>
			<tilt>0</tilt>
			<gx:fovy>35</gx:fovy>
			<range>1014.043705851655</range>
			<altitudeMode>absolute</altitudeMode>
		</LookAt>
		<styleUrl>#__managed_style_09302A2EFB31A2032F2B</styleUrl>
		<Point>
			<coordinates>122.5361068746461,-17.32576160918445,146.8829487980448</coordinates>
		</Point>
	</Placemark>
	<Placemark id="0EC551F9EA31A264BECA">
		<name>Watering point</name>
		<LookAt>
			<longitude>122.554592567453</longitude>
			<latitude>-17.4426139393044</latitude>
			<altitude>178.1894512448783</altitude>
			<heading>0</heading>
			<tilt>0</tilt>
			<gx:fovy>35</gx:fovy>
			<range>3468.687206073083</range>
			<altitudeMode>absolute</altitudeMode>
		</LookAt>
		<styleUrl>#__managed_style_09302A2EFB31A2032F2B</styleUrl>
		<Point>
			<coordinates>122.5509703577863,-17.44380058343049,177.4709771518994</coordinates>
		</Point>
	</Placemark>
	<Placemark id="024844868C31A2651DFD">
		<name>Watering point</name>
		<LookAt>
			<longitude>122.6114648576754</longitude>
			<latitude>-17.41357142580623</latitude>
			<altitude>179.7080382239096</altitude>
			<heading>0</heading>
			<tilt>0</tilt>
			<gx:fovy>35</gx:fovy>
			<range>670.9745818177907</range>
			<altitudeMode>absolute</altitudeMode>
		</LookAt>
		<styleUrl>#__managed_style_09302A2EFB31A2032F2B</styleUrl>
		<Point>
			<coordinates>122.6098448620797,-17.41442315539043,179.1879529696501</coordinates>
		</Point>
	</Placemark>
	<Placemark id="042300326C31A265FF04">
		<name>Watering point</name>
		<LookAt>
			<longitude>122.6018113212048</longitude>
			<latitude>-17.27836390538489</latitude>
			<altitude>158.4789424285752</altitude>
			<heading>0</heading>
			<tilt>0</tilt>
			<gx:fovy>35</gx:fovy>
			<range>144.371145661662</range>
			<altitudeMode>absolute</altitudeMode>
		</LookAt>
		<styleUrl>#__managed_style_09302A2EFB31A2032F2B</styleUrl>
		<Point>
			<coordinates>122.6020265054355,-17.27824045191316,158.9916929467428</coordinates>
		</Point>
	</Placemark>
</Document>
</kml>
