X,Y,fcsubtype,fcsubtype_,full_name,displaynam,datefeatur,perenniali,perennia_1,origin,origin_des,waterpol_1,salinityco,salinity_1,watercours,watercou_1,waterpoint,waterpoi_1,layer,path,ndays_1,colonised,2021_pres,2022_pres,2023_pres
-456412.463043733,-2117416.33902777,"1",WaterBody,,,"200702071247","2",Perennial,"2",Natural,Pool,"-99",Unknown,"-99",Unknown,,,LGATE-016-filtered_points,/Users/293003c/Library/CloudStorage/OneDrive-Curtin/Projects/TCZ-research/water point GIS/Edited-layers/LGATE-016-filtered_points.shp,28.000000000000000,,,,
-586071.120201335,-1958891.65524051,"1",WaterBody,,,"200702071939","2",Perennial,"2",Natural,Pool,"-99",Unknown,"3",MinorRiver,,,LGATE-016-filtered_points,/Users/293003c/Library/CloudStorage/OneDrive-Curtin/Projects/TCZ-research/water point GIS/Edited-layers/LGATE-016-filtered_points.shp,41.000000000000000,,,,
-588612.657695508,-1990948.84218836,"1",WaterBody,,,"200702071940","2",Perennial,"2",Natural,Pool,"-99",Unknown,"3",MinorRiver,,,LGATE-016-filtered_points,/Users/293003c/Library/CloudStorage/OneDrive-Curtin/Projects/TCZ-research/water point GIS/Edited-layers/LGATE-016-filtered_points.shp,38.000000000000000,,,,
-551299.404403513,-1989707.93287437,"1",WaterBody,,,"200702071939","2",Perennial,"2",Natural,Pool,"-99",Unknown,"3",MinorRiver,,,LGATE-016-filtered_points,/Users/293003c/Library/CloudStorage/OneDrive-Curtin/Projects/TCZ-research/water point GIS/Edited-layers/LGATE-016-filtered_points.shp,38.000000000000000,,,,
-429438.337319791,-1961074.79300964,"1",WaterBody,,,"200702071939","2",Perennial,"2",Natural,Pool,"-99",Unknown,"2",MajorRiver,,,LGATE-016-filtered_points,/Users/293003c/Library/CloudStorage/OneDrive-Curtin/Projects/TCZ-research/water point GIS/Edited-layers/LGATE-016-filtered_points.shp,37.000000000000000,"1",,,
-576935.04969218,-1936864.54453496,"1",WaterBody,Little Gold River,Little Gold River,"200702071939","2",Perennial,"2",Natural,Pool,"-99",Unknown,"3",MinorRiver,,,LGATE-016-filtered_points,/Users/293003c/Library/CloudStorage/OneDrive-Curtin/Projects/TCZ-research/water point GIS/Edited-layers/LGATE-016-filtered_points.shp,41.000000000000000,,,,
-513984.742682595,-2023188.83657759,"1",WaterBody,Willy Willy Creek,Willy Willy Creek,"200702071940","2",Perennial,"2",Natural,Pool,"-99",Unknown,"3",MinorRiver,,,LGATE-016-filtered_points,/Users/293003c/Library/CloudStorage/OneDrive-Curtin/Projects/TCZ-research/water point GIS/Edited-layers/LGATE-016-filtered_points.shp,37.000000000000000,,,,
-518711.230964766,-1940701.79823284,"1",WaterBody,Fig Tree Pool,Fig Tree Pool,"200702071939","2",Perennial,"2",Natural,Pool,"-99",Unknown,"2",MajorRiver,,,LGATE-016-filtered_points,/Users/293003c/Library/CloudStorage/OneDrive-Curtin/Projects/TCZ-research/water point GIS/Edited-layers/LGATE-016-filtered_points.shp,43.000000000000000,,,,
-590802.581330184,-1937215.01748611,"1",WaterBody,,,"200702071939","2",Perennial,"2",Natural,Pool,"-99",Unknown,"3",MinorRiver,,,LGATE-016-filtered_points,/Users/293003c/Library/CloudStorage/OneDrive-Curtin/Projects/TCZ-research/water point GIS/Edited-layers/LGATE-016-filtered_points.shp,40.000000000000000,,,,
-546082.061348221,-1960847.56961353,"1",WaterBody,O'Donnell River,O'Donnell River,"200702071939","2",Perennial,"2",Natural,Pool,"-99",Unknown,"2",MajorRiver,,,LGATE-016-filtered_points,/Users/293003c/Library/CloudStorage/OneDrive-Curtin/Projects/TCZ-research/water point GIS/Edited-layers/LGATE-016-filtered_points.shp,41.000000000000000,,,,
-545949.250759444,-1960803.62520941,"1",WaterBody,O'Donnell River,O'Donnell River,"200702071939","2",Perennial,"2",Natural,Pool,"-99",Unknown,"2",MajorRiver,,,LGATE-016-filtered_points,/Users/293003c/Library/CloudStorage/OneDrive-Curtin/Projects/TCZ-research/water point GIS/Edited-layers/LGATE-016-filtered_points.shp,41.000000000000000,,,,
-471673.065341913,-2123041.93948723,"1",WaterBody,,,"200702071247","2",Perennial,"2",Natural,Pool,"-99",Unknown,"-99",Unknown,,,LGATE-016-filtered_points,/Users/293003c/Library/CloudStorage/OneDrive-Curtin/Projects/TCZ-research/water point GIS/Edited-layers/LGATE-016-filtered_points.shp,28.000000000000000,,,,
-481039.57732486,-2155179.45819937,"1",WaterBody,,,"200702071247","2",Perennial,"2",Natural,Pool,"-99",Unknown,"-99",Unknown,,,LGATE-016-filtered_points,/Users/293003c/Library/CloudStorage/OneDrive-Curtin/Projects/TCZ-research/water point GIS/Edited-layers/LGATE-016-filtered_points.shp,27.000000000000000,,,,
-595453.581219314,-1938721.70746787,"1",WaterBody,,,"200702071940","2",Perennial,"2",Natural,Pool,"-99",Unknown,"3",MinorRiver,,,LGATE-016-filtered_points,/Users/293003c/Library/CloudStorage/OneDrive-Curtin/Projects/TCZ-research/water point GIS/Edited-layers/LGATE-016-filtered_points.shp,40.000000000000000,,,,
-329652.14309144,-1930778.8381707,"1",WaterBody,,,"200702071247","2",Perennial,"2",Natural,Pool,"-99",Unknown,"-99",Unknown,,,LGATE-016-filtered_points,/Users/293003c/Library/CloudStorage/OneDrive-Curtin/Projects/TCZ-research/water point GIS/Edited-layers/LGATE-016-filtered_points.shp,36.000000000000000,"1",,,
-492169.032445671,-1937396.89909047,"1",WaterBody,,,"200702071939","2",Perennial,"1",Manmade,EarthDam,"-99",Unknown,"3",MinorRiver,,,LGATE-016-filtered_points,/Users/293003c/Library/CloudStorage/OneDrive-Curtin/Projects/TCZ-research/water point GIS/Edited-layers/LGATE-016-filtered_points.shp,44.000000000000000,,,,
-537604.826908382,-1949688.79519258,"1",WaterBody,,,"200702071939","2",Perennial,"2",Natural,Pool,"-99",Unknown,"3",MinorRiver,,,LGATE-016-filtered_points,/Users/293003c/Library/CloudStorage/OneDrive-Curtin/Projects/TCZ-research/water point GIS/Edited-layers/LGATE-016-filtered_points.shp,41.000000000000000,,,,
-583463.965867392,-1949165.72374606,"1",WaterBody,,,"200702071940","2",Perennial,"2",Natural,Pool,"-99",Unknown,"3",MinorRiver,,,LGATE-016-filtered_points,/Users/293003c/Library/CloudStorage/OneDrive-Curtin/Projects/TCZ-research/water point GIS/Edited-layers/LGATE-016-filtered_points.shp,41.000000000000000,,,,
-566656.159441423,-1991642.20177419,"1",WaterBody,Margaret River,Margaret River,"200702071940","2",Perennial,"2",Natural,Pool,"-99",Unknown,"2",MajorRiver,,,LGATE-016-filtered_points,/Users/293003c/Library/CloudStorage/OneDrive-Curtin/Projects/TCZ-research/water point GIS/Edited-layers/LGATE-016-filtered_points.shp,37.000000000000000,,,,
-446771.262985839,-1973040.06729995,"1",WaterBody,,,"200702071939","2",Perennial,"2",Natural,Pool,"-99",Unknown,"3",MinorRiver,,,LGATE-016-filtered_points,/Users/293003c/Library/CloudStorage/OneDrive-Curtin/Projects/TCZ-research/water point GIS/Edited-layers/LGATE-016-filtered_points.shp,38.000000000000000,"1",,,
-593779.534514114,-1952853.58970837,"1",WaterBody,,,"200702071940","2",Perennial,"2",Natural,Pool,"-99",Unknown,"3",MinorRiver,,,LGATE-016-filtered_points,/Users/293003c/Library/CloudStorage/OneDrive-Curtin/Projects/TCZ-research/water point GIS/Edited-layers/LGATE-016-filtered_points.shp,41.000000000000000,,,,
-475008.666774924,-2003889.6976468,"1",WaterBody,,,"200702071940","2",Perennial,"2",Natural,Pool,"-99",Unknown,"3",MinorRiver,,,LGATE-016-filtered_points,/Users/293003c/Library/CloudStorage/OneDrive-Curtin/Projects/TCZ-research/water point GIS/Edited-layers/LGATE-016-filtered_points.shp,38.000000000000000,,,,
-482655.752810353,-2004081.8607575,"1",WaterBody,,,"200702071940","2",Perennial,"2",Natural,Pool,"-99",Unknown,"3",MinorRiver,,,LGATE-016-filtered_points,/Users/293003c/Library/CloudStorage/OneDrive-Curtin/Projects/TCZ-research/water point GIS/Edited-layers/LGATE-016-filtered_points.shp,39.000000000000000,,,,
-587922.386003356,-1935552.54725425,"1",WaterBody,Leopold River,Leopold River,"200702071940","2",Perennial,"2",Natural,Pool,"-99",Unknown,"2",MajorRiver,,,LGATE-016-filtered_points,/Users/293003c/Library/CloudStorage/OneDrive-Curtin/Projects/TCZ-research/water point GIS/Edited-layers/LGATE-016-filtered_points.shp,40.000000000000000,,,,
-508713.952728443,-2033181.61035876,"1",WaterBody,,,"200702071940","2",Perennial,"2",Natural,Pool,"-99",Unknown,"3",MinorRiver,,,LGATE-016-filtered_points,/Users/293003c/Library/CloudStorage/OneDrive-Curtin/Projects/TCZ-research/water point GIS/Edited-layers/LGATE-016-filtered_points.shp,37.000000000000000,,,,
-437445.078511137,-1975145.20128106,"1",WaterBody,Black Elvire River,Black Elvire River,"200702071939","2",Perennial,"2",Natural,Pool,"-99",Unknown,"2",MajorRiver,,,LGATE-016-filtered_points,/Users/293003c/Library/CloudStorage/OneDrive-Curtin/Projects/TCZ-research/water point GIS/Edited-layers/LGATE-016-filtered_points.shp,37.000000000000000,"1",,,
-504606.598968863,-2008076.64502051,"1",WaterBody,Hangman Creek,Hangman Creek,"200702071940","2",Perennial,"2",Natural,Pool,"-99",Unknown,"3",MinorRiver,,,LGATE-016-filtered_points,/Users/293003c/Library/CloudStorage/OneDrive-Curtin/Projects/TCZ-research/water point GIS/Edited-layers/LGATE-016-filtered_points.shp,38.000000000000000,,,,
-437107.516957961,-1970687.46585364,"1",WaterBody,,,"200702071939","2",Perennial,"2",Natural,Pool,"-99",Unknown,"3",MinorRiver,,,LGATE-016-filtered_points,/Users/293003c/Library/CloudStorage/OneDrive-Curtin/Projects/TCZ-research/water point GIS/Edited-layers/LGATE-016-filtered_points.shp,37.000000000000000,"1",,,
-537737.978525655,-1951186.4453935,"1",WaterBody,,,"200702071939","2",Perennial,"2",Natural,Pool,"-99",Unknown,"3",MinorRiver,,,LGATE-016-filtered_points,/Users/293003c/Library/CloudStorage/OneDrive-Curtin/Projects/TCZ-research/water point GIS/Edited-layers/LGATE-016-filtered_points.shp,41.000000000000000,,,,
-558130.907333693,-2031924.35842498,"1",WaterBody,Christmas Creek,Christmas Creek,"200702071940","2",Perennial,"2",Natural,Pool,"-99",Unknown,"2",MajorRiver,,,LGATE-016-filtered_points,/Users/293003c/Library/CloudStorage/OneDrive-Curtin/Projects/TCZ-research/water point GIS/Edited-layers/LGATE-016-filtered_points.shp,35.000000000000000,,,,
-475085.220703318,-1997924.95976614,"1",WaterBody,,,"200702071939","2",Perennial,"2",Natural,Pool,"-99",Unknown,"3",MinorRiver,,,LGATE-016-filtered_points,/Users/293003c/Library/CloudStorage/OneDrive-Curtin/Projects/TCZ-research/water point GIS/Edited-layers/LGATE-016-filtered_points.shp,40.000000000000000,,,,
-550178.400227167,-1958952.86575075,"1",WaterBody,,,"200702071939","2",Perennial,"2",Natural,Pool,"-99",Unknown,"3",MinorRiver,,,LGATE-016-filtered_points,/Users/293003c/Library/CloudStorage/OneDrive-Curtin/Projects/TCZ-research/water point GIS/Edited-layers/LGATE-016-filtered_points.shp,41.000000000000000,,,,
-435979.75784798,-1972988.08275224,"1",WaterBody,Black Elvire River,Black Elvire River,"200702071940","2",Perennial,"2",Natural,Pool,"-99",Unknown,"2",MajorRiver,,,LGATE-016-filtered_points,/Users/293003c/Library/CloudStorage/OneDrive-Curtin/Projects/TCZ-research/water point GIS/Edited-layers/LGATE-016-filtered_points.shp,37.000000000000000,"1",,,
-583344.534857993,-1949610.49212958,"1",WaterBody,,,"200702071940","2",Perennial,"2",Natural,Pool,"-99",Unknown,"3",MinorRiver,,,LGATE-016-filtered_points,/Users/293003c/Library/CloudStorage/OneDrive-Curtin/Projects/TCZ-research/water point GIS/Edited-layers/LGATE-016-filtered_points.shp,41.000000000000000,,,,
-478866.110477429,-1998525.41136902,"1",WaterBody,,,"200702071939","2",Perennial,"2",Natural,Pool,"-99",Unknown,"3",MinorRiver,,,LGATE-016-filtered_points,/Users/293003c/Library/CloudStorage/OneDrive-Curtin/Projects/TCZ-research/water point GIS/Edited-layers/LGATE-016-filtered_points.shp,40.000000000000000,,,,
-329346.870660167,-1930613.23102724,"1",WaterBody,,,"200702071247","2",Perennial,"2",Natural,Pool,"-99",Unknown,"-99",Unknown,,,LGATE-016-filtered_points,/Users/293003c/Library/CloudStorage/OneDrive-Curtin/Projects/TCZ-research/water point GIS/Edited-layers/LGATE-016-filtered_points.shp,36.000000000000000,"1",,,
-524397.057252545,-1998478.21151861,"1",WaterBody,,,"200702071940","2",Perennial,"2",Natural,Pool,"-99",Unknown,"3",MinorRiver,,,LGATE-016-filtered_points,/Users/293003c/Library/CloudStorage/OneDrive-Curtin/Projects/TCZ-research/water point GIS/Edited-layers/LGATE-016-filtered_points.shp,38.000000000000000,,,,
-563702.598157254,-2002894.0768886,"1",WaterBody,Margaret River,Margaret River,"200702071939","2",Perennial,"2",Natural,Pool,"-99",Unknown,"2",MajorRiver,,,LGATE-016-filtered_points,/Users/293003c/Library/CloudStorage/OneDrive-Curtin/Projects/TCZ-research/water point GIS/Edited-layers/LGATE-016-filtered_points.shp,37.000000000000000,,,,
-381223.455172398,-1983713.57339922,"1",WaterBody,,,"200702071247","2",Perennial,"2",Natural,Pool,"-99",Unknown,"-99",Unknown,,,LGATE-016-filtered_points,/Users/293003c/Library/CloudStorage/OneDrive-Curtin/Projects/TCZ-research/water point GIS/Edited-layers/LGATE-016-filtered_points.shp,34.000000000000000,"1",,,
-550866.91614953,-1950317.16890062,"1",WaterBody,,,"200702071939","2",Perennial,"2",Natural,Pool,"-99",Unknown,"3",MinorRiver,,,LGATE-016-filtered_points,/Users/293003c/Library/CloudStorage/OneDrive-Curtin/Projects/TCZ-research/water point GIS/Edited-layers/LGATE-016-filtered_points.shp,41.000000000000000,,,,
-463722.081419392,-1961652.2182821,"1",WaterBody,,,"200702071939","2",Perennial,"1",Manmade,EarthDam,"-99",Unknown,"3",MinorRiver,,,LGATE-016-filtered_points,/Users/293003c/Library/CloudStorage/OneDrive-Curtin/Projects/TCZ-research/water point GIS/Edited-layers/LGATE-016-filtered_points.shp,41.000000000000000,,,,
-595484.9359734,-1938537.49848583,"1",WaterBody,,,"200702071939","2",Perennial,"2",Natural,Pool,"-99",Unknown,"3",MinorRiver,,,LGATE-016-filtered_points,/Users/293003c/Library/CloudStorage/OneDrive-Curtin/Projects/TCZ-research/water point GIS/Edited-layers/LGATE-016-filtered_points.shp,40.000000000000000,,,,
-372070.511316274,-1996411.21373495,"1",WaterBody,,,"200702071247","2",Perennial,"2",Natural,Pool,"-99",Unknown,"-99",Unknown,,,LGATE-016-filtered_points,/Users/293003c/Library/CloudStorage/OneDrive-Curtin/Projects/TCZ-research/water point GIS/Edited-layers/LGATE-016-filtered_points.shp,33.000000000000000,,,,
-510581.405514936,-2018688.76440306,"1",WaterBody,,,"200702071939","2",Perennial,"2",Natural,Pool,"-99",Unknown,"3",MinorRiver,,,LGATE-016-filtered_points,/Users/293003c/Library/CloudStorage/OneDrive-Curtin/Projects/TCZ-research/water point GIS/Edited-layers/LGATE-016-filtered_points.shp,37.000000000000000,,,,
-581762.185909637,-1944016.32034312,"1",WaterBody,,,"200702071940","2",Perennial,"2",Natural,Pool,"-99",Unknown,"3",MinorRiver,,,LGATE-016-filtered_points,/Users/293003c/Library/CloudStorage/OneDrive-Curtin/Projects/TCZ-research/water point GIS/Edited-layers/LGATE-016-filtered_points.shp,41.000000000000000,,,,
-390723.415965752,-1984578.37017474,"1",WaterBody,,,"200702071247","2",Perennial,"2",Natural,Pool,"-99",Unknown,"-99",Unknown,,,LGATE-016-filtered_points,/Users/293003c/Library/CloudStorage/OneDrive-Curtin/Projects/TCZ-research/water point GIS/Edited-layers/LGATE-016-filtered_points.shp,35.000000000000000,"1",,,
-540433.766019232,-1957721.07505618,"1",WaterBody,O'Donnell River,O'Donnell River,"200702071940","2",Perennial,"2",Natural,Pool,"-99",Unknown,"2",MajorRiver,,,LGATE-016-filtered_points,/Users/293003c/Library/CloudStorage/OneDrive-Curtin/Projects/TCZ-research/water point GIS/Edited-layers/LGATE-016-filtered_points.shp,41.000000000000000,,,,
-339867.319765739,-1976645.32651709,"1",WaterBody,,,"200702071247","2",Perennial,"2",Natural,Pool,"-99",Unknown,"-99",Unknown,,,LGATE-016-filtered_points,/Users/293003c/Library/CloudStorage/OneDrive-Curtin/Projects/TCZ-research/water point GIS/Edited-layers/LGATE-016-filtered_points.shp,33.000000000000000,"1",,,
-498689.192822359,-1996552.59350596,"1",WaterBody,Mary River,Mary River,"200702071940","2",Perennial,"2",Natural,Pool,"-99",Unknown,"3",MinorRiver,,,LGATE-016-filtered_points,/Users/293003c/Library/CloudStorage/OneDrive-Curtin/Projects/TCZ-research/water point GIS/Edited-layers/LGATE-016-filtered_points.shp,39.000000000000000,,,,
-390527.100782915,-1984953.64385412,"1",WaterBody,,,"200702071247","2",Perennial,"2",Natural,Pool,"-99",Unknown,"-99",Unknown,,,LGATE-016-filtered_points,/Users/293003c/Library/CloudStorage/OneDrive-Curtin/Projects/TCZ-research/water point GIS/Edited-layers/LGATE-016-filtered_points.shp,35.000000000000000,"1",,,
-466857.609786073,-2121975.72594826,"1",WaterBody,Sturt Creek,Sturt Creek,"200702071247","2",Perennial,"2",Natural,Pool,"-99",Unknown,"2",MajorRiver,,,LGATE-016-filtered_points,/Users/293003c/Library/CloudStorage/OneDrive-Curtin/Projects/TCZ-research/water point GIS/Edited-layers/LGATE-016-filtered_points.shp,28.000000000000000,,,,
-581566.947919728,-1944840.99242925,"1",WaterBody,,,"200702071939","2",Perennial,"2",Natural,Pool,"-99",Unknown,"3",MinorRiver,,,LGATE-016-filtered_points,/Users/293003c/Library/CloudStorage/OneDrive-Curtin/Projects/TCZ-research/water point GIS/Edited-layers/LGATE-016-filtered_points.shp,41.000000000000000,,,,
-585070.869819141,-1936869.44877057,"1",WaterBody,,,"200702071940","2",Perennial,"2",Natural,Pool,"-99",Unknown,"3",MinorRiver,,,LGATE-016-filtered_points,/Users/293003c/Library/CloudStorage/OneDrive-Curtin/Projects/TCZ-research/water point GIS/Edited-layers/LGATE-016-filtered_points.shp,41.000000000000000,,,,
-538024.57471238,-1954248.7717017,"1",WaterBody,O'Donnell River,O'Donnell River,"200702071940","2",Perennial,"2",Natural,Pool,"-99",Unknown,"2",MajorRiver,,,LGATE-016-filtered_points,/Users/293003c/Library/CloudStorage/OneDrive-Curtin/Projects/TCZ-research/water point GIS/Edited-layers/LGATE-016-filtered_points.shp,41.000000000000000,,,,
-606417.173532408,-1953102.569081,"1",WaterBody,Leopold River,Leopold River,"200702071939","2",Perennial,"2",Natural,Pool,"-99",Unknown,"2",MajorRiver,,,LGATE-016-filtered_points,/Users/293003c/Library/CloudStorage/OneDrive-Curtin/Projects/TCZ-research/water point GIS/Edited-layers/LGATE-016-filtered_points.shp,39.000000000000000,,,,
-605901.026348256,-1953836.82844851,"1",WaterBody,Leopold River,Leopold River,"200702071939","2",Perennial,"2",Natural,Pool,"-99",Unknown,"2",MajorRiver,,,LGATE-016-filtered_points,/Users/293003c/Library/CloudStorage/OneDrive-Curtin/Projects/TCZ-research/water point GIS/Edited-layers/LGATE-016-filtered_points.shp,39.000000000000000,,,,
-554740.220145291,-2037588.3702007,"1",WaterBody,Christmas Creek,Christmas Creek,"200702071939","2",Perennial,"2",Natural,Pool,"-99",Unknown,"2",MajorRiver,,,LGATE-016-filtered_points,/Users/293003c/Library/CloudStorage/OneDrive-Curtin/Projects/TCZ-research/water point GIS/Edited-layers/LGATE-016-filtered_points.shp,35.000000000000000,,,,
-562495.74727492,-1990052.31117867,"1",WaterBody,,,"200702071940","2",Perennial,"2",Natural,Pool,"-99",Unknown,"3",MinorRiver,,,LGATE-016-filtered_points,/Users/293003c/Library/CloudStorage/OneDrive-Curtin/Projects/TCZ-research/water point GIS/Edited-layers/LGATE-016-filtered_points.shp,37.000000000000000,,,,
-608755.940370301,-1939804.29166275,"1",WaterBody,Leopold River,Leopold River,"200702071939","2",Perennial,"2",Natural,Pool,"-99",Unknown,"2",MajorRiver,,,LGATE-016-filtered_points,/Users/293003c/Library/CloudStorage/OneDrive-Curtin/Projects/TCZ-research/water point GIS/Edited-layers/LGATE-016-filtered_points.shp,41.000000000000000,,,,
-609506.191690927,-1940601.1313424,"1",WaterBody,Leopold River,Leopold River,"200702071939","2",Perennial,"2",Natural,Pool,"-99",Unknown,"2",MajorRiver,,,LGATE-016-filtered_points,/Users/293003c/Library/CloudStorage/OneDrive-Curtin/Projects/TCZ-research/water point GIS/Edited-layers/LGATE-016-filtered_points.shp,41.000000000000000,,,,
-369749.180089796,-1988880.53096335,"1",WaterBody,,,"200702071247","2",Perennial,"2",Natural,Pool,"-99",Unknown,"-99",Unknown,,,LGATE-016-filtered_points,/Users/293003c/Library/CloudStorage/OneDrive-Curtin/Projects/TCZ-research/water point GIS/Edited-layers/LGATE-016-filtered_points.shp,33.000000000000000,,,,
-533775.806306324,-2012175.22638094,"1",WaterBody,Mary River,Mary River,"200702071940","2",Perennial,"2",Natural,Pool,"-99",Unknown,"3",MinorRiver,,,LGATE-016-filtered_points,/Users/293003c/Library/CloudStorage/OneDrive-Curtin/Projects/TCZ-research/water point GIS/Edited-layers/LGATE-016-filtered_points.shp,38.000000000000000,,,,
-390633.022765561,-1984724.03438157,"1",WaterBody,,,"200702071247","2",Perennial,"2",Natural,Pool,"-99",Unknown,"-99",Unknown,,,LGATE-016-filtered_points,/Users/293003c/Library/CloudStorage/OneDrive-Curtin/Projects/TCZ-research/water point GIS/Edited-layers/LGATE-016-filtered_points.shp,35.000000000000000,"1",,,
-585523.835163899,-1945078.26629336,"1",WaterBody,,,"200702071940","2",Perennial,"2",Natural,Pool,"-99",Unknown,"3",MinorRiver,,,LGATE-016-filtered_points,/Users/293003c/Library/CloudStorage/OneDrive-Curtin/Projects/TCZ-research/water point GIS/Edited-layers/LGATE-016-filtered_points.shp,41.000000000000000,,,,
-584414.238463846,-1939496.88352763,"1",WaterBody,,,"200702071940","2",Perennial,"2",Natural,Pool,"-99",Unknown,"3",MinorRiver,,,LGATE-016-filtered_points,/Users/293003c/Library/CloudStorage/OneDrive-Curtin/Projects/TCZ-research/water point GIS/Edited-layers/LGATE-016-filtered_points.shp,41.000000000000000,,,,
-389638.822718397,-2038035.87296139,"1",WaterBody,,,"200702071247","2",Perennial,"2",Natural,Pool,"-99",Unknown,"-99",Unknown,,,LGATE-016-filtered_points,/Users/293003c/Library/CloudStorage/OneDrive-Curtin/Projects/TCZ-research/water point GIS/Edited-layers/LGATE-016-filtered_points.shp,30.000000000000000,,,,
-553127.993006388,-2043508.27907733,"1",WaterBody,Christmas Creek,Christmas Creek,"200702071940","2",Perennial,"2",Natural,Pool,"-99",Unknown,"2",MajorRiver,,,LGATE-016-filtered_points,/Users/293003c/Library/CloudStorage/OneDrive-Curtin/Projects/TCZ-research/water point GIS/Edited-layers/LGATE-016-filtered_points.shp,35.000000000000000,,,,
-552709.51436979,-2036564.23351542,"1",WaterBody,,,"200702071939","2",Perennial,"2",Natural,Pool,"-99",Unknown,"3",MinorRiver,,,LGATE-016-filtered_points,/Users/293003c/Library/CloudStorage/OneDrive-Curtin/Projects/TCZ-research/water point GIS/Edited-layers/LGATE-016-filtered_points.shp,35.000000000000000,,,,
-601713.786065405,-1935820.11158743,"1",WaterBody,Leopold River,Leopold River,"200702071939","2",Perennial,"2",Natural,Pool,"-99",Unknown,"2",MajorRiver,,,LGATE-016-filtered_points,/Users/293003c/Library/CloudStorage/OneDrive-Curtin/Projects/TCZ-research/water point GIS/Edited-layers/LGATE-016-filtered_points.shp,40.000000000000000,,,,
-602266.693853986,-1936747.07967301,"1",WaterBody,Leopold River,Leopold River,"200702071939","2",Perennial,"2",Natural,Pool,"-99",Unknown,"2",MajorRiver,,,LGATE-016-filtered_points,/Users/293003c/Library/CloudStorage/OneDrive-Curtin/Projects/TCZ-research/water point GIS/Edited-layers/LGATE-016-filtered_points.shp,40.000000000000000,,,,
-594857.656573666,-1964372.16789547,"1",WaterBody,Margaret River,Margaret River,"200702071940","2",Perennial,"2",Natural,Pool,"-99",Unknown,"2",MajorRiver,,,LGATE-016-filtered_points,/Users/293003c/Library/CloudStorage/OneDrive-Curtin/Projects/TCZ-research/water point GIS/Edited-layers/LGATE-016-filtered_points.shp,38.000000000000000,,,,
-502156.264264606,-2001190.42209426,"1",WaterBody,Mary River,Mary River,"200702071940","2",Perennial,"2",Natural,Pool,"-99",Unknown,"3",MinorRiver,,,LGATE-016-filtered_points,/Users/293003c/Library/CloudStorage/OneDrive-Curtin/Projects/TCZ-research/water point GIS/Edited-layers/LGATE-016-filtered_points.shp,39.000000000000000,,,,
-549249.415872049,-1980054.8991791,"1",WaterBody,Dead Horse Creek,Dead Horse Creek,"200702071940","2",Perennial,"2",Natural,Pool,"-99",Unknown,"3",MinorRiver,,,LGATE-016-filtered_points,/Users/293003c/Library/CloudStorage/OneDrive-Curtin/Projects/TCZ-research/water point GIS/Edited-layers/LGATE-016-filtered_points.shp,40.000000000000000,,,,
-590354.932993734,-2029803.80747763,"1",WaterBody,Christmas Creek,Christmas Creek,"200702071940","2",Perennial,"2",Natural,Pool,"-99",Unknown,"2",MajorRiver,,,LGATE-016-filtered_points,/Users/293003c/Library/CloudStorage/OneDrive-Curtin/Projects/TCZ-research/water point GIS/Edited-layers/LGATE-016-filtered_points.shp,35.000000000000000,,,,
-582774.754244845,-1942501.74461314,"1",WaterBody,,,"200702071939","2",Perennial,"2",Natural,Pool,"-99",Unknown,"3",MinorRiver,,,LGATE-016-filtered_points,/Users/293003c/Library/CloudStorage/OneDrive-Curtin/Projects/TCZ-research/water point GIS/Edited-layers/LGATE-016-filtered_points.shp,41.000000000000000,,,,
-517243.879144447,-2022537.24268102,"1",WaterBody,Willy Willy Creek,Willy Willy Creek,"200702071939","2",Perennial,"2",Natural,Pool,"-99",Unknown,"3",MinorRiver,,,LGATE-016-filtered_points,/Users/293003c/Library/CloudStorage/OneDrive-Curtin/Projects/TCZ-research/water point GIS/Edited-layers/LGATE-016-filtered_points.shp,37.000000000000000,,,,
-550534.84526209,-1953727.34533712,"1",WaterBody,,,"200702071940","2",Perennial,"2",Natural,Pool,"-99",Unknown,"3",MinorRiver,,,LGATE-016-filtered_points,/Users/293003c/Library/CloudStorage/OneDrive-Curtin/Projects/TCZ-research/water point GIS/Edited-layers/LGATE-016-filtered_points.shp,41.000000000000000,,,,
-570697.390248763,-1964812.53553127,"1",WaterBody,,,"200702071940","2",Perennial,"2",Natural,Pool,"-99",Unknown,"3",MinorRiver,,,LGATE-016-filtered_points,/Users/293003c/Library/CloudStorage/OneDrive-Curtin/Projects/TCZ-research/water point GIS/Edited-layers/LGATE-016-filtered_points.shp,38.000000000000000,,,,
-552384.026969472,-1970242.8376875,"1",WaterBody,,,"200702071940","2",Perennial,"2",Natural,Pool,"-99",Unknown,"3",MinorRiver,,,LGATE-016-filtered_points,/Users/293003c/Library/CloudStorage/OneDrive-Curtin/Projects/TCZ-research/water point GIS/Edited-layers/LGATE-016-filtered_points.shp,40.000000000000000,,,,
-609797.903003772,-2039939.90699949,"1",WaterBody,Christmas Creek,Christmas Creek,"200702071940","2",Perennial,"2",Natural,Pool,"-99",Unknown,"2",MajorRiver,,,LGATE-016-filtered_points,/Users/293003c/Library/CloudStorage/OneDrive-Curtin/Projects/TCZ-research/water point GIS/Edited-layers/LGATE-016-filtered_points.shp,33.000000000000000,,,,
-451890.692376728,-1955325.09144709,"1",WaterBody,,,"200702071939","2",Perennial,"1",Manmade,EarthDam,"-99",Unknown,"3",MinorRiver,,,LGATE-016-filtered_points,/Users/293003c/Library/CloudStorage/OneDrive-Curtin/Projects/TCZ-research/water point GIS/Edited-layers/LGATE-016-filtered_points.shp,41.000000000000000,"1",,,
-549547.178820195,-1956743.53808041,"1",WaterBody,,,"200702071939","2",Perennial,"2",Natural,Pool,"-99",Unknown,"3",MinorRiver,,,LGATE-016-filtered_points,/Users/293003c/Library/CloudStorage/OneDrive-Curtin/Projects/TCZ-research/water point GIS/Edited-layers/LGATE-016-filtered_points.shp,41.000000000000000,,,,
-499514.447391117,-2011616.78153146,"1",WaterBody,Hangman Creek,Hangman Creek,"200702071940","2",Perennial,"2",Natural,Pool,"-99",Unknown,"3",MinorRiver,,,LGATE-016-filtered_points,/Users/293003c/Library/CloudStorage/OneDrive-Curtin/Projects/TCZ-research/water point GIS/Edited-layers/LGATE-016-filtered_points.shp,39.000000000000000,,,,
-520290.03415192,-2020188.71408188,"1",WaterBody,Willy Willy Creek,Willy Willy Creek,"200702071939","2",Perennial,"2",Natural,Pool,"-99",Unknown,"3",MinorRiver,,,LGATE-016-filtered_points,/Users/293003c/Library/CloudStorage/OneDrive-Curtin/Projects/TCZ-research/water point GIS/Edited-layers/LGATE-016-filtered_points.shp,37.000000000000000,,,,
-621664.003779136,-1947830.58926437,"1",WaterBody,,,"200702071939","2",Perennial,"1",Manmade,EarthDam,"-99",Unknown,"3",MinorRiver,,,LGATE-016-filtered_points,/Users/293003c/Library/CloudStorage/OneDrive-Curtin/Projects/TCZ-research/water point GIS/Edited-layers/LGATE-016-filtered_points.shp,39.000000000000000,,,,
-572892.22370985,-1960172.28063334,"1",WaterBody,,,"200702071940","2",Perennial,"2",Natural,Pool,"-99",Unknown,"3",MinorRiver,,,LGATE-016-filtered_points,/Users/293003c/Library/CloudStorage/OneDrive-Curtin/Projects/TCZ-research/water point GIS/Edited-layers/LGATE-016-filtered_points.shp,42.000000000000000,,,,
-360065.61796514,-1932743.30606947,"1",WaterBody,,,"200702071247","2",Perennial,"2",Natural,Pool,"-99",Unknown,"2",MajorRiver,,,LGATE-016-filtered_points,/Users/293003c/Library/CloudStorage/OneDrive-Curtin/Projects/TCZ-research/water point GIS/Edited-layers/LGATE-016-filtered_points.shp,36.000000000000000,"1",,,
-500546.807510922,-1999444.6990191,"1",WaterBody,Mary River,Mary River,"200702071940","2",Perennial,"2",Natural,Pool,"-99",Unknown,"3",MinorRiver,,,LGATE-016-filtered_points,/Users/293003c/Library/CloudStorage/OneDrive-Curtin/Projects/TCZ-research/water point GIS/Edited-layers/LGATE-016-filtered_points.shp,39.000000000000000,,,,
-513599.205149671,-2009453.58811344,"1",WaterBody,Mary River,Mary River,"200702071940","2",Perennial,"2",Natural,Pool,"-99",Unknown,"3",MinorRiver,,,LGATE-016-filtered_points,/Users/293003c/Library/CloudStorage/OneDrive-Curtin/Projects/TCZ-research/water point GIS/Edited-layers/LGATE-016-filtered_points.shp,38.000000000000000,,,,
-485010.043351035,-1999072.71679819,"1",WaterBody,,,"200702071940","2",Perennial,"2",Natural,Pool,"-99",Unknown,"3",MinorRiver,,,LGATE-016-filtered_points,/Users/293003c/Library/CloudStorage/OneDrive-Curtin/Projects/TCZ-research/water point GIS/Edited-layers/LGATE-016-filtered_points.shp,39.000000000000000,,,,
-581800.245988389,-1936040.38981982,"1",WaterBody,Little Gold River,Little Gold River,"200702071940","2",Perennial,"2",Natural,Pool,"-99",Unknown,"3",MinorRiver,,,LGATE-016-filtered_points,/Users/293003c/Library/CloudStorage/OneDrive-Curtin/Projects/TCZ-research/water point GIS/Edited-layers/LGATE-016-filtered_points.shp,41.000000000000000,,,,
-573238.955589407,-1959369.36778762,"1",WaterBody,,,"200702071940","2",Perennial,"2",Natural,Pool,"-99",Unknown,"3",MinorRiver,,,LGATE-016-filtered_points,/Users/293003c/Library/CloudStorage/OneDrive-Curtin/Projects/TCZ-research/water point GIS/Edited-layers/LGATE-016-filtered_points.shp,42.000000000000000,,,,
-574071.089625647,-1935776.09744521,"1",WaterBody,Little Gold River,Little Gold River,"200702071940","2",Perennial,"2",Natural,Pool,"-99",Unknown,"3",MinorRiver,,,LGATE-016-filtered_points,/Users/293003c/Library/CloudStorage/OneDrive-Curtin/Projects/TCZ-research/water point GIS/Edited-layers/LGATE-016-filtered_points.shp,42.000000000000000,,,,
-482614.314745169,-2011366.81443306,"1",WaterBody,Garden Creek,Garden Creek,"200702071940","2",Perennial,"2",Natural,Pool,"-99",Unknown,"3",MinorRiver,,,LGATE-016-filtered_points,/Users/293003c/Library/CloudStorage/OneDrive-Curtin/Projects/TCZ-research/water point GIS/Edited-layers/LGATE-016-filtered_points.shp,39.000000000000000,,,,
-438138.488073369,-1964803.9829645,"1",WaterBody,,,"200702071940","2",Perennial,"2",Natural,Pool,"-99",Unknown,"3",MinorRiver,,,LGATE-016-filtered_points,/Users/293003c/Library/CloudStorage/OneDrive-Curtin/Projects/TCZ-research/water point GIS/Edited-layers/LGATE-016-filtered_points.shp,37.000000000000000,"1",,,
-319194.652811893,-1927711.54669242,"1",WaterBody,,,"200702071247","2",Perennial,"2",Natural,Pool,"-99",Unknown,"2",MajorRiver,,,LGATE-016-filtered_points,/Users/293003c/Library/CloudStorage/OneDrive-Curtin/Projects/TCZ-research/water point GIS/Edited-layers/LGATE-016-filtered_points.shp,36.000000000000000,"1",,,
-483397.046127285,-1944831.92748863,"1",WaterBody,Bullock Hole,Bullock Hole,"200702071940","2",Perennial,"2",Natural,Pool,"-99",Unknown,"3",MinorRiver,,,LGATE-016-filtered_points,/Users/293003c/Library/CloudStorage/OneDrive-Curtin/Projects/TCZ-research/water point GIS/Edited-layers/LGATE-016-filtered_points.shp,44.000000000000000,,,,
-554492.175339821,-1955348.423611,"1",WaterBody,,,"200702071939","2",Perennial,"2",Natural,Pool,"-99",Unknown,"3",MinorRiver,,,LGATE-016-filtered_points,/Users/293003c/Library/CloudStorage/OneDrive-Curtin/Projects/TCZ-research/water point GIS/Edited-layers/LGATE-016-filtered_points.shp,41.000000000000000,,,,
-540729.239933482,-1929831.90515298,"1",WaterBody,,,"200702071939","2",Perennial,"2",Natural,Pool,"-99",Unknown,"3",MinorRiver,,,LGATE-016-filtered_points,/Users/293003c/Library/CloudStorage/OneDrive-Curtin/Projects/TCZ-research/water point GIS/Edited-layers/LGATE-016-filtered_points.shp,47.000000000000000,,,,
-598983.494394258,-1963869.84676601,"1",WaterBody,Margaret River,Margaret River,"200702071940","2",Perennial,"2",Natural,Pool,"-99",Unknown,"2",MajorRiver,,,LGATE-016-filtered_points,/Users/293003c/Library/CloudStorage/OneDrive-Curtin/Projects/TCZ-research/water point GIS/Edited-layers/LGATE-016-filtered_points.shp,41.000000000000000,,,,
-591049.320642323,-1943242.46103327,"1",WaterBody,,,"200702071939","2",Perennial,"2",Natural,Pool,"-99",Unknown,"3",MinorRiver,,,LGATE-016-filtered_points,/Users/293003c/Library/CloudStorage/OneDrive-Curtin/Projects/TCZ-research/water point GIS/Edited-layers/LGATE-016-filtered_points.shp,43.000000000000000,,,,
-572195.327447685,-1961353.11150736,"1",WaterBody,,,"200702071940","2",Perennial,"2",Natural,Pool,"-99",Unknown,"3",MinorRiver,,,LGATE-016-filtered_points,/Users/293003c/Library/CloudStorage/OneDrive-Curtin/Projects/TCZ-research/water point GIS/Edited-layers/LGATE-016-filtered_points.shp,42.000000000000000,,,,
-581874.517708501,-1944518.07946509,"1",WaterBody,,,"200702071940","2",Perennial,"2",Natural,Pool,"-99",Unknown,"3",MinorRiver,,,LGATE-016-filtered_points,/Users/293003c/Library/CloudStorage/OneDrive-Curtin/Projects/TCZ-research/water point GIS/Edited-layers/LGATE-016-filtered_points.shp,41.000000000000000,,,,
-549055.620525513,-1951757.66140269,"1",WaterBody,,,"200702071940","2",Perennial,"2",Natural,Pool,"-99",Unknown,"3",MinorRiver,,,LGATE-016-filtered_points,/Users/293003c/Library/CloudStorage/OneDrive-Curtin/Projects/TCZ-research/water point GIS/Edited-layers/LGATE-016-filtered_points.shp,41.000000000000000,,,,
-334281.634948754,-1974905.22806824,"1",WaterBody,Sturt Creek,Sturt Creek,"200702071247","2",Perennial,"2",Natural,Pool,"-99",Unknown,"2",MajorRiver,,,LGATE-016-filtered_points,/Users/293003c/Library/CloudStorage/OneDrive-Curtin/Projects/TCZ-research/water point GIS/Edited-layers/LGATE-016-filtered_points.shp,33.000000000000000,"1",,,
-334241.850345129,-1974892.47413174,"1",WaterBody,Sturt Creek,Sturt Creek,"200702071247","2",Perennial,"2",Natural,Pool,"-99",Unknown,"2",MajorRiver,,,LGATE-016-filtered_points,/Users/293003c/Library/CloudStorage/OneDrive-Curtin/Projects/TCZ-research/water point GIS/Edited-layers/LGATE-016-filtered_points.shp,33.000000000000000,"1",,,
-478252.006315713,-2167203.12212707,"1",WaterBody,,,"200702071247","2",Perennial,"2",Natural,Lake,"-99",Unknown,"-99",Unknown,,,LGATE-016-filtered_points,/Users/293003c/Library/CloudStorage/OneDrive-Curtin/Projects/TCZ-research/water point GIS/Edited-layers/LGATE-016-filtered_points.shp,26.000000000000000,,,,
-551297.908741608,-1949158.94872548,"1",WaterBody,,,"200702071939","2",Perennial,"2",Natural,Pool,"-99",Unknown,"3",MinorRiver,,,LGATE-016-filtered_points,/Users/293003c/Library/CloudStorage/OneDrive-Curtin/Projects/TCZ-research/water point GIS/Edited-layers/LGATE-016-filtered_points.shp,44.000000000000000,,,,
-504911.378704565,-2018814.08379347,"1",WaterBody,,,"200702071940","2",Perennial,"2",Natural,Pool,"-99",Unknown,"3",MinorRiver,,,LGATE-016-filtered_points,/Users/293003c/Library/CloudStorage/OneDrive-Curtin/Projects/TCZ-research/water point GIS/Edited-layers/LGATE-016-filtered_points.shp,40.000000000000000,,,,
-486297.539841316,-1989054.21947534,"1",WaterBody,Mary River,Mary River,"200702071940","2",Perennial,"2",Natural,Pool,"-99",Unknown,"3",MinorRiver,,,LGATE-016-filtered_points,/Users/293003c/Library/CloudStorage/OneDrive-Curtin/Projects/TCZ-research/water point GIS/Edited-layers/LGATE-016-filtered_points.shp,40.000000000000000,,,,
-591300.790662444,-1981462.42726243,"1",WaterBody,,,"200702071940","2",Perennial,"2",Natural,Pool,"-99",Unknown,"3",MinorRiver,,,LGATE-016-filtered_points,/Users/293003c/Library/CloudStorage/OneDrive-Curtin/Projects/TCZ-research/water point GIS/Edited-layers/LGATE-016-filtered_points.shp,41.000000000000000,,,,
-495292.073580594,-1957870.74207539,"1",WaterBody,,,"200702071940","2",Perennial,"2",Natural,Lake,"-99",Unknown,"3",MinorRiver,,,LGATE-016-filtered_points,/Users/293003c/Library/CloudStorage/OneDrive-Curtin/Projects/TCZ-research/water point GIS/Edited-layers/LGATE-016-filtered_points.shp,43.000000000000000,,,,
-580331.392679009,-1945609.75141625,"1",WaterBody,,,"200702071940","2",Perennial,"2",Natural,Pool,"-99",Unknown,"3",MinorRiver,,,LGATE-016-filtered_points,/Users/293003c/Library/CloudStorage/OneDrive-Curtin/Projects/TCZ-research/water point GIS/Edited-layers/LGATE-016-filtered_points.shp,41.000000000000000,,,,
-505488.958593338,-2002580.98673022,"1",WaterBody,Mary River,Mary River,"200702071940","2",Perennial,"2",Natural,Pool,"-99",Unknown,"3",MinorRiver,,,LGATE-016-filtered_points,/Users/293003c/Library/CloudStorage/OneDrive-Curtin/Projects/TCZ-research/water point GIS/Edited-layers/LGATE-016-filtered_points.shp,39.000000000000000,,,,
-503801.856357159,-2001174.25353359,"1",WaterBody,Mary River,Mary River,"200702071939","2",Perennial,"2",Natural,Pool,"-99",Unknown,"3",MinorRiver,,,LGATE-016-filtered_points,/Users/293003c/Library/CloudStorage/OneDrive-Curtin/Projects/TCZ-research/water point GIS/Edited-layers/LGATE-016-filtered_points.shp,39.000000000000000,,,,
-422946.568997862,-1963983.13529547,"1",WaterBody,Elvire River,Elvire River,"200702071939","2",Perennial,"2",Natural,Pool,"-99",Unknown,"2",MajorRiver,,,LGATE-016-filtered_points,/Users/293003c/Library/CloudStorage/OneDrive-Curtin/Projects/TCZ-research/water point GIS/Edited-layers/LGATE-016-filtered_points.shp,36.000000000000000,"1",,,
-534661.51844662,-1949219.89332205,"1",WaterBody,,,"200702071940","2",Perennial,"2",Natural,Pool,"-99",Unknown,"3",MinorRiver,,,LGATE-016-filtered_points,/Users/293003c/Library/CloudStorage/OneDrive-Curtin/Projects/TCZ-research/water point GIS/Edited-layers/LGATE-016-filtered_points.shp,44.000000000000000,,,,
-446428.390226702,-1958238.98248188,"1",WaterBody,,,"200702071939","2",Perennial,"1",Manmade,EarthDam,"-99",Unknown,"3",MinorRiver,,,LGATE-016-filtered_points,/Users/293003c/Library/CloudStorage/OneDrive-Curtin/Projects/TCZ-research/water point GIS/Edited-layers/LGATE-016-filtered_points.shp,39.000000000000000,"1",,,
-356967.507152244,-1936358.98653776,"1",WaterBody,Nicholson River,Nicholson River,"200702071247","2",Perennial,"2",Natural,Pool,"-99",Unknown,"2",MajorRiver,,,LGATE-016-filtered_points,/Users/293003c/Library/CloudStorage/OneDrive-Curtin/Projects/TCZ-research/water point GIS/Edited-layers/LGATE-016-filtered_points.shp,36.000000000000000,"1",,,
-614055.767975772,-2044575.96489496,"1",WaterBody,Christmas Creek,Christmas Creek,"200702071940","2",Perennial,"2",Natural,Pool,"-99",Unknown,"2",MajorRiver,,,LGATE-016-filtered_points,/Users/293003c/Library/CloudStorage/OneDrive-Curtin/Projects/TCZ-research/water point GIS/Edited-layers/LGATE-016-filtered_points.shp,32.000000000000000,,,,
-607904.009201242,-1963964.88628753,"1",WaterBody,Leopold River,Leopold River,"201106162009","2",Perennial,"2",Natural,Pool,"-99",Unknown,"2",MajorRiver,,,LGATE-016-filtered_points,/Users/293003c/Library/CloudStorage/OneDrive-Curtin/Projects/TCZ-research/water point GIS/Edited-layers/LGATE-016-filtered_points.shp,36.000000000000000,,,,
-606843.374574142,-1962443.53786268,"1",WaterBody,Leopold River,Leopold River,"201106162009","2",Perennial,"2",Natural,Pool,"-99",Unknown,"2",MajorRiver,,,LGATE-016-filtered_points,/Users/293003c/Library/CloudStorage/OneDrive-Curtin/Projects/TCZ-research/water point GIS/Edited-layers/LGATE-016-filtered_points.shp,39.000000000000000,,,,
-607142.743861122,-1962955.95358514,"1",WaterBody,Leopold River,Leopold River,"201106162009","2",Perennial,"2",Natural,Pool,"-99",Unknown,"2",MajorRiver,,,LGATE-016-filtered_points,/Users/293003c/Library/CloudStorage/OneDrive-Curtin/Projects/TCZ-research/water point GIS/Edited-layers/LGATE-016-filtered_points.shp,39.000000000000000,,,,
-575215.796748077,-1945600.44265302,"1",WaterBody,,,"200702071940","2",Perennial,"2",Natural,Pool,"-99",Unknown,"3",MinorRiver,,,LGATE-016-filtered_points,/Users/293003c/Library/CloudStorage/OneDrive-Curtin/Projects/TCZ-research/water point GIS/Edited-layers/LGATE-016-filtered_points.shp,43.000000000000000,,,,
-588991.672294537,-1990285.15224489,"1",WaterBody,,,"200702071939","2",Perennial,"2",Natural,Pool,"-99",Unknown,"3",MinorRiver,,,LGATE-016-filtered_points,/Users/293003c/Library/CloudStorage/OneDrive-Curtin/Projects/TCZ-research/water point GIS/Edited-layers/LGATE-016-filtered_points.shp,38.000000000000000,,,,
-414445.886269284,-1953130.74619469,"1",WaterBody,Elvire River,Elvire River,"200702071247","2",Perennial,"2",Natural,Pool,"-99",Unknown,"2",MajorRiver,,,LGATE-016-filtered_points,/Users/293003c/Library/CloudStorage/OneDrive-Curtin/Projects/TCZ-research/water point GIS/Edited-layers/LGATE-016-filtered_points.shp,36.000000000000000,"1",,,
-551833.226106708,-1945828.01432351,"1",WaterBody,,,"200702071939","2",Perennial,"2",Natural,Pool,"-99",Unknown,"3",MinorRiver,,,LGATE-016-filtered_points,/Users/293003c/Library/CloudStorage/OneDrive-Curtin/Projects/TCZ-research/water point GIS/Edited-layers/LGATE-016-filtered_points.shp,44.000000000000000,,,,
-434342.582547085,-1966728.08536239,"1",WaterBody,,,"200702071939","2",Perennial,"2",Natural,Pool,"-99",Unknown,"2",MajorRiver,,,LGATE-016-filtered_points,/Users/293003c/Library/CloudStorage/OneDrive-Curtin/Projects/TCZ-research/water point GIS/Edited-layers/LGATE-016-filtered_points.shp,37.000000000000000,"1",,,
-487619.467400234,-1999581.33143653,"1",WaterBody,,,"200702071939","2",Perennial,"2",Natural,Pool,"-99",Unknown,"3",MinorRiver,,,LGATE-016-filtered_points,/Users/293003c/Library/CloudStorage/OneDrive-Curtin/Projects/TCZ-research/water point GIS/Edited-layers/LGATE-016-filtered_points.shp,39.000000000000000,,,,
-572999.080391938,-1939691.6922913,"1",WaterBody,,,"200702071940","2",Perennial,"2",Natural,Pool,"-99",Unknown,"3",MinorRiver,,,LGATE-016-filtered_points,/Users/293003c/Library/CloudStorage/OneDrive-Curtin/Projects/TCZ-research/water point GIS/Edited-layers/LGATE-016-filtered_points.shp,42.000000000000000,,,,
-591185.300630264,-1939449.59284691,"1",WaterBody,,,"200702071939","2",Perennial,"2",Natural,Pool,"-99",Unknown,"3",MinorRiver,,,LGATE-016-filtered_points,/Users/293003c/Library/CloudStorage/OneDrive-Curtin/Projects/TCZ-research/water point GIS/Edited-layers/LGATE-016-filtered_points.shp,40.000000000000000,,,,
-389476.204342487,-2043430.14886971,"1",WaterBody,Sturt Creek,Sturt Creek,"200702071247","2",Perennial,"2",Natural,Pool,"-99",Unknown,"2",MajorRiver,,,LGATE-016-filtered_points,/Users/293003c/Library/CloudStorage/OneDrive-Curtin/Projects/TCZ-research/water point GIS/Edited-layers/LGATE-016-filtered_points.shp,30.000000000000000,,,,
-582739.129621174,-1941055.75144894,"1",WaterBody,,,"200702071939","2",Perennial,"2",Natural,Pool,"-99",Unknown,"3",MinorRiver,,,LGATE-016-filtered_points,/Users/293003c/Library/CloudStorage/OneDrive-Curtin/Projects/TCZ-research/water point GIS/Edited-layers/LGATE-016-filtered_points.shp,41.000000000000000,,,,
-429396.181437491,-1960650.29787758,"1",WaterBody,Black Elvire River,Black Elvire River,"200702071940","2",Perennial,"2",Natural,Pool,"-99",Unknown,"2",MajorRiver,,,LGATE-016-filtered_points,/Users/293003c/Library/CloudStorage/OneDrive-Curtin/Projects/TCZ-research/water point GIS/Edited-layers/LGATE-016-filtered_points.shp,37.000000000000000,"1",,,
-477133.626816405,-1953958.41323591,"1",WaterBody,Station Creek,Station Creek,"200702071940","2",Perennial,"2",Natural,Pool,"-99",Unknown,"3",MinorRiver,,,LGATE-016-filtered_points,/Users/293003c/Library/CloudStorage/OneDrive-Curtin/Projects/TCZ-research/water point GIS/Edited-layers/LGATE-016-filtered_points.shp,43.000000000000000,,,,
-389311.426305755,-1985639.14928293,"1",WaterBody,Cow Creek,Cow Creek,"200702071247","2",Perennial,"2",Natural,Pool,"-99",Unknown,"-99",Unknown,,,LGATE-016-filtered_points,/Users/293003c/Library/CloudStorage/OneDrive-Curtin/Projects/TCZ-research/water point GIS/Edited-layers/LGATE-016-filtered_points.shp,35.000000000000000,"1",,,
-552115.331013145,-1934333.20865792,"1",WaterBody,,,"200702071940","2",Perennial,"2",Natural,Pool,"-99",Unknown,"3",MinorRiver,,,LGATE-016-filtered_points,/Users/293003c/Library/CloudStorage/OneDrive-Curtin/Projects/TCZ-research/water point GIS/Edited-layers/LGATE-016-filtered_points.shp,44.000000000000000,,,,
-603927.30393937,-1997952.75438738,"1",WaterBody,,,"200702071940","2",Perennial,"2",Natural,Pool,"-99",Unknown,"3",MinorRiver,,,LGATE-016-filtered_points,/Users/293003c/Library/CloudStorage/OneDrive-Curtin/Projects/TCZ-research/water point GIS/Edited-layers/LGATE-016-filtered_points.shp,35.000000000000000,,,,
-531506.198100962,-2024210.96666941,"1",WaterBody,Janet Creek,Janet Creek,"200702071940","2",Perennial,"2",Natural,Pool,"-99",Unknown,"3",MinorRiver,,,LGATE-016-filtered_points,/Users/293003c/Library/CloudStorage/OneDrive-Curtin/Projects/TCZ-research/water point GIS/Edited-layers/LGATE-016-filtered_points.shp,37.000000000000000,,,,
-363642.881300694,-1927641.64987857,"1",WaterBody,Nicholson River,Nicholson River,"200702071247","2",Perennial,"2",Natural,Pool,"-99",Unknown,"2",MajorRiver,,,LGATE-016-filtered_points,/Users/293003c/Library/CloudStorage/OneDrive-Curtin/Projects/TCZ-research/water point GIS/Edited-layers/LGATE-016-filtered_points.shp,36.000000000000000,"1",,,
-555814.51689337,-1934365.88401737,"1",WaterBody,Little Gold River,Little Gold River,"200702071940","2",Perennial,"2",Natural,Pool,"-99",Unknown,"3",MinorRiver,,,LGATE-016-filtered_points,/Users/293003c/Library/CloudStorage/OneDrive-Curtin/Projects/TCZ-research/water point GIS/Edited-layers/LGATE-016-filtered_points.shp,44.000000000000000,,,,
-581190.56282953,-1944830.55503521,"1",WaterBody,,,"200702071940","2",Perennial,"2",Natural,Pool,"-99",Unknown,"3",MinorRiver,,,LGATE-016-filtered_points,/Users/293003c/Library/CloudStorage/OneDrive-Curtin/Projects/TCZ-research/water point GIS/Edited-layers/LGATE-016-filtered_points.shp,41.000000000000000,,,,
-497043.768755227,-2001728.77913263,"1",WaterBody,Garden Creek,Garden Creek,"200702071940","2",Perennial,"2",Natural,Pool,"-99",Unknown,"3",MinorRiver,,,LGATE-016-filtered_points,/Users/293003c/Library/CloudStorage/OneDrive-Curtin/Projects/TCZ-research/water point GIS/Edited-layers/LGATE-016-filtered_points.shp,39.000000000000000,,,,
-506492.64268341,-1969472.442732,"1",WaterBody,Margaret River,Margaret River,"200702071940","2",Perennial,"2",Natural,Pool,"-99",Unknown,"2",MajorRiver,,,LGATE-016-filtered_points,/Users/293003c/Library/CloudStorage/OneDrive-Curtin/Projects/TCZ-research/water point GIS/Edited-layers/LGATE-016-filtered_points.shp,42.000000000000000,,,,
-553713.004709311,-1967660.97030974,"1",WaterBody,,,"200702071940","2",Perennial,"2",Natural,Pool,"-99",Unknown,"3",MinorRiver,,,LGATE-016-filtered_points,/Users/293003c/Library/CloudStorage/OneDrive-Curtin/Projects/TCZ-research/water point GIS/Edited-layers/LGATE-016-filtered_points.shp,40.000000000000000,,,,
-358591.704558484,-1999521.29047412,"1",WaterBody,,,"200702071247","2",Perennial,"2",Natural,Pool,"-99",Unknown,"-99",Unknown,,,LGATE-016-filtered_points,/Users/293003c/Library/CloudStorage/OneDrive-Curtin/Projects/TCZ-research/water point GIS/Edited-layers/LGATE-016-filtered_points.shp,32.000000000000000,,,,
-547589.87711792,-1945216.68822315,"1",WaterBody,,,"200702071939","2",Perennial,"2",Natural,Pool,"-99",Unknown,"3",MinorRiver,,,LGATE-016-filtered_points,/Users/293003c/Library/CloudStorage/OneDrive-Curtin/Projects/TCZ-research/water point GIS/Edited-layers/LGATE-016-filtered_points.shp,44.000000000000000,,,,
-550649.83790512,-1949027.08123379,"1",WaterBody,,,"200702071939","2",Perennial,"2",Natural,Pool,"-99",Unknown,"3",MinorRiver,,,LGATE-016-filtered_points,/Users/293003c/Library/CloudStorage/OneDrive-Curtin/Projects/TCZ-research/water point GIS/Edited-layers/LGATE-016-filtered_points.shp,44.000000000000000,,,,
-430109.694625487,-2072422.31553553,"1",WaterBody,Sturt Creek,Sturt Creek,"200702071247","2",Perennial,"2",Natural,Pool,"-99",Unknown,"2",MajorRiver,,,LGATE-016-filtered_points,/Users/293003c/Library/CloudStorage/OneDrive-Curtin/Projects/TCZ-research/water point GIS/Edited-layers/LGATE-016-filtered_points.shp,30.000000000000000,,,,
-431112.332827058,-2073949.55502027,"1",WaterBody,Sturt Creek,Sturt Creek,"200702071247","2",Perennial,"2",Natural,Pool,"-99",Unknown,"2",MajorRiver,,,LGATE-016-filtered_points,/Users/293003c/Library/CloudStorage/OneDrive-Curtin/Projects/TCZ-research/water point GIS/Edited-layers/LGATE-016-filtered_points.shp,30.000000000000000,,,,
-431787.803395975,-2075505.7093489,"1",WaterBody,Sturt Creek,Sturt Creek,"200702071247","2",Perennial,"2",Natural,Pool,"-99",Unknown,"2",MajorRiver,,,LGATE-016-filtered_points,/Users/293003c/Library/CloudStorage/OneDrive-Curtin/Projects/TCZ-research/water point GIS/Edited-layers/LGATE-016-filtered_points.shp,30.000000000000000,,,,
-433200.243638078,-2076274.22333948,"1",WaterBody,Sturt Creek,Sturt Creek,"200702071247","2",Perennial,"2",Natural,Pool,"-99",Unknown,"2",MajorRiver,,,LGATE-016-filtered_points,/Users/293003c/Library/CloudStorage/OneDrive-Curtin/Projects/TCZ-research/water point GIS/Edited-layers/LGATE-016-filtered_points.shp,30.000000000000000,,,,
-433492.797016696,-2076161.26454144,"1",WaterBody,Sturt Creek,Sturt Creek,"200702071247","2",Perennial,"2",Natural,Pool,"-99",Unknown,"2",MajorRiver,,,LGATE-016-filtered_points,/Users/293003c/Library/CloudStorage/OneDrive-Curtin/Projects/TCZ-research/water point GIS/Edited-layers/LGATE-016-filtered_points.shp,30.000000000000000,,,,
-433348.56026749,-2076098.63865534,"1",WaterBody,Sturt Creek,Sturt Creek,"200702071247","2",Perennial,"2",Natural,Pool,"-99",Unknown,"2",MajorRiver,,,LGATE-016-filtered_points,/Users/293003c/Library/CloudStorage/OneDrive-Curtin/Projects/TCZ-research/water point GIS/Edited-layers/LGATE-016-filtered_points.shp,30.000000000000000,,,,
-431904.203483002,-2075081.21361632,"1",WaterBody,Sturt Creek,Sturt Creek,"200702071247","2",Perennial,"2",Natural,Pool,"-99",Unknown,"2",MajorRiver,,,LGATE-016-filtered_points,/Users/293003c/Library/CloudStorage/OneDrive-Curtin/Projects/TCZ-research/water point GIS/Edited-layers/LGATE-016-filtered_points.shp,30.000000000000000,,,,
-431255.883372067,-2073407.22107193,"1",WaterBody,Sturt Creek,Sturt Creek,"200702071247","2",Perennial,"2",Natural,Pool,"-99",Unknown,"2",MajorRiver,,,LGATE-016-filtered_points,/Users/293003c/Library/CloudStorage/OneDrive-Curtin/Projects/TCZ-research/water point GIS/Edited-layers/LGATE-016-filtered_points.shp,30.000000000000000,,,,
-430460.845746487,-2072436.82928591,"1",WaterBody,Sturt Creek,Sturt Creek,"200702071247","2",Perennial,"2",Natural,Pool,"-99",Unknown,"2",MajorRiver,,,LGATE-016-filtered_points,/Users/293003c/Library/CloudStorage/OneDrive-Curtin/Projects/TCZ-research/water point GIS/Edited-layers/LGATE-016-filtered_points.shp,30.000000000000000,,,,
-431010.190119583,-2073422.53903989,"1",WaterBody,Sturt Creek,Sturt Creek,"200702071247","2",Perennial,"2",Natural,Pool,"-99",Unknown,"2",MajorRiver,,,LGATE-016-filtered_points,/Users/293003c/Library/CloudStorage/OneDrive-Curtin/Projects/TCZ-research/water point GIS/Edited-layers/LGATE-016-filtered_points.shp,30.000000000000000,,,,
-605088.426359482,-2035470.69200626,"1",WaterBody,Christmas Creek,Christmas Creek,"200702071940","2",Perennial,"2",Natural,Pool,"-99",Unknown,"2",MajorRiver,,,LGATE-016-filtered_points,/Users/293003c/Library/CloudStorage/OneDrive-Curtin/Projects/TCZ-research/water point GIS/Edited-layers/LGATE-016-filtered_points.shp,33.000000000000000,,,,
-363996.481942244,-1936470.76324783,"1",WaterBody,Bamboo Creek,Bamboo Creek,"200702071247","2",Perennial,"2",Natural,Pool,"-99",Unknown,"-99",Unknown,,,LGATE-016-filtered_points,/Users/293003c/Library/CloudStorage/OneDrive-Curtin/Projects/TCZ-research/water point GIS/Edited-layers/LGATE-016-filtered_points.shp,36.000000000000000,"1",,,
-582176.081540718,-1945448.21073308,"1",WaterBody,,,"200702071940","2",Perennial,"2",Natural,Pool,"-99",Unknown,"3",MinorRiver,,,LGATE-016-filtered_points,/Users/293003c/Library/CloudStorage/OneDrive-Curtin/Projects/TCZ-research/water point GIS/Edited-layers/LGATE-016-filtered_points.shp,41.000000000000000,,,,
-599103.206440424,-1977122.73104213,"1",WaterBody,,,"200702071940","2",Perennial,"2",Natural,Pool,"-99",Unknown,"3",MinorRiver,,,LGATE-016-filtered_points,/Users/293003c/Library/CloudStorage/OneDrive-Curtin/Projects/TCZ-research/water point GIS/Edited-layers/LGATE-016-filtered_points.shp,40.000000000000000,,,,
-346149.592614719,-1940957.98757455,"1",WaterBody,Nicholson River,Nicholson River,"200702071247","2",Perennial,"2",Natural,Pool,"-99",Unknown,"2",MajorRiver,,,LGATE-016-filtered_points,/Users/293003c/Library/CloudStorage/OneDrive-Curtin/Projects/TCZ-research/water point GIS/Edited-layers/LGATE-016-filtered_points.shp,36.000000000000000,"1",,,
-346180.246991141,-1940990.11621144,"1",WaterBody,Nicholson River,Nicholson River,"200702071247","2",Perennial,"2",Natural,Pool,"-99",Unknown,"2",MajorRiver,,,LGATE-016-filtered_points,/Users/293003c/Library/CloudStorage/OneDrive-Curtin/Projects/TCZ-research/water point GIS/Edited-layers/LGATE-016-filtered_points.shp,36.000000000000000,"1",,,
-432626.091593447,-1965677.28596445,"1",WaterBody,Black Elvire River,Black Elvire River,"200702071940","2",Perennial,"2",Natural,Pool,"-99",Unknown,"2",MajorRiver,,,LGATE-016-filtered_points,/Users/293003c/Library/CloudStorage/OneDrive-Curtin/Projects/TCZ-research/water point GIS/Edited-layers/LGATE-016-filtered_points.shp,37.000000000000000,"1",,,
-487511.692978458,-1999613.164059,"1",WaterBody,,,"200702071940","2",Perennial,"2",Natural,Pool,"-99",Unknown,"3",MinorRiver,,,LGATE-016-filtered_points,/Users/293003c/Library/CloudStorage/OneDrive-Curtin/Projects/TCZ-research/water point GIS/Edited-layers/LGATE-016-filtered_points.shp,39.000000000000000,,,,
-330567.871981751,-1931142.6888775,"1",WaterBody,,,"200702071247","2",Perennial,"2",Natural,Pool,"-99",Unknown,"2",MajorRiver,,,LGATE-016-filtered_points,/Users/293003c/Library/CloudStorage/OneDrive-Curtin/Projects/TCZ-research/water point GIS/Edited-layers/LGATE-016-filtered_points.shp,36.000000000000000,"1",,,
-567611.315790322,-1937702.00034719,"1",WaterBody,McKinnon Creek,McKinnon Creek,"200702071940","2",Perennial,"2",Natural,Pool,"-99",Unknown,"3",MinorRiver,,,LGATE-016-filtered_points,/Users/293003c/Library/CloudStorage/OneDrive-Curtin/Projects/TCZ-research/water point GIS/Edited-layers/LGATE-016-filtered_points.shp,42.000000000000000,,,,
-575564.998306147,-1936052.1023185,"1",WaterBody,Little Gold River,Little Gold River,"200702071939","2",Perennial,"2",Natural,Pool,"-99",Unknown,"3",MinorRiver,,,LGATE-016-filtered_points,/Users/293003c/Library/CloudStorage/OneDrive-Curtin/Projects/TCZ-research/water point GIS/Edited-layers/LGATE-016-filtered_points.shp,42.000000000000000,,,,
-575457.354009397,-1935986.16031011,"1",WaterBody,Little Gold River,Little Gold River,"200702071939","2",Perennial,"2",Natural,Pool,"-99",Unknown,"3",MinorRiver,,,LGATE-016-filtered_points,/Users/293003c/Library/CloudStorage/OneDrive-Curtin/Projects/TCZ-research/water point GIS/Edited-layers/LGATE-016-filtered_points.shp,42.000000000000000,,,,
-478109.562106647,-1998529.14600596,"1",WaterBody,,,"200702071940","2",Perennial,"2",Natural,Pool,"-99",Unknown,"3",MinorRiver,,,LGATE-016-filtered_points,/Users/293003c/Library/CloudStorage/OneDrive-Curtin/Projects/TCZ-research/water point GIS/Edited-layers/LGATE-016-filtered_points.shp,40.000000000000000,,,,
-553551.088927135,-1990354.02466098,"1",WaterBody,,,"200702071940","2",Perennial,"2",Natural,Pool,"-99",Unknown,"3",MinorRiver,,,LGATE-016-filtered_points,/Users/293003c/Library/CloudStorage/OneDrive-Curtin/Projects/TCZ-research/water point GIS/Edited-layers/LGATE-016-filtered_points.shp,37.000000000000000,,,,
-438299.688511249,-1964979.94521961,"1",WaterBody,,,"200702071940","2",Perennial,"2",Natural,Pool,"-99",Unknown,"3",MinorRiver,,,LGATE-016-filtered_points,/Users/293003c/Library/CloudStorage/OneDrive-Curtin/Projects/TCZ-research/water point GIS/Edited-layers/LGATE-016-filtered_points.shp,39.000000000000000,"1",,,
-435609.229169504,-1973132.97374018,"1",WaterBody,,,"200702071939","2",Perennial,"2",Natural,Pool,"-99",Unknown,"2",MajorRiver,,,LGATE-016-filtered_points,/Users/293003c/Library/CloudStorage/OneDrive-Curtin/Projects/TCZ-research/water point GIS/Edited-layers/LGATE-016-filtered_points.shp,37.000000000000000,"1",,,
-423731.369212564,-1962065.34939491,"1",WaterBody,Elvire River,Elvire River,"200702071939","2",Perennial,"2",Natural,Pool,"-99",Unknown,"2",MajorRiver,,,LGATE-016-filtered_points,/Users/293003c/Library/CloudStorage/OneDrive-Curtin/Projects/TCZ-research/water point GIS/Edited-layers/LGATE-016-filtered_points.shp,36.000000000000000,"1",,,
-590858.7228585,-1943020.14651865,"1",WaterBody,,,"200702071940","2",Perennial,"2",Natural,Pool,"-99",Unknown,"3",MinorRiver,,,LGATE-016-filtered_points,/Users/293003c/Library/CloudStorage/OneDrive-Curtin/Projects/TCZ-research/water point GIS/Edited-layers/LGATE-016-filtered_points.shp,43.000000000000000,,,,
-567678.280894425,-1937742.81353499,"1",WaterBody,McKinnon Creek,McKinnon Creek,"200702071940","2",Perennial,"2",Natural,Pool,"-99",Unknown,"3",MinorRiver,,,LGATE-016-filtered_points,/Users/293003c/Library/CloudStorage/OneDrive-Curtin/Projects/TCZ-research/water point GIS/Edited-layers/LGATE-016-filtered_points.shp,42.000000000000000,,,,
-586067.769115556,-1960076.93466213,"1",WaterBody,,,"200702071940","2",Perennial,"2",Natural,Pool,"-99",Unknown,"3",MinorRiver,,,LGATE-016-filtered_points,/Users/293003c/Library/CloudStorage/OneDrive-Curtin/Projects/TCZ-research/water point GIS/Edited-layers/LGATE-016-filtered_points.shp,41.000000000000000,,,,
-423750.624121007,-1962758.02218138,"1",WaterBody,,,"200702071940","2",Perennial,"2",Natural,Pool,"-99",Unknown,"2",MajorRiver,,,LGATE-016-filtered_points,/Users/293003c/Library/CloudStorage/OneDrive-Curtin/Projects/TCZ-research/water point GIS/Edited-layers/LGATE-016-filtered_points.shp,36.000000000000000,"1",,,
-487920.837776704,-1999602.30479419,"1",WaterBody,,,"200702071940","2",Perennial,"2",Natural,Pool,"-99",Unknown,"3",MinorRiver,,,LGATE-016-filtered_points,/Users/293003c/Library/CloudStorage/OneDrive-Curtin/Projects/TCZ-research/water point GIS/Edited-layers/LGATE-016-filtered_points.shp,39.000000000000000,,,,
-551167.094981629,-1989715.64000702,"1",WaterBody,,,"200702071940","2",Perennial,"2",Natural,Pool,"-99",Unknown,"3",MinorRiver,,,LGATE-016-filtered_points,/Users/293003c/Library/CloudStorage/OneDrive-Curtin/Projects/TCZ-research/water point GIS/Edited-layers/LGATE-016-filtered_points.shp,38.000000000000000,,,,
-508257.437780164,-2006052.63381898,"1",WaterBody,Hangman Creek,Hangman Creek,"200702071940","2",Perennial,"2",Natural,Pool,"-99",Unknown,"3",MinorRiver,,,LGATE-016-filtered_points,/Users/293003c/Library/CloudStorage/OneDrive-Curtin/Projects/TCZ-research/water point GIS/Edited-layers/LGATE-016-filtered_points.shp,38.000000000000000,,,,
-608885.130262784,-1963822.99946628,"1",WaterBody,,,"200702071939","2",Perennial,"2",Natural,Pool,"-99",Unknown,"3",MinorRiver,,,LGATE-016-filtered_points,/Users/293003c/Library/CloudStorage/OneDrive-Curtin/Projects/TCZ-research/water point GIS/Edited-layers/LGATE-016-filtered_points.shp,36.000000000000000,,,,
-608512.516628579,-1963354.75150208,"1",WaterBody,,,"200702071939","2",Perennial,"2",Natural,Pool,"-99",Unknown,"3",MinorRiver,,,LGATE-016-filtered_points,/Users/293003c/Library/CloudStorage/OneDrive-Curtin/Projects/TCZ-research/water point GIS/Edited-layers/LGATE-016-filtered_points.shp,40.000000000000000,,,,
-596279.333657249,-1933974.25415983,"1",WaterBody,,,"200702071939","2",Perennial,"2",Natural,Pool,"-99",Unknown,"2",MajorRiver,,,LGATE-016-filtered_points,/Users/293003c/Library/CloudStorage/OneDrive-Curtin/Projects/TCZ-research/water point GIS/Edited-layers/LGATE-016-filtered_points.shp,40.000000000000000,,,,
-486496.039238205,-1999546.31623632,"1",WaterBody,,,"200702071940","2",Perennial,"2",Natural,Pool,"-99",Unknown,"3",MinorRiver,,,LGATE-016-filtered_points,/Users/293003c/Library/CloudStorage/OneDrive-Curtin/Projects/TCZ-research/water point GIS/Edited-layers/LGATE-016-filtered_points.shp,39.000000000000000,,,,
-582777.368581061,-1947285.4583298,"1",WaterBody,,,"200702071940","2",Perennial,"2",Natural,Pool,"-99",Unknown,"3",MinorRiver,,,LGATE-016-filtered_points,/Users/293003c/Library/CloudStorage/OneDrive-Curtin/Projects/TCZ-research/water point GIS/Edited-layers/LGATE-016-filtered_points.shp,41.000000000000000,,,,
-577815.336013216,-1971645.10716705,"1",WaterBody,Margaret River,Margaret River,"200702071940","2",Perennial,"2",Natural,Pool,"-99",Unknown,"2",MajorRiver,,,LGATE-016-filtered_points,/Users/293003c/Library/CloudStorage/OneDrive-Curtin/Projects/TCZ-research/water point GIS/Edited-layers/LGATE-016-filtered_points.shp,37.000000000000000,,,,
-575994.795082678,-1972120.41380686,"1",WaterBody,Margaret River,Margaret River,"200702071940","2",Perennial,"2",Natural,Pool,"-99",Unknown,"2",MajorRiver,,,LGATE-016-filtered_points,/Users/293003c/Library/CloudStorage/OneDrive-Curtin/Projects/TCZ-research/water point GIS/Edited-layers/LGATE-016-filtered_points.shp,37.000000000000000,,,,
-574836.82781598,-1972329.75717576,"1",WaterBody,Margaret River,Margaret River,"200702071940","2",Perennial,"2",Natural,Pool,"-99",Unknown,"2",MajorRiver,,,LGATE-016-filtered_points,/Users/293003c/Library/CloudStorage/OneDrive-Curtin/Projects/TCZ-research/water point GIS/Edited-layers/LGATE-016-filtered_points.shp,38.000000000000000,,,,
-576725.18456141,-1972011.1448307,"1",WaterBody,Margaret River,Margaret River,"200702071940","2",Perennial,"2",Natural,Pool,"-99",Unknown,"2",MajorRiver,,,LGATE-016-filtered_points,/Users/293003c/Library/CloudStorage/OneDrive-Curtin/Projects/TCZ-research/water point GIS/Edited-layers/LGATE-016-filtered_points.shp,37.000000000000000,,,,
-578368.64759083,-1971372.7212412,"1",WaterBody,Margaret River,Margaret River,"200702071940","2",Perennial,"2",Natural,Pool,"-99",Unknown,"2",MajorRiver,,,LGATE-016-filtered_points,/Users/293003c/Library/CloudStorage/OneDrive-Curtin/Projects/TCZ-research/water point GIS/Edited-layers/LGATE-016-filtered_points.shp,37.000000000000000,,,,
-542556.453443441,-1930058.98545647,"1",WaterBody,,,"200702071939","2",Perennial,"2",Natural,Pool,"-99",Unknown,"3",MinorRiver,,,LGATE-016-filtered_points,/Users/293003c/Library/CloudStorage/OneDrive-Curtin/Projects/TCZ-research/water point GIS/Edited-layers/LGATE-016-filtered_points.shp,47.000000000000000,,,,
-370105.461301944,-1992323.24969462,"1",WaterBody,Button Creek,Button Creek,"200702071247","2",Perennial,"2",Natural,Pool,"-99",Unknown,"-99",Unknown,,,LGATE-016-filtered_points,/Users/293003c/Library/CloudStorage/OneDrive-Curtin/Projects/TCZ-research/water point GIS/Edited-layers/LGATE-016-filtered_points.shp,33.000000000000000,,,,
-582124.636156187,-1944160.7078401,"1",WaterBody,,,"200702071940","2",Perennial,"2",Natural,Pool,"-99",Unknown,"3",MinorRiver,,,LGATE-016-filtered_points,/Users/293003c/Library/CloudStorage/OneDrive-Curtin/Projects/TCZ-research/water point GIS/Edited-layers/LGATE-016-filtered_points.shp,41.000000000000000,,,,
-422343.154527727,-1963188.43625371,"1",WaterBody,Elvire River,Elvire River,"200702071940","2",Perennial,"2",Natural,Pool,"-99",Unknown,"2",MajorRiver,,,LGATE-016-filtered_points,/Users/293003c/Library/CloudStorage/OneDrive-Curtin/Projects/TCZ-research/water point GIS/Edited-layers/LGATE-016-filtered_points.shp,36.000000000000000,"1",,,
-495989.971060114,-1990146.78479263,"1",WaterBody,Mary River,Mary River,"200702071940","2",Perennial,"2",Natural,Pool,"-99",Unknown,"3",MinorRiver,,,LGATE-016-filtered_points,/Users/293003c/Library/CloudStorage/OneDrive-Curtin/Projects/TCZ-research/water point GIS/Edited-layers/LGATE-016-filtered_points.shp,40.000000000000000,,,,
-510802.065728295,-2007590.49660814,"1",WaterBody,Mary River,Mary River,"200702071940","2",Perennial,"2",Natural,Pool,"-99",Unknown,"3",MinorRiver,,,LGATE-016-filtered_points,/Users/293003c/Library/CloudStorage/OneDrive-Curtin/Projects/TCZ-research/water point GIS/Edited-layers/LGATE-016-filtered_points.shp,38.000000000000000,,,,
-555838.457285576,-1955191.0527156,"1",WaterBody,,,"200702071940","2",Perennial,"2",Natural,Pool,"-99",Unknown,"3",MinorRiver,,,LGATE-016-filtered_points,/Users/293003c/Library/CloudStorage/OneDrive-Curtin/Projects/TCZ-research/water point GIS/Edited-layers/LGATE-016-filtered_points.shp,42.000000000000000,,,,
-436090.943712381,-1968732.6897231,"1",WaterBody,Black Elvire River,Black Elvire River,"200702071940","2",Perennial,"2",Natural,Pool,"-99",Unknown,"2",MajorRiver,,,LGATE-016-filtered_points,/Users/293003c/Library/CloudStorage/OneDrive-Curtin/Projects/TCZ-research/water point GIS/Edited-layers/LGATE-016-filtered_points.shp,37.000000000000000,"1",,,
-585957.046151419,-1958108.04855629,"1",WaterBody,,,"200702071940","2",Perennial,"2",Natural,Pool,"-99",Unknown,"3",MinorRiver,,,LGATE-016-filtered_points,/Users/293003c/Library/CloudStorage/OneDrive-Curtin/Projects/TCZ-research/water point GIS/Edited-layers/LGATE-016-filtered_points.shp,41.000000000000000,,,,
-570049.516995866,-1974651.25542585,"1",WaterBody,Margaret River,Margaret River,"200702071939","2",Perennial,"2",Natural,Pool,"-99",Unknown,"2",MajorRiver,,,LGATE-016-filtered_points,/Users/293003c/Library/CloudStorage/OneDrive-Curtin/Projects/TCZ-research/water point GIS/Edited-layers/LGATE-016-filtered_points.shp,37.000000000000000,,,,
-569988.918449091,-1974027.87698763,"1",WaterBody,Margaret River,Margaret River,"200702071939","2",Perennial,"2",Natural,Pool,"-99",Unknown,"2",MajorRiver,,,LGATE-016-filtered_points,/Users/293003c/Library/CloudStorage/OneDrive-Curtin/Projects/TCZ-research/water point GIS/Edited-layers/LGATE-016-filtered_points.shp,37.000000000000000,,,,
-547513.266260463,-1945292.56424125,"1",WaterBody,,,"200702071939","2",Perennial,"2",Natural,Pool,"-99",Unknown,"3",MinorRiver,,,LGATE-016-filtered_points,/Users/293003c/Library/CloudStorage/OneDrive-Curtin/Projects/TCZ-research/water point GIS/Edited-layers/LGATE-016-filtered_points.shp,44.000000000000000,,,,
-484495.001165643,-1998993.17967849,"1",WaterBody,,,"200702071939","2",Perennial,"2",Natural,Pool,"-99",Unknown,"3",MinorRiver,,,LGATE-016-filtered_points,/Users/293003c/Library/CloudStorage/OneDrive-Curtin/Projects/TCZ-research/water point GIS/Edited-layers/LGATE-016-filtered_points.shp,39.000000000000000,,,,
-485913.185891918,-1999303.75134883,"1",WaterBody,,,"200702071940","2",Perennial,"2",Natural,Pool,"-99",Unknown,"3",MinorRiver,,,LGATE-016-filtered_points,/Users/293003c/Library/CloudStorage/OneDrive-Curtin/Projects/TCZ-research/water point GIS/Edited-layers/LGATE-016-filtered_points.shp,39.000000000000000,,,,
-602946.338499565,-1976526.62900966,"1",WaterBody,,,"200702071940","2",Perennial,"2",Natural,Pool,"-99",Unknown,"3",MinorRiver,,,LGATE-016-filtered_points,/Users/293003c/Library/CloudStorage/OneDrive-Curtin/Projects/TCZ-research/water point GIS/Edited-layers/LGATE-016-filtered_points.shp,40.000000000000000,,,,
-494019.8496832,-1990262.19262477,"1",WaterBody,Mary River,Mary River,"200702071939","2",Perennial,"2",Natural,Pool,"-99",Unknown,"3",MinorRiver,,,LGATE-016-filtered_points,/Users/293003c/Library/CloudStorage/OneDrive-Curtin/Projects/TCZ-research/water point GIS/Edited-layers/LGATE-016-filtered_points.shp,40.000000000000000,,,,
-518842.186510442,-2021589.93806605,"1",WaterBody,Willy Willy Creek,Willy Willy Creek,"200702071940","2",Perennial,"2",Natural,Pool,"-99",Unknown,"3",MinorRiver,,,LGATE-016-filtered_points,/Users/293003c/Library/CloudStorage/OneDrive-Curtin/Projects/TCZ-research/water point GIS/Edited-layers/LGATE-016-filtered_points.shp,37.000000000000000,,,,
-455146.417443666,-2150941.04201761,"1",WaterBody,,,"200702071247","2",Perennial,"2",Natural,Pool,"-99",Unknown,"-99",Unknown,,,LGATE-016-filtered_points,/Users/293003c/Library/CloudStorage/OneDrive-Curtin/Projects/TCZ-research/water point GIS/Edited-layers/LGATE-016-filtered_points.shp,27.000000000000000,,,,
-509476.717838202,-2006853.99592709,"1",WaterBody,Mary River,Mary River,"200702071940","2",Perennial,"2",Natural,Pool,"-99",Unknown,"3",MinorRiver,,,LGATE-016-filtered_points,/Users/293003c/Library/CloudStorage/OneDrive-Curtin/Projects/TCZ-research/water point GIS/Edited-layers/LGATE-016-filtered_points.shp,38.000000000000000,,,,
-435451.742592813,-1967626.65988661,"1",WaterBody,Black Elvire River,Black Elvire River,"200702071939","2",Perennial,"2",Natural,Pool,"-99",Unknown,"2",MajorRiver,,,LGATE-016-filtered_points,/Users/293003c/Library/CloudStorage/OneDrive-Curtin/Projects/TCZ-research/water point GIS/Edited-layers/LGATE-016-filtered_points.shp,37.000000000000000,"1",,,
-578923.056036249,-1971268.44806596,"1",WaterBody,Margaret River,Margaret River,"200702071940","2",Perennial,"2",Natural,Pool,"-99",Unknown,"2",MajorRiver,,,LGATE-016-filtered_points,/Users/293003c/Library/CloudStorage/OneDrive-Curtin/Projects/TCZ-research/water point GIS/Edited-layers/LGATE-016-filtered_points.shp,37.000000000000000,,,,
-579388.825596961,-1971004.96322151,"1",WaterBody,Margaret River,Margaret River,"200702071940","2",Perennial,"2",Natural,Pool,"-99",Unknown,"2",MajorRiver,,,LGATE-016-filtered_points,/Users/293003c/Library/CloudStorage/OneDrive-Curtin/Projects/TCZ-research/water point GIS/Edited-layers/LGATE-016-filtered_points.shp,37.000000000000000,,,,
-510811.674723324,-2018409.36298222,"1",WaterBody,,,"200702071940","2",Perennial,"2",Natural,Pool,"-99",Unknown,"3",MinorRiver,,,LGATE-016-filtered_points,/Users/293003c/Library/CloudStorage/OneDrive-Curtin/Projects/TCZ-research/water point GIS/Edited-layers/LGATE-016-filtered_points.shp,37.000000000000000,,,,
-394746.925296673,-1984905.70700828,"1",WaterBody,Cow Creek,Cow Creek,"200702071247","2",Perennial,"2",Natural,Pool,"-99",Unknown,"-99",Unknown,,,LGATE-016-filtered_points,/Users/293003c/Library/CloudStorage/OneDrive-Curtin/Projects/TCZ-research/water point GIS/Edited-layers/LGATE-016-filtered_points.shp,35.000000000000000,"1",,,
-582631.209894564,-1943085.17497157,"1",WaterBody,,,"200702071940","2",Perennial,"2",Natural,Pool,"-99",Unknown,"3",MinorRiver,,,LGATE-016-filtered_points,/Users/293003c/Library/CloudStorage/OneDrive-Curtin/Projects/TCZ-research/water point GIS/Edited-layers/LGATE-016-filtered_points.shp,41.000000000000000,,,,
-332263.295535943,-2000676.61069878,"1",WaterBody,,,"200702071247","2",Perennial,"2",Natural,Pool,"-99",Unknown,"-99",Unknown,,,LGATE-016-filtered_points,/Users/293003c/Library/CloudStorage/OneDrive-Curtin/Projects/TCZ-research/water point GIS/Edited-layers/LGATE-016-filtered_points.shp,32.000000000000000,,,,
-329209.553944314,-1930456.34951384,"1",WaterBody,,,"200702071247","2",Perennial,"2",Natural,Pool,"-99",Unknown,"-99",Unknown,,,LGATE-016-filtered_points,/Users/293003c/Library/CloudStorage/OneDrive-Curtin/Projects/TCZ-research/water point GIS/Edited-layers/LGATE-016-filtered_points.shp,36.000000000000000,"1",,,
-398519.368129543,-1925976.43459864,"1",WaterBody,Elvire River,Elvire River,"200702071940","2",Perennial,"2",Natural,Pool,"-99",Unknown,"2",MajorRiver,,,LGATE-016-filtered_points,/Users/293003c/Library/CloudStorage/OneDrive-Curtin/Projects/TCZ-research/water point GIS/Edited-layers/LGATE-016-filtered_points.shp,36.000000000000000,"1",,,
-435913.489825531,-1973854.35565087,"1",WaterBody,,,"200702071940","2",Perennial,"2",Natural,Pool,"-99",Unknown,"2",MajorRiver,,,LGATE-016-filtered_points,/Users/293003c/Library/CloudStorage/OneDrive-Curtin/Projects/TCZ-research/water point GIS/Edited-layers/LGATE-016-filtered_points.shp,37.000000000000000,"1",,,
-542774.769346046,-1929848.27334075,"1",WaterBody,,,"200702071939","2",Perennial,"2",Natural,Pool,"-99",Unknown,"3",MinorRiver,,,LGATE-016-filtered_points,/Users/293003c/Library/CloudStorage/OneDrive-Curtin/Projects/TCZ-research/water point GIS/Edited-layers/LGATE-016-filtered_points.shp,47.000000000000000,,,,
-542548.043339092,-1929770.12968988,"1",WaterBody,,,"200702071939","2",Perennial,"2",Natural,Pool,"-99",Unknown,"3",MinorRiver,,,LGATE-016-filtered_points,/Users/293003c/Library/CloudStorage/OneDrive-Curtin/Projects/TCZ-research/water point GIS/Edited-layers/LGATE-016-filtered_points.shp,47.000000000000000,,,,
-591486.259525023,-1981279.54044904,"1",WaterBody,,,"200702071940","2",Perennial,"2",Natural,Pool,"-99",Unknown,"3",MinorRiver,,,LGATE-016-filtered_points,/Users/293003c/Library/CloudStorage/OneDrive-Curtin/Projects/TCZ-research/water point GIS/Edited-layers/LGATE-016-filtered_points.shp,41.000000000000000,,,,
-554337.762795535,-1956779.48716325,"1",WaterBody,,,"200702071939","2",Perennial,"2",Natural,Pool,"-99",Unknown,"3",MinorRiver,,,LGATE-016-filtered_points,/Users/293003c/Library/CloudStorage/OneDrive-Curtin/Projects/TCZ-research/water point GIS/Edited-layers/LGATE-016-filtered_points.shp,41.000000000000000,,,,
-552960.384163288,-1965274.82830451,"1",WaterBody,,,"200702071940","2",Perennial,"2",Natural,Pool,"-99",Unknown,"3",MinorRiver,,,LGATE-016-filtered_points,/Users/293003c/Library/CloudStorage/OneDrive-Curtin/Projects/TCZ-research/water point GIS/Edited-layers/LGATE-016-filtered_points.shp,40.000000000000000,,,,
-411775.398731821,-2065266.02910057,"1",WaterBody,Sturt Creek,Sturt Creek,"200702071247","2",Perennial,"2",Natural,Pool,"-99",Unknown,"2",MajorRiver,,,LGATE-016-filtered_points,/Users/293003c/Library/CloudStorage/OneDrive-Curtin/Projects/TCZ-research/water point GIS/Edited-layers/LGATE-016-filtered_points.shp,29.000000000000000,,,,
-413243.723600622,-2065418.64565322,"1",WaterBody,Sturt Creek,Sturt Creek,"200702071247","2",Perennial,"2",Natural,Pool,"-99",Unknown,"2",MajorRiver,,,LGATE-016-filtered_points,/Users/293003c/Library/CloudStorage/OneDrive-Curtin/Projects/TCZ-research/water point GIS/Edited-layers/LGATE-016-filtered_points.shp,29.000000000000000,,,,
-411778.900580153,-2065018.13768651,"1",WaterBody,Sturt Creek,Sturt Creek,"200702071247","2",Perennial,"2",Natural,Pool,"-99",Unknown,"2",MajorRiver,,,LGATE-016-filtered_points,/Users/293003c/Library/CloudStorage/OneDrive-Curtin/Projects/TCZ-research/water point GIS/Edited-layers/LGATE-016-filtered_points.shp,29.000000000000000,,,,
-595388.877042775,-1956205.85677454,"1",WaterBody,,,"200702071940","2",Perennial,"2",Natural,Pool,"-99",Unknown,"3",MinorRiver,,,LGATE-016-filtered_points,/Users/293003c/Library/CloudStorage/OneDrive-Curtin/Projects/TCZ-research/water point GIS/Edited-layers/LGATE-016-filtered_points.shp,41.000000000000000,,,,
-438135.256641307,-1965154.55733097,"1",WaterBody,,,"200702071939","2",Perennial,"2",Natural,Pool,"-99",Unknown,"3",MinorRiver,,,LGATE-016-filtered_points,/Users/293003c/Library/CloudStorage/OneDrive-Curtin/Projects/TCZ-research/water point GIS/Edited-layers/LGATE-016-filtered_points.shp,37.000000000000000,"1",,,
-479401.94670572,-2126873.78502316,"1",WaterBody,Overflow Creek,Overflow Creek,"200702071247","2",Perennial,"2",Natural,Pool,"-99",Unknown,"-99",Unknown,,,LGATE-016-filtered_points,/Users/293003c/Library/CloudStorage/OneDrive-Curtin/Projects/TCZ-research/water point GIS/Edited-layers/LGATE-016-filtered_points.shp,28.000000000000000,,,,
-479633.068301901,-2126884.27741416,"1",WaterBody,Overflow Creek,Overflow Creek,"200702071247","2",Perennial,"2",Natural,Pool,"-99",Unknown,"-99",Unknown,,,LGATE-016-filtered_points,/Users/293003c/Library/CloudStorage/OneDrive-Curtin/Projects/TCZ-research/water point GIS/Edited-layers/LGATE-016-filtered_points.shp,28.000000000000000,,,,
-569547.488185854,-1979494.02034317,"1",WaterBody,Margaret River,Margaret River,"200702071940","2",Perennial,"2",Natural,Pool,"-99",Unknown,"2",MajorRiver,,,LGATE-016-filtered_points,/Users/293003c/Library/CloudStorage/OneDrive-Curtin/Projects/TCZ-research/water point GIS/Edited-layers/LGATE-016-filtered_points.shp,37.000000000000000,,,,
-507134.264906053,-2027783.09318323,"1",WaterBody,Willy Willy Creek,Willy Willy Creek,"200702071940","2",Perennial,"2",Natural,Pool,"-99",Unknown,"3",MinorRiver,,,LGATE-016-filtered_points,/Users/293003c/Library/CloudStorage/OneDrive-Curtin/Projects/TCZ-research/water point GIS/Edited-layers/LGATE-016-filtered_points.shp,37.000000000000000,,,,
-383753.665355914,-1933621.48343399,"1",WaterBody,Turner River,Turner River,"200702071247","2",Perennial,"2",Natural,Pool,"-99",Unknown,"-99",Unknown,,,LGATE-016-filtered_points,/Users/293003c/Library/CloudStorage/OneDrive-Curtin/Projects/TCZ-research/water point GIS/Edited-layers/LGATE-016-filtered_points.shp,36.000000000000000,"1",,,
-582437.834510409,-1944759.84206602,"1",WaterBody,,,"200702071939","2",Perennial,"2",Natural,Pool,"-99",Unknown,"3",MinorRiver,,,LGATE-016-filtered_points,/Users/293003c/Library/CloudStorage/OneDrive-Curtin/Projects/TCZ-research/water point GIS/Edited-layers/LGATE-016-filtered_points.shp,41.000000000000000,,,,
-572938.27135725,-1935791.9226667,"1",WaterBody,Little Gold River,Little Gold River,"200702071940","2",Perennial,"2",Natural,Pool,"-99",Unknown,"3",MinorRiver,,,LGATE-016-filtered_points,/Users/293003c/Library/CloudStorage/OneDrive-Curtin/Projects/TCZ-research/water point GIS/Edited-layers/LGATE-016-filtered_points.shp,42.000000000000000,,,,
-619895.931256571,-1973908.71207247,"1",WaterBody,Margaret River,Margaret River,"200702071940","2",Perennial,"2",Natural,Pool,"-99",Unknown,"2",MajorRiver,,,LGATE-016-filtered_points,/Users/293003c/Library/CloudStorage/OneDrive-Curtin/Projects/TCZ-research/water point GIS/Edited-layers/LGATE-016-filtered_points.shp,37.000000000000000,,,,
-318503.567630265,-1927618.56190562,"1",WaterBody,,,"200702071247","2",Perennial,"2",Natural,Pool,"-99",Unknown,"2",MajorRiver,,,LGATE-016-filtered_points,/Users/293003c/Library/CloudStorage/OneDrive-Curtin/Projects/TCZ-research/water point GIS/Edited-layers/LGATE-016-filtered_points.shp,36.000000000000000,"1",,,
-562300.763578669,-1935558.58773885,"1",WaterBody,Little Gold River,Little Gold River,"200702071940","2",Perennial,"2",Natural,Pool,"-99",Unknown,"3",MinorRiver,,,LGATE-016-filtered_points,/Users/293003c/Library/CloudStorage/OneDrive-Curtin/Projects/TCZ-research/water point GIS/Edited-layers/LGATE-016-filtered_points.shp,42.000000000000000,,,,
-478763.698813073,-1998407.08817255,"1",WaterBody,,,"200702071940","2",Perennial,"2",Natural,Pool,"-99",Unknown,"3",MinorRiver,,,LGATE-016-filtered_points,/Users/293003c/Library/CloudStorage/OneDrive-Curtin/Projects/TCZ-research/water point GIS/Edited-layers/LGATE-016-filtered_points.shp,40.000000000000000,,,,
-391407.396979378,-1984134.08518879,"1",WaterBody,,,"200702071247","2",Perennial,"2",Natural,Pool,"-99",Unknown,"-99",Unknown,,,LGATE-016-filtered_points,/Users/293003c/Library/CloudStorage/OneDrive-Curtin/Projects/TCZ-research/water point GIS/Edited-layers/LGATE-016-filtered_points.shp,35.000000000000000,"1",,,
-448001.169679596,-2081941.2511255,"1",WaterBody,,,"200702071247","2",Perennial,"2",Natural,Pool,"-99",Unknown,"-99",Unknown,,,LGATE-016-filtered_points,/Users/293003c/Library/CloudStorage/OneDrive-Curtin/Projects/TCZ-research/water point GIS/Edited-layers/LGATE-016-filtered_points.shp,30.000000000000000,,,,
-447933.022361165,-2081617.13441197,"1",WaterBody,,,"200702071247","2",Perennial,"2",Natural,Pool,"-99",Unknown,"-99",Unknown,,,LGATE-016-filtered_points,/Users/293003c/Library/CloudStorage/OneDrive-Curtin/Projects/TCZ-research/water point GIS/Edited-layers/LGATE-016-filtered_points.shp,30.000000000000000,,,,
-593317.723420934,-1964103.06716369,"1",WaterBody,Margaret River,Margaret River,"200702071940","2",Perennial,"2",Natural,Pool,"-99",Unknown,"2",MajorRiver,,,LGATE-016-filtered_points,/Users/293003c/Library/CloudStorage/OneDrive-Curtin/Projects/TCZ-research/water point GIS/Edited-layers/LGATE-016-filtered_points.shp,38.000000000000000,,,,
-591455.219725377,-1964243.321463,"1",WaterBody,Margaret River,Margaret River,"200702071940","2",Perennial,"2",Natural,Pool,"-99",Unknown,"2",MajorRiver,,,LGATE-016-filtered_points,/Users/293003c/Library/CloudStorage/OneDrive-Curtin/Projects/TCZ-research/water point GIS/Edited-layers/LGATE-016-filtered_points.shp,38.000000000000000,,,,
-590375.579929573,-1964780.35468025,"1",WaterBody,Margaret River,Margaret River,"200702071940","2",Perennial,"2",Natural,Pool,"-99",Unknown,"2",MajorRiver,,,LGATE-016-filtered_points,/Users/293003c/Library/CloudStorage/OneDrive-Curtin/Projects/TCZ-research/water point GIS/Edited-layers/LGATE-016-filtered_points.shp,38.000000000000000,,,,
-591585.164209906,-1964361.15348742,"1",WaterBody,Margaret River,Margaret River,"200702071940","2",Perennial,"2",Natural,Pool,"-99",Unknown,"2",MajorRiver,,,LGATE-016-filtered_points,/Users/293003c/Library/CloudStorage/OneDrive-Curtin/Projects/TCZ-research/water point GIS/Edited-layers/LGATE-016-filtered_points.shp,38.000000000000000,,,,
-593278.845990589,-1964221.07488572,"1",WaterBody,Margaret River,Margaret River,"200702071940","2",Perennial,"2",Natural,Pool,"-99",Unknown,"2",MajorRiver,,,LGATE-016-filtered_points,/Users/293003c/Library/CloudStorage/OneDrive-Curtin/Projects/TCZ-research/water point GIS/Edited-layers/LGATE-016-filtered_points.shp,38.000000000000000,,,,
-399485.526313884,-1925772.0735805,"1",WaterBody,Elvire River,Elvire River,"200702071939","2",Perennial,"2",Natural,Pool,"-99",Unknown,"2",MajorRiver,,,LGATE-016-filtered_points,/Users/293003c/Library/CloudStorage/OneDrive-Curtin/Projects/TCZ-research/water point GIS/Edited-layers/LGATE-016-filtered_points.shp,36.000000000000000,"1",,,
-399621.116061678,-1925793.65748276,"1",WaterBody,Elvire River,Elvire River,"200702071939","2",Perennial,"2",Natural,Pool,"-99",Unknown,"2",MajorRiver,,,LGATE-016-filtered_points,/Users/293003c/Library/CloudStorage/OneDrive-Curtin/Projects/TCZ-research/water point GIS/Edited-layers/LGATE-016-filtered_points.shp,36.000000000000000,"1",,,
-535088.984794876,-1952653.51519399,"1",WaterBody,,,"200702071939","2",Perennial,"2",Natural,Pool,"-99",Unknown,"3",MinorRiver,,,LGATE-016-filtered_points,/Users/293003c/Library/CloudStorage/OneDrive-Curtin/Projects/TCZ-research/water point GIS/Edited-layers/LGATE-016-filtered_points.shp,41.000000000000000,,,,
-521456.049067872,-2019340.05915509,"1",WaterBody,Willy Willy Creek,Willy Willy Creek,"200702071940","2",Perennial,"2",Natural,Pool,"-99",Unknown,"3",MinorRiver,,,LGATE-016-filtered_points,/Users/293003c/Library/CloudStorage/OneDrive-Curtin/Projects/TCZ-research/water point GIS/Edited-layers/LGATE-016-filtered_points.shp,37.000000000000000,,,,
-550889.260429894,-1952573.76732178,"1",WaterBody,,,"200702071940","2",Perennial,"2",Natural,Pool,"-99",Unknown,"3",MinorRiver,,,LGATE-016-filtered_points,/Users/293003c/Library/CloudStorage/OneDrive-Curtin/Projects/TCZ-research/water point GIS/Edited-layers/LGATE-016-filtered_points.shp,41.000000000000000,,,,
-359876.496821716,-1933082.84997028,"1",WaterBody,,,"200702071247","2",Perennial,"2",Natural,Pool,"-99",Unknown,"2",MajorRiver,,,LGATE-016-filtered_points,/Users/293003c/Library/CloudStorage/OneDrive-Curtin/Projects/TCZ-research/water point GIS/Edited-layers/LGATE-016-filtered_points.shp,36.000000000000000,"1",,,
-554298.680153356,-1956081.04787136,"1",WaterBody,,,"200702071940","2",Perennial,"2",Natural,Pool,"-99",Unknown,"3",MinorRiver,,,LGATE-016-filtered_points,/Users/293003c/Library/CloudStorage/OneDrive-Curtin/Projects/TCZ-research/water point GIS/Edited-layers/LGATE-016-filtered_points.shp,41.000000000000000,,,,
-390762.477330022,-1985415.50878454,"1",WaterBody,Cow Creek,Cow Creek,"200702071247","2",Perennial,"2",Natural,Pool,"-99",Unknown,"-99",Unknown,,,LGATE-016-filtered_points,/Users/293003c/Library/CloudStorage/OneDrive-Curtin/Projects/TCZ-research/water point GIS/Edited-layers/LGATE-016-filtered_points.shp,35.000000000000000,"1",,,
-574349.293150433,-1958907.46078678,"1",WaterBody,,,"200702071940","2",Perennial,"2",Natural,Pool,"-99",Unknown,"3",MinorRiver,,,LGATE-016-filtered_points,/Users/293003c/Library/CloudStorage/OneDrive-Curtin/Projects/TCZ-research/water point GIS/Edited-layers/LGATE-016-filtered_points.shp,42.000000000000000,,,,
-485378.970778292,-1988975.71369533,"1",WaterBody,,,"200702071939","2",Perennial,"2",Natural,Pool,"-99",Unknown,"3",MinorRiver,,,LGATE-016-filtered_points,/Users/293003c/Library/CloudStorage/OneDrive-Curtin/Projects/TCZ-research/water point GIS/Edited-layers/LGATE-016-filtered_points.shp,40.000000000000000,,,,
-513511.793467905,-2023489.89594672,"1",WaterBody,Willy Willy Creek,Willy Willy Creek,"200702071940","2",Perennial,"2",Natural,Pool,"-99",Unknown,"3",MinorRiver,,,LGATE-016-filtered_points,/Users/293003c/Library/CloudStorage/OneDrive-Curtin/Projects/TCZ-research/water point GIS/Edited-layers/LGATE-016-filtered_points.shp,37.000000000000000,,,,
-573645.039860194,-1935843.07171696,"1",WaterBody,Little Gold River,Little Gold River,"200702071940","2",Perennial,"2",Natural,Pool,"-99",Unknown,"3",MinorRiver,,,LGATE-016-filtered_points,/Users/293003c/Library/CloudStorage/OneDrive-Curtin/Projects/TCZ-research/water point GIS/Edited-layers/LGATE-016-filtered_points.shp,42.000000000000000,,,,
-504378.218347965,-2019576.58526312,"1",WaterBody,,,"200702071939","2",Perennial,"2",Natural,Pool,"-99",Unknown,"3",MinorRiver,,,LGATE-016-filtered_points,/Users/293003c/Library/CloudStorage/OneDrive-Curtin/Projects/TCZ-research/water point GIS/Edited-layers/LGATE-016-filtered_points.shp,40.000000000000000,,,,
-513870.123688049,-2009746.34334625,"1",WaterBody,Mary River,Mary River,"200702071939","2",Perennial,"2",Natural,Pool,"-99",Unknown,"3",MinorRiver,,,LGATE-016-filtered_points,/Users/293003c/Library/CloudStorage/OneDrive-Curtin/Projects/TCZ-research/water point GIS/Edited-layers/LGATE-016-filtered_points.shp,38.000000000000000,,,,
-328416.733517274,-1929813.47502643,"1",WaterBody,,,"200702071247","2",Perennial,"2",Natural,Pool,"-99",Unknown,"2",MajorRiver,,,LGATE-016-filtered_points,/Users/293003c/Library/CloudStorage/OneDrive-Curtin/Projects/TCZ-research/water point GIS/Edited-layers/LGATE-016-filtered_points.shp,36.000000000000000,"1",,,
-475262.945725635,-1985714.46637077,"1",WaterBody,Mary River,Mary River,"200702071940","2",Perennial,"2",Natural,Pool,"-99",Unknown,"3",MinorRiver,,,LGATE-016-filtered_points,/Users/293003c/Library/CloudStorage/OneDrive-Curtin/Projects/TCZ-research/water point GIS/Edited-layers/LGATE-016-filtered_points.shp,41.000000000000000,,,,
-552696.755986544,-1971305.1427231,"1",WaterBody,,,"200702071940","2",Perennial,"2",Natural,Pool,"-99",Unknown,"3",MinorRiver,,,LGATE-016-filtered_points,/Users/293003c/Library/CloudStorage/OneDrive-Curtin/Projects/TCZ-research/water point GIS/Edited-layers/LGATE-016-filtered_points.shp,40.000000000000000,,,,
-606499.940901927,-1976467.75438788,"1",WaterBody,,,"200702071940","2",Perennial,"2",Natural,Pool,"-99",Unknown,"3",MinorRiver,,,LGATE-016-filtered_points,/Users/293003c/Library/CloudStorage/OneDrive-Curtin/Projects/TCZ-research/water point GIS/Edited-layers/LGATE-016-filtered_points.shp,40.000000000000000,,,,
-550918.557173187,-1950230.16601123,"1",WaterBody,,,"200702071940","2",Perennial,"2",Natural,Pool,"-99",Unknown,"3",MinorRiver,,,LGATE-016-filtered_points,/Users/293003c/Library/CloudStorage/OneDrive-Curtin/Projects/TCZ-research/water point GIS/Edited-layers/LGATE-016-filtered_points.shp,41.000000000000000,,,,
-592288.647354355,-1980794.79316753,"1",WaterBody,,,"200702071940","2",Perennial,"2",Natural,Pool,"-99",Unknown,"3",MinorRiver,,,LGATE-016-filtered_points,/Users/293003c/Library/CloudStorage/OneDrive-Curtin/Projects/TCZ-research/water point GIS/Edited-layers/LGATE-016-filtered_points.shp,41.000000000000000,,,,
-513809.361506766,-1983343.16941869,"1",WaterBody,Stansmore Pool,Stansmore Pool,"200702071940","2",Perennial,"2",Natural,Pool,"-99",Unknown,"2",MajorRiver,,,LGATE-016-filtered_points,/Users/293003c/Library/CloudStorage/OneDrive-Curtin/Projects/TCZ-research/water point GIS/Edited-layers/LGATE-016-filtered_points.shp,40.000000000000000,,,,
-585577.362298677,-1945352.81018435,"1",WaterBody,,,"200702071940","2",Perennial,"2",Natural,Pool,"-99",Unknown,"3",MinorRiver,,,LGATE-016-filtered_points,/Users/293003c/Library/CloudStorage/OneDrive-Curtin/Projects/TCZ-research/water point GIS/Edited-layers/LGATE-016-filtered_points.shp,41.000000000000000,,,,
-386792.077906477,-1987510.00657175,"1",WaterBody,Cow Creek,Cow Creek,"200702071247","2",Perennial,"2",Natural,Pool,"-99",Unknown,"-99",Unknown,,,LGATE-016-filtered_points,/Users/293003c/Library/CloudStorage/OneDrive-Curtin/Projects/TCZ-research/water point GIS/Edited-layers/LGATE-016-filtered_points.shp,35.000000000000000,"1",,,
-555787.768728746,-1955252.64831609,"1",WaterBody,,,"200702071940","2",Perennial,"2",Natural,Pool,"-99",Unknown,"3",MinorRiver,,,LGATE-016-filtered_points,/Users/293003c/Library/CloudStorage/OneDrive-Curtin/Projects/TCZ-research/water point GIS/Edited-layers/LGATE-016-filtered_points.shp,42.000000000000000,,,,
-484876.190726733,-1988682.65152951,"1",WaterBody,Mary River,Mary River,"200702071939","2",Perennial,"2",Natural,Pool,"-99",Unknown,"3",MinorRiver,,,LGATE-016-filtered_points,/Users/293003c/Library/CloudStorage/OneDrive-Curtin/Projects/TCZ-research/water point GIS/Edited-layers/LGATE-016-filtered_points.shp,40.000000000000000,,,,
-482295.698907405,-1985840.34633721,"1",WaterBody,Mary River,Mary River,"200702071940","2",Perennial,"2",Natural,Pool,"-99",Unknown,"3",MinorRiver,,,LGATE-016-filtered_points,/Users/293003c/Library/CloudStorage/OneDrive-Curtin/Projects/TCZ-research/water point GIS/Edited-layers/LGATE-016-filtered_points.shp,40.000000000000000,,,,
-573379.812428919,-1960044.20639574,"1",WaterBody,,,"200702071939","2",Perennial,"2",Natural,Pool,"-99",Unknown,"3",MinorRiver,,,LGATE-016-filtered_points,/Users/293003c/Library/CloudStorage/OneDrive-Curtin/Projects/TCZ-research/water point GIS/Edited-layers/LGATE-016-filtered_points.shp,42.000000000000000,,,,
-539497.517565449,-2013298.4507648,"1",WaterBody,Mary Pool,Mary Pool,"200702071940","2",Perennial,"2",Natural,Pool,"-99",Unknown,"3",MinorRiver,,,LGATE-016-filtered_points,/Users/293003c/Library/CloudStorage/OneDrive-Curtin/Projects/TCZ-research/water point GIS/Edited-layers/LGATE-016-filtered_points.shp,38.000000000000000,,,,
-503361.720548623,-2020922.57610308,"1",WaterBody,,,"200702071940","2",Perennial,"2",Natural,Pool,"-99",Unknown,"3",MinorRiver,,,LGATE-016-filtered_points,/Users/293003c/Library/CloudStorage/OneDrive-Curtin/Projects/TCZ-research/water point GIS/Edited-layers/LGATE-016-filtered_points.shp,40.000000000000000,,,,
-484754.731708834,-1988670.69305844,"1",WaterBody,Mary River,Mary River,"200702071939","2",Perennial,"2",Natural,Pool,"-99",Unknown,"3",MinorRiver,,,LGATE-016-filtered_points,/Users/293003c/Library/CloudStorage/OneDrive-Curtin/Projects/TCZ-research/water point GIS/Edited-layers/LGATE-016-filtered_points.shp,40.000000000000000,,,,
-588592.115267209,-1991843.20866466,"1",WaterBody,Palm Spring Creek,Palm Spring Creek,"200702071940","2",Perennial,"2",Natural,Pool,"-99",Unknown,"3",MinorRiver,,,LGATE-016-filtered_points,/Users/293003c/Library/CloudStorage/OneDrive-Curtin/Projects/TCZ-research/water point GIS/Edited-layers/LGATE-016-filtered_points.shp,38.000000000000000,,,,
-610302.419060123,-1966243.47386511,"1",WaterBody,Margaret River,Margaret River,"200702071940","2",Perennial,"2",Natural,Pool,"-99",Unknown,"2",MajorRiver,,,LGATE-016-filtered_points,/Users/293003c/Library/CloudStorage/OneDrive-Curtin/Projects/TCZ-research/water point GIS/Edited-layers/LGATE-016-filtered_points.shp,36.000000000000000,,,,
-540555.569818305,-1957590.99437598,"1",WaterBody,O'Donnell River,O'Donnell River,"200702071940","2",Perennial,"2",Natural,Pool,"-99",Unknown,"2",MajorRiver,,,LGATE-016-filtered_points,/Users/293003c/Library/CloudStorage/OneDrive-Curtin/Projects/TCZ-research/water point GIS/Edited-layers/LGATE-016-filtered_points.shp,41.000000000000000,,,,
-614653.772149003,-2009323.42836553,"1",WaterBody,Mount Pierre Creek,Mount Pierre Creek,"200702071940","2",Perennial,"2",Natural,Pool,"-99",Unknown,"3",MinorRiver,,,LGATE-016-filtered_points,/Users/293003c/Library/CloudStorage/OneDrive-Curtin/Projects/TCZ-research/water point GIS/Edited-layers/LGATE-016-filtered_points.shp,35.000000000000000,,,,
-593999.413958721,-1964134.69902188,"1",WaterBody,Margaret River,Margaret River,"200702071939","2",Perennial,"2",Natural,Pool,"-99",Unknown,"2",MajorRiver,,,LGATE-016-filtered_points,/Users/293003c/Library/CloudStorage/OneDrive-Curtin/Projects/TCZ-research/water point GIS/Edited-layers/LGATE-016-filtered_points.shp,38.000000000000000,,,,
-594203.536876179,-1964121.01028962,"1",WaterBody,Margaret River,Margaret River,"200702071939","2",Perennial,"2",Natural,Pool,"-99",Unknown,"2",MajorRiver,,,LGATE-016-filtered_points,/Users/293003c/Library/CloudStorage/OneDrive-Curtin/Projects/TCZ-research/water point GIS/Edited-layers/LGATE-016-filtered_points.shp,38.000000000000000,,,,
-535022.318230107,-1948481.20221951,"1",WaterBody,,,"200702071940","2",Perennial,"2",Natural,Pool,"-99",Unknown,"3",MinorRiver,,,LGATE-016-filtered_points,/Users/293003c/Library/CloudStorage/OneDrive-Curtin/Projects/TCZ-research/water point GIS/Edited-layers/LGATE-016-filtered_points.shp,44.000000000000000,,,,
-605771.837595833,-1939205.41623252,"1",WaterBody,Leopold River,Leopold River,"200702071940","2",Perennial,"2",Natural,Pool,"-99",Unknown,"2",MajorRiver,,,LGATE-016-filtered_points,/Users/293003c/Library/CloudStorage/OneDrive-Curtin/Projects/TCZ-research/water point GIS/Edited-layers/LGATE-016-filtered_points.shp,40.000000000000000,,,,
-349179.386419221,-1982113.53967992,"1",WaterBody,Sturt Creek,Sturt Creek,"200702071247","2",Perennial,"2",Natural,Pool,"-99",Unknown,"2",MajorRiver,,,LGATE-016-filtered_points,/Users/293003c/Library/CloudStorage/OneDrive-Curtin/Projects/TCZ-research/water point GIS/Edited-layers/LGATE-016-filtered_points.shp,33.000000000000000,"1",,,
-348759.118797471,-1981960.54507345,"1",WaterBody,Sturt Creek,Sturt Creek,"200702071247","2",Perennial,"2",Natural,Pool,"-99",Unknown,"2",MajorRiver,,,LGATE-016-filtered_points,/Users/293003c/Library/CloudStorage/OneDrive-Curtin/Projects/TCZ-research/water point GIS/Edited-layers/LGATE-016-filtered_points.shp,33.000000000000000,"1",,,
-357602.011247066,-1997413.13672685,"1",WaterBody,,,"200702071247","2",Perennial,"2",Natural,Pool,"-99",Unknown,"-99",Unknown,,,LGATE-016-filtered_points,/Users/293003c/Library/CloudStorage/OneDrive-Curtin/Projects/TCZ-research/water point GIS/Edited-layers/LGATE-016-filtered_points.shp,32.000000000000000,,,,
-577268.223397003,-1936791.46674128,"1",WaterBody,Little Gold River,Little Gold River,"200702071939","2",Perennial,"2",Natural,Pool,"-99",Unknown,"3",MinorRiver,,,LGATE-016-filtered_points,/Users/293003c/Library/CloudStorage/OneDrive-Curtin/Projects/TCZ-research/water point GIS/Edited-layers/LGATE-016-filtered_points.shp,41.000000000000000,,,,
-579061.339789674,-1937417.18376624,"1",WaterBody,Little Gold River,Little Gold River,"200702071939","2",Perennial,"2",Natural,Pool,"-99",Unknown,"3",MinorRiver,,,LGATE-016-filtered_points,/Users/293003c/Library/CloudStorage/OneDrive-Curtin/Projects/TCZ-research/water point GIS/Edited-layers/LGATE-016-filtered_points.shp,41.000000000000000,,,,
-577883.38689832,-1937031.52573112,"1",WaterBody,Little Gold River,Little Gold River,"200702071939","2",Perennial,"2",Natural,Pool,"-99",Unknown,"3",MinorRiver,,,LGATE-016-filtered_points,/Users/293003c/Library/CloudStorage/OneDrive-Curtin/Projects/TCZ-research/water point GIS/Edited-layers/LGATE-016-filtered_points.shp,41.000000000000000,,,,
-610235.728187008,-1966516.87404838,"1",WaterBody,Margaret River,Margaret River,"200702071939","2",Perennial,"2",Natural,Pool,"-99",Unknown,"2",MajorRiver,,,LGATE-016-filtered_points,/Users/293003c/Library/CloudStorage/OneDrive-Curtin/Projects/TCZ-research/water point GIS/Edited-layers/LGATE-016-filtered_points.shp,36.000000000000000,,,,
-460114.605547205,-1975238.12684477,"1",WaterBody,,,"200702071940","2",Perennial,"1",Manmade,EarthDam,"-99",Unknown,"3",MinorRiver,,,LGATE-016-filtered_points,/Users/293003c/Library/CloudStorage/OneDrive-Curtin/Projects/TCZ-research/water point GIS/Edited-layers/LGATE-016-filtered_points.shp,41.000000000000000,,,,
-587748.235358347,-1960550.30889061,"1",WaterBody,,,"200702071939","2",Perennial,"2",Natural,Pool,"-99",Unknown,"3",MinorRiver,,,LGATE-016-filtered_points,/Users/293003c/Library/CloudStorage/OneDrive-Curtin/Projects/TCZ-research/water point GIS/Edited-layers/LGATE-016-filtered_points.shp,41.000000000000000,,,,
-352023.438580167,-1940012.08152792,"1",WaterBody,Nicholson River,Nicholson River,"200702071247","2",Perennial,"2",Natural,Pool,"-99",Unknown,"2",MajorRiver,,,LGATE-016-filtered_points,/Users/293003c/Library/CloudStorage/OneDrive-Curtin/Projects/TCZ-research/water point GIS/Edited-layers/LGATE-016-filtered_points.shp,36.000000000000000,"1",,,
-489347.574055979,-1999321.92236946,"1",WaterBody,,,"200702071940","2",Perennial,"2",Natural,Pool,"-99",Unknown,"3",MinorRiver,,,LGATE-016-filtered_points,/Users/293003c/Library/CloudStorage/OneDrive-Curtin/Projects/TCZ-research/water point GIS/Edited-layers/LGATE-016-filtered_points.shp,39.000000000000000,,,,
-603652.11462773,-1978359.88479245,"1",WaterBody,,,"200702071939","2",Perennial,"2",Natural,Pool,"-99",Unknown,"3",MinorRiver,,,LGATE-016-filtered_points,/Users/293003c/Library/CloudStorage/OneDrive-Curtin/Projects/TCZ-research/water point GIS/Edited-layers/LGATE-016-filtered_points.shp,40.000000000000000,,,,
-563656.672590944,-1943328.85584696,"1",WaterBody,,,"200702071940","2",Perennial,"2",Natural,Pool,"-99",Unknown,"3",MinorRiver,,,LGATE-016-filtered_points,/Users/293003c/Library/CloudStorage/OneDrive-Curtin/Projects/TCZ-research/water point GIS/Edited-layers/LGATE-016-filtered_points.shp,43.000000000000000,,,,
-597038.448095226,-1934009.06521145,"1",WaterBody,,,"200702071939","2",Perennial,"2",Natural,Pool,"-99",Unknown,"2",MajorRiver,,,LGATE-016-filtered_points,/Users/293003c/Library/CloudStorage/OneDrive-Curtin/Projects/TCZ-research/water point GIS/Edited-layers/LGATE-016-filtered_points.shp,40.000000000000000,,,,
-570284.839521339,-1983960.79844958,"1",WaterBody,Margaret River,Margaret River,"200702071940","2",Perennial,"2",Natural,Pool,"-99",Unknown,"2",MajorRiver,,,LGATE-016-filtered_points,/Users/293003c/Library/CloudStorage/OneDrive-Curtin/Projects/TCZ-research/water point GIS/Edited-layers/LGATE-016-filtered_points.shp,37.000000000000000,,,,
-583048.354208618,-1947806.45398208,"1",WaterBody,,,"200702071940","2",Perennial,"2",Natural,Pool,"-99",Unknown,"3",MinorRiver,,,LGATE-016-filtered_points,/Users/293003c/Library/CloudStorage/OneDrive-Curtin/Projects/TCZ-research/water point GIS/Edited-layers/LGATE-016-filtered_points.shp,41.000000000000000,,,,
-532571.785966494,-1948346.8048405,"1",WaterBody,O'Donnell River,O'Donnell River,"200702071940","2",Perennial,"2",Natural,Pool,"-99",Unknown,"3",MinorRiver,,,LGATE-016-filtered_points,/Users/293003c/Library/CloudStorage/OneDrive-Curtin/Projects/TCZ-research/water point GIS/Edited-layers/LGATE-016-filtered_points.shp,44.000000000000000,,,,
-319213.691462072,-1927868.62894995,"1",WaterBody,,,"200702071247","2",Perennial,"2",Natural,Pool,"-99",Unknown,"-99",Unknown,,,LGATE-016-filtered_points,/Users/293003c/Library/CloudStorage/OneDrive-Curtin/Projects/TCZ-research/water point GIS/Edited-layers/LGATE-016-filtered_points.shp,36.000000000000000,"1",,,
-477279.433944884,-1957740.96750479,"1",WaterBody,,,"200702071940","2",Perennial,"2",Natural,Pool,"-99",Unknown,"3",MinorRiver,,,LGATE-016-filtered_points,/Users/293003c/Library/CloudStorage/OneDrive-Curtin/Projects/TCZ-research/water point GIS/Edited-layers/LGATE-016-filtered_points.shp,43.000000000000000,,,,
-584732.222702108,-1937215.11003797,"1",WaterBody,,,"200702071939","2",Perennial,"2",Natural,Pool,"-99",Unknown,"3",MinorRiver,,,LGATE-016-filtered_points,/Users/293003c/Library/CloudStorage/OneDrive-Curtin/Projects/TCZ-research/water point GIS/Edited-layers/LGATE-016-filtered_points.shp,41.000000000000000,,,,
-546738.143520277,-1990830.3268376,"1",WaterBody,,,"200702071940","2",Perennial,"2",Natural,Pool,"-99",Unknown,"3",MinorRiver,,,LGATE-016-filtered_points,/Users/293003c/Library/CloudStorage/OneDrive-Curtin/Projects/TCZ-research/water point GIS/Edited-layers/LGATE-016-filtered_points.shp,38.000000000000000,,,,
-550354.765814994,-1959847.40268671,"1",WaterBody,,,"200702071940","2",Perennial,"2",Natural,Pool,"-99",Unknown,"3",MinorRiver,,,LGATE-016-filtered_points,/Users/293003c/Library/CloudStorage/OneDrive-Curtin/Projects/TCZ-research/water point GIS/Edited-layers/LGATE-016-filtered_points.shp,41.000000000000000,,,,
-607880.260580971,-1975988.57434327,"1",WaterBody,,,"200702071940","2",Perennial,"2",Natural,Pool,"-99",Unknown,"3",MinorRiver,,,LGATE-016-filtered_points,/Users/293003c/Library/CloudStorage/OneDrive-Curtin/Projects/TCZ-research/water point GIS/Edited-layers/LGATE-016-filtered_points.shp,37.000000000000000,,,,
-583494.923775297,-1951672.35459816,"1",WaterBody,,,"200702071940","2",Perennial,"2",Natural,Pool,"-99",Unknown,"3",MinorRiver,,,LGATE-016-filtered_points,/Users/293003c/Library/CloudStorage/OneDrive-Curtin/Projects/TCZ-research/water point GIS/Edited-layers/LGATE-016-filtered_points.shp,41.000000000000000,,,,
-527079.784854205,-1944069.03637766,"1",WaterBody,O'Donnell River,O'Donnell River,"200702071940","2",Perennial,"2",Natural,Pool,"-99",Unknown,"2",MajorRiver,,,LGATE-016-filtered_points,/Users/293003c/Library/CloudStorage/OneDrive-Curtin/Projects/TCZ-research/water point GIS/Edited-layers/LGATE-016-filtered_points.shp,44.000000000000000,,,,
-511749.951570484,-1929218.30212724,"1",WaterBody,Watery River,Watery River,"200702071939","2",Perennial,"2",Natural,Pool,"-99",Unknown,"3",MinorRiver,,,LGATE-016-filtered_points,/Users/293003c/Library/CloudStorage/OneDrive-Curtin/Projects/TCZ-research/water point GIS/Edited-layers/LGATE-016-filtered_points.shp,47.000000000000000,,,,
-559069.779202009,-1957995.63796823,"1",WaterBody,,,"200702071940","2",Perennial,"2",Natural,Pool,"-99",Unknown,"3",MinorRiver,,,LGATE-016-filtered_points,/Users/293003c/Library/CloudStorage/OneDrive-Curtin/Projects/TCZ-research/water point GIS/Edited-layers/LGATE-016-filtered_points.shp,42.000000000000000,,,,
-581951.491495995,-1944669.07770948,"1",WaterBody,,,"200702071940","2",Perennial,"2",Natural,Pool,"-99",Unknown,"3",MinorRiver,,,LGATE-016-filtered_points,/Users/293003c/Library/CloudStorage/OneDrive-Curtin/Projects/TCZ-research/water point GIS/Edited-layers/LGATE-016-filtered_points.shp,41.000000000000000,,,,
-554072.499632199,-1966748.90083464,"1",WaterBody,,,"200702071940","2",Perennial,"2",Natural,Pool,"-99",Unknown,"3",MinorRiver,,,LGATE-016-filtered_points,/Users/293003c/Library/CloudStorage/OneDrive-Curtin/Projects/TCZ-research/water point GIS/Edited-layers/LGATE-016-filtered_points.shp,40.000000000000000,,,,
-552387.486547994,-1934920.81985736,"1",WaterBody,,,"200702071939","2",Perennial,"2",Natural,Pool,"-99",Unknown,"3",MinorRiver,,,LGATE-016-filtered_points,/Users/293003c/Library/CloudStorage/OneDrive-Curtin/Projects/TCZ-research/water point GIS/Edited-layers/LGATE-016-filtered_points.shp,44.000000000000000,,,,
-503042.792472805,-2020836.98887468,"1",WaterBody,,,"200702071940","2",Perennial,"2",Natural,Pool,"-99",Unknown,"3",MinorRiver,,,LGATE-016-filtered_points,/Users/293003c/Library/CloudStorage/OneDrive-Curtin/Projects/TCZ-research/water point GIS/Edited-layers/LGATE-016-filtered_points.shp,40.000000000000000,,,,
-591695.438005844,-1940019.61968345,"1",WaterBody,,,"200702071940","2",Perennial,"2",Natural,Pool,"-99",Unknown,"3",MinorRiver,,,LGATE-016-filtered_points,/Users/293003c/Library/CloudStorage/OneDrive-Curtin/Projects/TCZ-research/water point GIS/Edited-layers/LGATE-016-filtered_points.shp,40.000000000000000,,,,
-550346.68175105,-1949045.87819252,"1",WaterBody,,,"200702071940","2",Perennial,"2",Natural,Pool,"-99",Unknown,"3",MinorRiver,,,LGATE-016-filtered_points,/Users/293003c/Library/CloudStorage/OneDrive-Curtin/Projects/TCZ-research/water point GIS/Edited-layers/LGATE-016-filtered_points.shp,44.000000000000000,,,,
-600094.27074781,-1964585.81404176,"1",WaterBody,,,"200702071939","2",Perennial,"2",Natural,Pool,"-99",Unknown,"3",MinorRiver,,,LGATE-016-filtered_points,/Users/293003c/Library/CloudStorage/OneDrive-Curtin/Projects/TCZ-research/water point GIS/Edited-layers/LGATE-016-filtered_points.shp,41.000000000000000,,,,
-540272.182543111,-1957961.47800727,"1",WaterBody,O'Donnell River,O'Donnell River,"200702071939","2",Perennial,"2",Natural,Pool,"-99",Unknown,"2",MajorRiver,,,LGATE-016-filtered_points,/Users/293003c/Library/CloudStorage/OneDrive-Curtin/Projects/TCZ-research/water point GIS/Edited-layers/LGATE-016-filtered_points.shp,41.000000000000000,,,,
-488564.459853259,-1970534.2103788,"1",WaterBody,,,"200702071940","2",Perennial,"2",Natural,Pool,"-99",Unknown,"3",MinorRiver,,,LGATE-016-filtered_points,/Users/293003c/Library/CloudStorage/OneDrive-Curtin/Projects/TCZ-research/water point GIS/Edited-layers/LGATE-016-filtered_points.shp,42.000000000000000,,,,
-583445.719847711,-1941667.67446624,"1",WaterBody,,,"200702071940","2",Perennial,"2",Natural,Pool,"-99",Unknown,"3",MinorRiver,,,LGATE-016-filtered_points,/Users/293003c/Library/CloudStorage/OneDrive-Curtin/Projects/TCZ-research/water point GIS/Edited-layers/LGATE-016-filtered_points.shp,41.000000000000000,,,,
-422104.198673797,-1961257.93614637,"1",WaterBody,Elvire River,Elvire River,"200702071247","2",Perennial,"2",Natural,Pool,"-99",Unknown,"2",MajorRiver,,,LGATE-016-filtered_points,/Users/293003c/Library/CloudStorage/OneDrive-Curtin/Projects/TCZ-research/water point GIS/Edited-layers/LGATE-016-filtered_points.shp,36.000000000000000,"1",,,
-547809.163986741,-1990300.82838023,"1",WaterBody,,,"200702071940","2",Perennial,"2",Natural,Pool,"-99",Unknown,"3",MinorRiver,,,LGATE-016-filtered_points,/Users/293003c/Library/CloudStorage/OneDrive-Curtin/Projects/TCZ-research/water point GIS/Edited-layers/LGATE-016-filtered_points.shp,38.000000000000000,,,,
-521495.962568645,-1935827.18398998,"1",WaterBody,,,"200702071939","2",Perennial,"2",Natural,Pool,"-99",Unknown,"3",MinorRiver,,,LGATE-016-filtered_points,/Users/293003c/Library/CloudStorage/OneDrive-Curtin/Projects/TCZ-research/water point GIS/Edited-layers/LGATE-016-filtered_points.shp,46.000000000000000,,,,
-489778.041890607,-1990709.64736834,"1",WaterBody,Mary River,Mary River,"200702071939","2",Perennial,"2",Natural,Pool,"-99",Unknown,"3",MinorRiver,,,LGATE-016-filtered_points,/Users/293003c/Library/CloudStorage/OneDrive-Curtin/Projects/TCZ-research/water point GIS/Edited-layers/LGATE-016-filtered_points.shp,40.000000000000000,,,,
-401571.952013045,-1935077.57662962,"1",WaterBody,Elvire River,Elvire River,"200702071247","2",Perennial,"2",Natural,Pool,"-99",Unknown,"2",MajorRiver,,,LGATE-016-filtered_points,/Users/293003c/Library/CloudStorage/OneDrive-Curtin/Projects/TCZ-research/water point GIS/Edited-layers/LGATE-016-filtered_points.shp,35.000000000000000,"1",,,
-439167.890995614,-1975694.95266829,"1",WaterBody,Black Elvire River,Black Elvire River,"200702071939","2",Perennial,"2",Natural,Pool,"-99",Unknown,"2",MajorRiver,,,LGATE-016-filtered_points,/Users/293003c/Library/CloudStorage/OneDrive-Curtin/Projects/TCZ-research/water point GIS/Edited-layers/LGATE-016-filtered_points.shp,38.000000000000000,"1",,,
-582635.609014838,-1943489.69918003,"1",WaterBody,,,"200702071939","2",Perennial,"2",Natural,Pool,"-99",Unknown,"3",MinorRiver,,,LGATE-016-filtered_points,/Users/293003c/Library/CloudStorage/OneDrive-Curtin/Projects/TCZ-research/water point GIS/Edited-layers/LGATE-016-filtered_points.shp,41.000000000000000,,,,
-352189.056520244,-2060141.6079261,"1",WaterBody,,,"200702071247","2",Perennial,"2",Natural,Pool,"-99",Unknown,"-99",Unknown,,,LGATE-016-filtered_points,/Users/293003c/Library/CloudStorage/OneDrive-Curtin/Projects/TCZ-research/water point GIS/Edited-layers/LGATE-016-filtered_points.shp,29.000000000000000,,,,
-504305.52674062,-2001421.94686465,"1",WaterBody,Mary River,Mary River,"200702071940","2",Perennial,"2",Natural,Pool,"-99",Unknown,"3",MinorRiver,,,LGATE-016-filtered_points,/Users/293003c/Library/CloudStorage/OneDrive-Curtin/Projects/TCZ-research/water point GIS/Edited-layers/LGATE-016-filtered_points.shp,39.000000000000000,,,,
-599043.342679508,-1934575.13029603,"1",WaterBody,,,"200702071939","2",Perennial,"2",Natural,Pool,"-99",Unknown,"2",MajorRiver,,,LGATE-016-filtered_points,/Users/293003c/Library/CloudStorage/OneDrive-Curtin/Projects/TCZ-research/water point GIS/Edited-layers/LGATE-016-filtered_points.shp,40.000000000000000,,,,
-507419.60533644,-2022368.44846803,"1",WaterBody,,,"200702071939","2",Perennial,"2",Natural,Pool,"-99",Unknown,"3",MinorRiver,,,LGATE-016-filtered_points,/Users/293003c/Library/CloudStorage/OneDrive-Curtin/Projects/TCZ-research/water point GIS/Edited-layers/LGATE-016-filtered_points.shp,40.000000000000000,,,,
-475930.436417066,-1953145.39652621,"1",WaterBody,Station Creek,Station Creek,"200702071940","2",Perennial,"2",Natural,Pool,"-99",Unknown,"3",MinorRiver,,,LGATE-016-filtered_points,/Users/293003c/Library/CloudStorage/OneDrive-Curtin/Projects/TCZ-research/water point GIS/Edited-layers/LGATE-016-filtered_points.shp,43.000000000000000,,,,
-515599.788422671,-2023149.14797516,"1",WaterBody,Willy Willy Creek,Willy Willy Creek,"200702071940","2",Perennial,"2",Natural,Pool,"-99",Unknown,"3",MinorRiver,,,LGATE-016-filtered_points,/Users/293003c/Library/CloudStorage/OneDrive-Curtin/Projects/TCZ-research/water point GIS/Edited-layers/LGATE-016-filtered_points.shp,37.000000000000000,,,,
-467601.165681873,-1982057.35341407,"1",WaterBody,,,"200702071939","2",Perennial,"1",Manmade,EarthDam,"-99",Unknown,"3",MinorRiver,,,LGATE-016-filtered_points,/Users/293003c/Library/CloudStorage/OneDrive-Curtin/Projects/TCZ-research/water point GIS/Edited-layers/LGATE-016-filtered_points.shp,41.000000000000000,,,,
-504231.702000132,-2019492.23791241,"1",WaterBody,,,"200702071939","2",Perennial,"2",Natural,Pool,"-99",Unknown,"3",MinorRiver,,,LGATE-016-filtered_points,/Users/293003c/Library/CloudStorage/OneDrive-Curtin/Projects/TCZ-research/water point GIS/Edited-layers/LGATE-016-filtered_points.shp,40.000000000000000,,,,
-549810.877469088,-1930752.07417201,"1",WaterBody,Little Gold River,Little Gold River,"200702071939","2",Perennial,"2",Natural,Pool,"-99",Unknown,"3",MinorRiver,,,LGATE-016-filtered_points,/Users/293003c/Library/CloudStorage/OneDrive-Curtin/Projects/TCZ-research/water point GIS/Edited-layers/LGATE-016-filtered_points.shp,44.000000000000000,,,,
-550178.387427591,-1981873.47902996,"1",WaterBody,Dead Horse Creek,Dead Horse Creek,"200702071939","2",Perennial,"2",Natural,Pool,"-99",Unknown,"3",MinorRiver,,,LGATE-016-filtered_points,/Users/293003c/Library/CloudStorage/OneDrive-Curtin/Projects/TCZ-research/water point GIS/Edited-layers/LGATE-016-filtered_points.shp,40.000000000000000,,,,
-423671.189338735,-1962810.56352228,"1",WaterBody,Elvire River,Elvire River,"200702071939","2",Perennial,"2",Natural,Pool,"-99",Unknown,"2",MajorRiver,,,LGATE-016-filtered_points,/Users/293003c/Library/CloudStorage/OneDrive-Curtin/Projects/TCZ-research/water point GIS/Edited-layers/LGATE-016-filtered_points.shp,36.000000000000000,"1",,,
-577664.895793422,-1958170.20164881,"1",WaterBody,,,"200702071940","2",Perennial,"2",Natural,Pool,"-99",Unknown,"3",MinorRiver,,,LGATE-016-filtered_points,/Users/293003c/Library/CloudStorage/OneDrive-Curtin/Projects/TCZ-research/water point GIS/Edited-layers/LGATE-016-filtered_points.shp,41.000000000000000,,,,
-585820.645572939,-1936705.25259364,"1",WaterBody,Leopold River,Leopold River,"200702071940","2",Perennial,"2",Natural,Pool,"-99",Unknown,"2",MajorRiver,,,LGATE-016-filtered_points,/Users/293003c/Library/CloudStorage/OneDrive-Curtin/Projects/TCZ-research/water point GIS/Edited-layers/LGATE-016-filtered_points.shp,41.000000000000000,,,,
-587466.153341661,-1935849.86821343,"1",WaterBody,Leopold River,Leopold River,"200702071940","2",Perennial,"2",Natural,Pool,"-99",Unknown,"2",MajorRiver,,,LGATE-016-filtered_points,/Users/293003c/Library/CloudStorage/OneDrive-Curtin/Projects/TCZ-research/water point GIS/Edited-layers/LGATE-016-filtered_points.shp,41.000000000000000,,,,
-585886.908282014,-1936699.8004039,"1",WaterBody,Leopold River,Leopold River,"200702071940","2",Perennial,"2",Natural,Pool,"-99",Unknown,"2",MajorRiver,,,LGATE-016-filtered_points,/Users/293003c/Library/CloudStorage/OneDrive-Curtin/Projects/TCZ-research/water point GIS/Edited-layers/LGATE-016-filtered_points.shp,41.000000000000000,,,,
-429331.967362721,-1961356.15219245,"1",WaterBody,,,"200702071939","2",Perennial,"2",Natural,Pool,"-99",Unknown,"2",MajorRiver,,,LGATE-016-filtered_points,/Users/293003c/Library/CloudStorage/OneDrive-Curtin/Projects/TCZ-research/water point GIS/Edited-layers/LGATE-016-filtered_points.shp,37.000000000000000,"1",,,
-598845.554740031,-1945755.70538555,"1",WaterBody,,,"200702071939","2",Perennial,"2",Natural,Pool,"-99",Unknown,"3",MinorRiver,,,LGATE-016-filtered_points,/Users/293003c/Library/CloudStorage/OneDrive-Curtin/Projects/TCZ-research/water point GIS/Edited-layers/LGATE-016-filtered_points.shp,41.000000000000000,,,,
-436784.410521758,-1971300.66908074,"1",WaterBody,Black Elvire River,Black Elvire River,"200702071939","2",Perennial,"2",Natural,Pool,"-99",Unknown,"2",MajorRiver,,,LGATE-016-filtered_points,/Users/293003c/Library/CloudStorage/OneDrive-Curtin/Projects/TCZ-research/water point GIS/Edited-layers/LGATE-016-filtered_points.shp,37.000000000000000,"1",,,
-419694.982121996,-1955714.47774454,"1",WaterBody,Elvire River,Elvire River,"200702071247","2",Perennial,"2",Natural,Pool,"-99",Unknown,"2",MajorRiver,,,LGATE-016-filtered_points,/Users/293003c/Library/CloudStorage/OneDrive-Curtin/Projects/TCZ-research/water point GIS/Edited-layers/LGATE-016-filtered_points.shp,37.000000000000000,"1",,,
-570740.039159789,-1965684.93075066,"1",WaterBody,,,"200702071940","2",Perennial,"2",Natural,Pool,"-99",Unknown,"3",MinorRiver,,,LGATE-016-filtered_points,/Users/293003c/Library/CloudStorage/OneDrive-Curtin/Projects/TCZ-research/water point GIS/Edited-layers/LGATE-016-filtered_points.shp,38.000000000000000,,,,
-434003.094173431,-1957882.13236388,"1",WaterBody,Little Gentle Annie Gully,Little Gentle Annie Gully,"200702071939","2",Perennial,"1",Manmade,EarthDam,"-99",Unknown,"3",MinorRiver,,,LGATE-016-filtered_points,/Users/293003c/Library/CloudStorage/OneDrive-Curtin/Projects/TCZ-research/water point GIS/Edited-layers/LGATE-016-filtered_points.shp,37.000000000000000,"1",,,
-447731.342857548,-2090503.98443043,"1",WaterBody,Sturt Creek,Sturt Creek,"200702071247","2",Perennial,"2",Natural,Pool,"-99",Unknown,"-99",Unknown,,,LGATE-016-filtered_points,/Users/293003c/Library/CloudStorage/OneDrive-Curtin/Projects/TCZ-research/water point GIS/Edited-layers/LGATE-016-filtered_points.shp,29.000000000000000,,,,
-554077.021548357,-2038440.63833712,"1",WaterBody,Christmas Creek,Christmas Creek,"200702071940","2",Perennial,"2",Natural,Pool,"-99",Unknown,"2",MajorRiver,,,LGATE-016-filtered_points,/Users/293003c/Library/CloudStorage/OneDrive-Curtin/Projects/TCZ-research/water point GIS/Edited-layers/LGATE-016-filtered_points.shp,35.000000000000000,,,,
-554506.188905816,-1955511.74722301,"1",WaterBody,,,"200702071940","2",Perennial,"2",Natural,Pool,"-99",Unknown,"3",MinorRiver,,,LGATE-016-filtered_points,/Users/293003c/Library/CloudStorage/OneDrive-Curtin/Projects/TCZ-research/water point GIS/Edited-layers/LGATE-016-filtered_points.shp,41.000000000000000,,,,
-534324.661472065,-1952919.13904159,"1",WaterBody,,,"200702071940","2",Perennial,"2",Natural,Pool,"-99",Unknown,"3",MinorRiver,,,LGATE-016-filtered_points,/Users/293003c/Library/CloudStorage/OneDrive-Curtin/Projects/TCZ-research/water point GIS/Edited-layers/LGATE-016-filtered_points.shp,41.000000000000000,,,,
-500138.4857439,-1963961.34535598,"1",WaterBody,,,"200702071940","2",Perennial,"2",Natural,Pool,"-99",Unknown,"3",MinorRiver,,,LGATE-016-filtered_points,/Users/293003c/Library/CloudStorage/OneDrive-Curtin/Projects/TCZ-research/water point GIS/Edited-layers/LGATE-016-filtered_points.shp,42.000000000000000,,,,
-570742.95527792,-1983256.50462196,"1",WaterBody,Margaret River,Margaret River,"200702071939","2",Perennial,"2",Natural,Pool,"-99",Unknown,"2",MajorRiver,,,LGATE-016-filtered_points,/Users/293003c/Library/CloudStorage/OneDrive-Curtin/Projects/TCZ-research/water point GIS/Edited-layers/LGATE-016-filtered_points.shp,37.000000000000000,,,,
-559735.378527274,-1935680.42768331,"1",WaterBody,Little Gold River,Little Gold River,"200702071940","2",Perennial,"2",Natural,Pool,"-99",Unknown,"3",MinorRiver,,,LGATE-016-filtered_points,/Users/293003c/Library/CloudStorage/OneDrive-Curtin/Projects/TCZ-research/water point GIS/Edited-layers/LGATE-016-filtered_points.shp,42.000000000000000,,,,
-330148.440958617,-1957591.27245962,"1",WaterBody,Alice Creek,Alice Creek,"200702071247","2",Perennial,"2",Natural,Pool,"-99",Unknown,"-99",Unknown,,,LGATE-016-filtered_points,/Users/293003c/Library/CloudStorage/OneDrive-Curtin/Projects/TCZ-research/water point GIS/Edited-layers/LGATE-016-filtered_points.shp,34.000000000000000,"1",,,
-330070.546730996,-1957461.55758137,"1",WaterBody,Alice Creek,Alice Creek,"200702071247","2",Perennial,"2",Natural,Pool,"-99",Unknown,"-99",Unknown,,,LGATE-016-filtered_points,/Users/293003c/Library/CloudStorage/OneDrive-Curtin/Projects/TCZ-research/water point GIS/Edited-layers/LGATE-016-filtered_points.shp,34.000000000000000,"1",,,
-575341.511368524,-1944290.82614761,"1",WaterBody,,,"200702071940","2",Perennial,"2",Natural,Pool,"-99",Unknown,"3",MinorRiver,,,LGATE-016-filtered_points,/Users/293003c/Library/CloudStorage/OneDrive-Curtin/Projects/TCZ-research/water point GIS/Edited-layers/LGATE-016-filtered_points.shp,43.000000000000000,,,,
-549381.407112669,-1956693.88335407,"1",WaterBody,,,"200702071940","2",Perennial,"2",Natural,Pool,"-99",Unknown,"3",MinorRiver,,,LGATE-016-filtered_points,/Users/293003c/Library/CloudStorage/OneDrive-Curtin/Projects/TCZ-research/water point GIS/Edited-layers/LGATE-016-filtered_points.shp,41.000000000000000,,,,
-432870.963017566,-1965882.69344223,"1",WaterBody,Black Elvire River,Black Elvire River,"200702071940","2",Perennial,"2",Natural,Pool,"-99",Unknown,"2",MajorRiver,,,LGATE-016-filtered_points,/Users/293003c/Library/CloudStorage/OneDrive-Curtin/Projects/TCZ-research/water point GIS/Edited-layers/LGATE-016-filtered_points.shp,37.000000000000000,"1",,,
-509035.730019923,-2033259.7951503,"1",WaterBody,,,"200702071939","2",Perennial,"2",Natural,Pool,"-99",Unknown,"3",MinorRiver,,,LGATE-016-filtered_points,/Users/293003c/Library/CloudStorage/OneDrive-Curtin/Projects/TCZ-research/water point GIS/Edited-layers/LGATE-016-filtered_points.shp,37.000000000000000,,,,
-570382.814896027,-1964496.6361658,"1",WaterBody,,,"200702071940","2",Perennial,"2",Natural,Pool,"-99",Unknown,"3",MinorRiver,,,LGATE-016-filtered_points,/Users/293003c/Library/CloudStorage/OneDrive-Curtin/Projects/TCZ-research/water point GIS/Edited-layers/LGATE-016-filtered_points.shp,38.000000000000000,,,,
-551982.117122481,-2004004.41155828,"1",WaterBody,,,"200702071939","2",Perennial,"2",Natural,Pool,"-99",Unknown,"3",MinorRiver,,,LGATE-016-filtered_points,/Users/293003c/Library/CloudStorage/OneDrive-Curtin/Projects/TCZ-research/water point GIS/Edited-layers/LGATE-016-filtered_points.shp,41.000000000000000,,,,
-547669.205928614,-1960780.87829744,"1",WaterBody,O'Donnell River,O'Donnell River,"200702071940","2",Perennial,"2",Natural,Pool,"-99",Unknown,"2",MajorRiver,,,LGATE-016-filtered_points,/Users/293003c/Library/CloudStorage/OneDrive-Curtin/Projects/TCZ-research/water point GIS/Edited-layers/LGATE-016-filtered_points.shp,41.000000000000000,,,,
-484193.088418615,-1987761.47003041,"1",WaterBody,Mary River,Mary River,"200702071939","2",Perennial,"2",Natural,Pool,"-99",Unknown,"3",MinorRiver,,,LGATE-016-filtered_points,/Users/293003c/Library/CloudStorage/OneDrive-Curtin/Projects/TCZ-research/water point GIS/Edited-layers/LGATE-016-filtered_points.shp,40.000000000000000,,,,
-551629.57129642,-1938672.4239807,"1",WaterBody,,,"200702071940","2",Perennial,"2",Natural,Pool,"-99",Unknown,"3",MinorRiver,,,LGATE-016-filtered_points,/Users/293003c/Library/CloudStorage/OneDrive-Curtin/Projects/TCZ-research/water point GIS/Edited-layers/LGATE-016-filtered_points.shp,44.000000000000000,,,,
-447748.542209806,-2094824.88267703,"1",WaterBody,Sturt Creek,Sturt Creek,"200702071247","2",Perennial,"2",Natural,Pool,"-99",Unknown,"-99",Unknown,,,LGATE-016-filtered_points,/Users/293003c/Library/CloudStorage/OneDrive-Curtin/Projects/TCZ-research/water point GIS/Edited-layers/LGATE-016-filtered_points.shp,29.000000000000000,,,,
-537641.400267865,-1952448.99929932,"1",WaterBody,O'Donnell River,O'Donnell River,"200702071940","2",Perennial,"2",Natural,Pool,"-99",Unknown,"2",MajorRiver,,,LGATE-016-filtered_points,/Users/293003c/Library/CloudStorage/OneDrive-Curtin/Projects/TCZ-research/water point GIS/Edited-layers/LGATE-016-filtered_points.shp,41.000000000000000,,,,
-500611.640073668,-1999977.50897301,"1",WaterBody,Mary River,Mary River,"200702071940","2",Perennial,"2",Natural,Pool,"-99",Unknown,"3",MinorRiver,,,LGATE-016-filtered_points,/Users/293003c/Library/CloudStorage/OneDrive-Curtin/Projects/TCZ-research/water point GIS/Edited-layers/LGATE-016-filtered_points.shp,39.000000000000000,,,,
-569882.063079458,-1976431.80126675,"1",WaterBody,Margaret River,Margaret River,"200702071939","2",Perennial,"2",Natural,Pool,"-99",Unknown,"2",MajorRiver,,,LGATE-016-filtered_points,/Users/293003c/Library/CloudStorage/OneDrive-Curtin/Projects/TCZ-research/water point GIS/Edited-layers/LGATE-016-filtered_points.shp,37.000000000000000,,,,
-516240.754064473,-2010495.93035532,"1",WaterBody,Mary River,Mary River,"200702071939","2",Perennial,"2",Natural,Pool,"-99",Unknown,"3",MinorRiver,,,LGATE-016-filtered_points,/Users/293003c/Library/CloudStorage/OneDrive-Curtin/Projects/TCZ-research/water point GIS/Edited-layers/LGATE-016-filtered_points.shp,38.000000000000000,,,,
-513167.878985679,-2023732.01456488,"1",WaterBody,Willy Willy Creek,Willy Willy Creek,"200702071939","2",Perennial,"2",Natural,Pool,"-99",Unknown,"3",MinorRiver,,,LGATE-016-filtered_points,/Users/293003c/Library/CloudStorage/OneDrive-Curtin/Projects/TCZ-research/water point GIS/Edited-layers/LGATE-016-filtered_points.shp,37.000000000000000,,,,
-422343.154527727,-1963188.43625371,"1",WaterBody,,,"200702071939","2",Perennial,"2",Natural,Pool,"-99",Unknown,"2",MajorRiver,,,LGATE-016-filtered_points,/Users/293003c/Library/CloudStorage/OneDrive-Curtin/Projects/TCZ-research/water point GIS/Edited-layers/LGATE-016-filtered_points.shp,36.000000000000000,"1",,,
-581412.95548768,-1944923.40068285,"1",WaterBody,,,"200702071939","2",Perennial,"2",Natural,Pool,"-99",Unknown,"3",MinorRiver,,,LGATE-016-filtered_points,/Users/293003c/Library/CloudStorage/OneDrive-Curtin/Projects/TCZ-research/water point GIS/Edited-layers/LGATE-016-filtered_points.shp,41.000000000000000,,,,
-594953.490059413,-1934096.41387172,"1",WaterBody,,,"200702071940","2",Perennial,"2",Natural,Pool,"-99",Unknown,"2",MajorRiver,,,LGATE-016-filtered_points,/Users/293003c/Library/CloudStorage/OneDrive-Curtin/Projects/TCZ-research/water point GIS/Edited-layers/LGATE-016-filtered_points.shp,40.000000000000000,,,,
-512617.770784232,-2024333.47358765,"1",WaterBody,Willy Willy Creek,Willy Willy Creek,"200702071940","2",Perennial,"2",Natural,Pool,"-99",Unknown,"3",MinorRiver,,,LGATE-016-filtered_points,/Users/293003c/Library/CloudStorage/OneDrive-Curtin/Projects/TCZ-research/water point GIS/Edited-layers/LGATE-016-filtered_points.shp,37.000000000000000,,,,
-389418.330536256,-2046261.95655868,"1",WaterBody,,,"200702071247","2",Perennial,"2",Natural,Pool,"-99",Unknown,"-99",Unknown,,,LGATE-016-filtered_points,/Users/293003c/Library/CloudStorage/OneDrive-Curtin/Projects/TCZ-research/water point GIS/Edited-layers/LGATE-016-filtered_points.shp,30.000000000000000,,,,
-598781.447224802,-1945768.0230363,"1",WaterBody,,,"200702071939","2",Perennial,"2",Natural,Pool,"-99",Unknown,"3",MinorRiver,,,LGATE-016-filtered_points,/Users/293003c/Library/CloudStorage/OneDrive-Curtin/Projects/TCZ-research/water point GIS/Edited-layers/LGATE-016-filtered_points.shp,41.000000000000000,,,,
-605715.301405577,-1976889.31923711,"1",WaterBody,,,"200702071940","2",Perennial,"2",Natural,Pool,"-99",Unknown,"3",MinorRiver,,,LGATE-016-filtered_points,/Users/293003c/Library/CloudStorage/OneDrive-Curtin/Projects/TCZ-research/water point GIS/Edited-layers/LGATE-016-filtered_points.shp,40.000000000000000,,,,
-600319.374372488,-1976640.61703024,"1",WaterBody,,,"200702071940","2",Perennial,"2",Natural,Pool,"-99",Unknown,"3",MinorRiver,,,LGATE-016-filtered_points,/Users/293003c/Library/CloudStorage/OneDrive-Curtin/Projects/TCZ-research/water point GIS/Edited-layers/LGATE-016-filtered_points.shp,40.000000000000000,,,,
-552646.571513302,-1969677.99784107,"1",WaterBody,,,"200702071940","2",Perennial,"2",Natural,Pool,"-99",Unknown,"3",MinorRiver,,,LGATE-016-filtered_points,/Users/293003c/Library/CloudStorage/OneDrive-Curtin/Projects/TCZ-research/water point GIS/Edited-layers/LGATE-016-filtered_points.shp,40.000000000000000,,,,
-449946.974986661,-2098929.3782874,"1",WaterBody,,,"200702071247","2",Perennial,"2",Natural,Pool,"-99",Unknown,"-99",Unknown,,,LGATE-016-filtered_points,/Users/293003c/Library/CloudStorage/OneDrive-Curtin/Projects/TCZ-research/water point GIS/Edited-layers/LGATE-016-filtered_points.shp,29.000000000000000,,,,
-608601.186643789,-1940503.90987603,"1",WaterBody,Leopold River,Leopold River,"200702071939","2",Perennial,"2",Natural,Pool,"-99",Unknown,"3",MinorRiver,,,LGATE-016-filtered_points,/Users/293003c/Library/CloudStorage/OneDrive-Curtin/Projects/TCZ-research/water point GIS/Edited-layers/LGATE-016-filtered_points.shp,41.000000000000000,,,,
-422562.835169986,-1956092.34258481,"1",WaterBody,Brim Creek,Brim Creek,"200702071940","2",Perennial,"2",Natural,Pool,"-99",Unknown,"3",MinorRiver,,,LGATE-016-filtered_points,/Users/293003c/Library/CloudStorage/OneDrive-Curtin/Projects/TCZ-research/water point GIS/Edited-layers/LGATE-016-filtered_points.shp,37.000000000000000,"1",,,
-436307.899728835,-1974240.92008794,"1",WaterBody,Black Elvire River,Black Elvire River,"200702071940","2",Perennial,"2",Natural,Pool,"-99",Unknown,"2",MajorRiver,,,LGATE-016-filtered_points,/Users/293003c/Library/CloudStorage/OneDrive-Curtin/Projects/TCZ-research/water point GIS/Edited-layers/LGATE-016-filtered_points.shp,37.000000000000000,"1",,,
-584665.83965193,-1969140.93230804,"1",WaterBody,Margaret River,Margaret River,"200702071939","2",Perennial,"2",Natural,Pool,"-99",Unknown,"2",MajorRiver,,,LGATE-016-filtered_points,/Users/293003c/Library/CloudStorage/OneDrive-Curtin/Projects/TCZ-research/water point GIS/Edited-layers/LGATE-016-filtered_points.shp,37.000000000000000,,,,
-583348.77887156,-1948461.05006836,"1",WaterBody,,,"200702071940","2",Perennial,"2",Natural,Pool,"-99",Unknown,"3",MinorRiver,,,LGATE-016-filtered_points,/Users/293003c/Library/CloudStorage/OneDrive-Curtin/Projects/TCZ-research/water point GIS/Edited-layers/LGATE-016-filtered_points.shp,41.000000000000000,,,,
-553039.007401519,-1971519.05916671,"1",WaterBody,,,"200702071939","2",Perennial,"2",Natural,Pool,"-99",Unknown,"3",MinorRiver,,,LGATE-016-filtered_points,/Users/293003c/Library/CloudStorage/OneDrive-Curtin/Projects/TCZ-research/water point GIS/Edited-layers/LGATE-016-filtered_points.shp,40.000000000000000,,,,
-442619.137318383,-1977366.96263301,"1",WaterBody,Black Elvire River,Black Elvire River,"200702071940","2",Perennial,"2",Natural,Pool,"-99",Unknown,"2",MajorRiver,,,LGATE-016-filtered_points,/Users/293003c/Library/CloudStorage/OneDrive-Curtin/Projects/TCZ-research/water point GIS/Edited-layers/LGATE-016-filtered_points.shp,38.000000000000000,"1",,,
-575453.370010158,-1946077.87908331,"1",WaterBody,,,"200702071940","2",Perennial,"2",Natural,Pool,"-99",Unknown,"3",MinorRiver,,,LGATE-016-filtered_points,/Users/293003c/Library/CloudStorage/OneDrive-Curtin/Projects/TCZ-research/water point GIS/Edited-layers/LGATE-016-filtered_points.shp,43.000000000000000,,,,
-383972.018708238,-2002849.58233254,"1",WaterBody,Cow Creek,Cow Creek,"200702071247","2",Perennial,"2",Natural,Pool,"-99",Unknown,"-99",Unknown,,,LGATE-016-filtered_points,/Users/293003c/Library/CloudStorage/OneDrive-Curtin/Projects/TCZ-research/water point GIS/Edited-layers/LGATE-016-filtered_points.shp,32.000000000000000,,,,
-590642.354397922,-1935085.02949031,"1",WaterBody,,,"200702071940","2",Perennial,"2",Natural,Pool,"-99",Unknown,"3",MinorRiver,,,LGATE-016-filtered_points,/Users/293003c/Library/CloudStorage/OneDrive-Curtin/Projects/TCZ-research/water point GIS/Edited-layers/LGATE-016-filtered_points.shp,40.000000000000000,,,,
-610706.525965564,-1972785.44874859,"1",WaterBody,,,"200702071940","2",Perennial,"2",Natural,Pool,"-99",Unknown,"3",MinorRiver,,,LGATE-016-filtered_points,/Users/293003c/Library/CloudStorage/OneDrive-Curtin/Projects/TCZ-research/water point GIS/Edited-layers/LGATE-016-filtered_points.shp,36.000000000000000,,,,
-477651.097504273,-2171375.80007333,"1",WaterBody,,,"200702071247","2",Perennial,"2",Natural,Lake,"-99",Unknown,"-99",Unknown,,,LGATE-016-filtered_points,/Users/293003c/Library/CloudStorage/OneDrive-Curtin/Projects/TCZ-research/water point GIS/Edited-layers/LGATE-016-filtered_points.shp,26.000000000000000,,,,
-357091.778542564,-1937916.27367041,"1",WaterBody,,,"200702071247","2",Perennial,"2",Natural,Pool,"-99",Unknown,"2",MajorRiver,,,LGATE-016-filtered_points,/Users/293003c/Library/CloudStorage/OneDrive-Curtin/Projects/TCZ-research/water point GIS/Edited-layers/LGATE-016-filtered_points.shp,36.000000000000000,"1",,,
-388680.781388114,-2040068.63845771,"1",WaterBody,,,"200702071247","2",Perennial,"2",Natural,Pool,"-99",Unknown,"-99",Unknown,,,LGATE-016-filtered_points,/Users/293003c/Library/CloudStorage/OneDrive-Curtin/Projects/TCZ-research/water point GIS/Edited-layers/LGATE-016-filtered_points.shp,30.000000000000000,,,,
-559072.751228883,-2008186.03372823,"1",WaterBody,Margaret River,Margaret River,"200702071940","2",Perennial,"2",Natural,Pool,"-99",Unknown,"2",MajorRiver,,,LGATE-016-filtered_points,/Users/293003c/Library/CloudStorage/OneDrive-Curtin/Projects/TCZ-research/water point GIS/Edited-layers/LGATE-016-filtered_points.shp,35.000000000000000,,,,
-317760.023702404,-1925743.68235238,"1",WaterBody,,,"200702071247","2",Perennial,"2",Natural,Pool,"-99",Unknown,"-99",Unknown,,,LGATE-016-filtered_points,/Users/293003c/Library/CloudStorage/OneDrive-Curtin/Projects/TCZ-research/water point GIS/Edited-layers/LGATE-016-filtered_points.shp,36.000000000000000,"1",,,
-505589.526174675,-2016475.09597143,"1",WaterBody,,,"200702071939","2",Perennial,"2",Natural,Pool,"-99",Unknown,"3",MinorRiver,,,LGATE-016-filtered_points,/Users/293003c/Library/CloudStorage/OneDrive-Curtin/Projects/TCZ-research/water point GIS/Edited-layers/LGATE-016-filtered_points.shp,40.000000000000000,,,,
-480666.409839649,-1929575.75781907,"1",WaterBody,,,"200702071939","2",Perennial,"1",Manmade,EarthDam,"-99",Unknown,"3",MinorRiver,,,LGATE-016-filtered_points,/Users/293003c/Library/CloudStorage/OneDrive-Curtin/Projects/TCZ-research/water point GIS/Edited-layers/LGATE-016-filtered_points.shp,45.000000000000000,,,,
-605997.639745625,-1976697.97377737,"1",WaterBody,,,"200702071940","2",Perennial,"2",Natural,Pool,"-99",Unknown,"3",MinorRiver,,,LGATE-016-filtered_points,/Users/293003c/Library/CloudStorage/OneDrive-Curtin/Projects/TCZ-research/water point GIS/Edited-layers/LGATE-016-filtered_points.shp,40.000000000000000,,,,
-485281.768544839,-1999212.39197891,"1",WaterBody,,,"200702071940","2",Perennial,"2",Natural,Pool,"-99",Unknown,"3",MinorRiver,,,LGATE-016-filtered_points,/Users/293003c/Library/CloudStorage/OneDrive-Curtin/Projects/TCZ-research/water point GIS/Edited-layers/LGATE-016-filtered_points.shp,39.000000000000000,,,,
-478765.255818454,-1956669.78841996,"1",WaterBody,,,"200702071939","2",Perennial,"2",Natural,Pool,"-99",Unknown,"3",MinorRiver,,,LGATE-016-filtered_points,/Users/293003c/Library/CloudStorage/OneDrive-Curtin/Projects/TCZ-research/water point GIS/Edited-layers/LGATE-016-filtered_points.shp,43.000000000000000,,,,
-553714.512499119,-1961989.81693028,"1",WaterBody,O'Donnell River,O'Donnell River,"200702071940","2",Perennial,"2",Natural,Pool,"-99",Unknown,"2",MajorRiver,,,LGATE-016-filtered_points,/Users/293003c/Library/CloudStorage/OneDrive-Curtin/Projects/TCZ-research/water point GIS/Edited-layers/LGATE-016-filtered_points.shp,40.000000000000000,,,,
-554559.222553743,-1963266.70186992,"1",WaterBody,O'Donnell River,O'Donnell River,"200702071940","2",Perennial,"2",Natural,Pool,"-99",Unknown,"2",MajorRiver,,,LGATE-016-filtered_points,/Users/293003c/Library/CloudStorage/OneDrive-Curtin/Projects/TCZ-research/water point GIS/Edited-layers/LGATE-016-filtered_points.shp,40.000000000000000,,,,
-554477.825980404,-1962878.86464432,"1",WaterBody,O'Donnell River,O'Donnell River,"200702071940","2",Perennial,"2",Natural,Pool,"-99",Unknown,"2",MajorRiver,,,LGATE-016-filtered_points,/Users/293003c/Library/CloudStorage/OneDrive-Curtin/Projects/TCZ-research/water point GIS/Edited-layers/LGATE-016-filtered_points.shp,40.000000000000000,,,,
-574510.000635657,-1957865.63276654,"1",WaterBody,,,"200702071940","2",Perennial,"2",Natural,Pool,"-99",Unknown,"3",MinorRiver,,,LGATE-016-filtered_points,/Users/293003c/Library/CloudStorage/OneDrive-Curtin/Projects/TCZ-research/water point GIS/Edited-layers/LGATE-016-filtered_points.shp,42.000000000000000,,,,
-561558.813469027,-1935435.05100596,"1",WaterBody,Little Gold River,Little Gold River,"200702071940","2",Perennial,"2",Natural,Pool,"-99",Unknown,"3",MinorRiver,,,LGATE-016-filtered_points,/Users/293003c/Library/CloudStorage/OneDrive-Curtin/Projects/TCZ-research/water point GIS/Edited-layers/LGATE-016-filtered_points.shp,42.000000000000000,,,,
-509503.003027689,-2033995.99401377,"1",WaterBody,,,"200702071940","2",Perennial,"2",Natural,Pool,"-99",Unknown,"3",MinorRiver,,,LGATE-016-filtered_points,/Users/293003c/Library/CloudStorage/OneDrive-Curtin/Projects/TCZ-research/water point GIS/Edited-layers/LGATE-016-filtered_points.shp,37.000000000000000,,,,
-575066.696433522,-1947944.35961993,"1",WaterBody,,,"200702071939","2",Perennial,"2",Natural,Pool,"-99",Unknown,"3",MinorRiver,,,LGATE-016-filtered_points,/Users/293003c/Library/CloudStorage/OneDrive-Curtin/Projects/TCZ-research/water point GIS/Edited-layers/LGATE-016-filtered_points.shp,43.000000000000000,,,,
-451320.751831041,-1964102.05202908,"1",WaterBody,,,"200702071939","2",Perennial,"1",Manmade,EarthDam,"-99",Unknown,"3",MinorRiver,,,LGATE-016-filtered_points,/Users/293003c/Library/CloudStorage/OneDrive-Curtin/Projects/TCZ-research/water point GIS/Edited-layers/LGATE-016-filtered_points.shp,43.000000000000000,"1",,,
-500886.935618363,-2001052.29716883,"1",WaterBody,Garden Creek,Garden Creek,"200702071940","2",Perennial,"2",Natural,Pool,"-99",Unknown,"3",MinorRiver,,,LGATE-016-filtered_points,/Users/293003c/Library/CloudStorage/OneDrive-Curtin/Projects/TCZ-research/water point GIS/Edited-layers/LGATE-016-filtered_points.shp,39.000000000000000,,,,
-552321.028383442,-1970365.07912476,"1",WaterBody,,,"200702071940","2",Perennial,"2",Natural,Pool,"-99",Unknown,"3",MinorRiver,,,LGATE-016-filtered_points,/Users/293003c/Library/CloudStorage/OneDrive-Curtin/Projects/TCZ-research/water point GIS/Edited-layers/LGATE-016-filtered_points.shp,40.000000000000000,,,,
-595391.811653323,-1978141.90340331,"1",WaterBody,,,"200702071940","2",Perennial,"2",Natural,Pool,"-99",Unknown,"3",MinorRiver,,,LGATE-016-filtered_points,/Users/293003c/Library/CloudStorage/OneDrive-Curtin/Projects/TCZ-research/water point GIS/Edited-layers/LGATE-016-filtered_points.shp,41.000000000000000,,,,
-601433.15844438,-1980152.06293625,"1",WaterBody,,,"200702071940","2",Perennial,"2",Natural,Pool,"-99",Unknown,"3",MinorRiver,,,LGATE-016-filtered_points,/Users/293003c/Library/CloudStorage/OneDrive-Curtin/Projects/TCZ-research/water point GIS/Edited-layers/LGATE-016-filtered_points.shp,40.000000000000000,,,,
-476774.947490006,-1999514.05411986,"1",WaterBody,,,"200702071940","2",Perennial,"2",Natural,Pool,"-99",Unknown,"3",MinorRiver,,,LGATE-016-filtered_points,/Users/293003c/Library/CloudStorage/OneDrive-Curtin/Projects/TCZ-research/water point GIS/Edited-layers/LGATE-016-filtered_points.shp,40.000000000000000,,,,
-378011.106341303,-1986220.97449533,"1",WaterBody,,,"200702071247","2",Perennial,"2",Natural,Pool,"-99",Unknown,"-99",Unknown,,,LGATE-016-filtered_points,/Users/293003c/Library/CloudStorage/OneDrive-Curtin/Projects/TCZ-research/water point GIS/Edited-layers/LGATE-016-filtered_points.shp,34.000000000000000,"1",,,
-550047.2977804,-1931048.51905029,"1",WaterBody,Little Gold River,Little Gold River,"200702071939","2",Perennial,"2",Natural,Pool,"-99",Unknown,"3",MinorRiver,,,LGATE-016-filtered_points,/Users/293003c/Library/CloudStorage/OneDrive-Curtin/Projects/TCZ-research/water point GIS/Edited-layers/LGATE-016-filtered_points.shp,44.000000000000000,,,,
-500184.324800238,-1998991.62950126,"1",WaterBody,Mary River,Mary River,"200702071940","2",Perennial,"2",Natural,Pool,"-99",Unknown,"3",MinorRiver,,,LGATE-016-filtered_points,/Users/293003c/Library/CloudStorage/OneDrive-Curtin/Projects/TCZ-research/water point GIS/Edited-layers/LGATE-016-filtered_points.shp,39.000000000000000,,,,
-489543.767720422,-2135086.0385055,"1",WaterBody,Overflow Creek,Overflow Creek,"200702071247","2",Perennial,"2",Natural,Pool,"-99",Unknown,"-99",Unknown,,,LGATE-016-filtered_points,/Users/293003c/Library/CloudStorage/OneDrive-Curtin/Projects/TCZ-research/water point GIS/Edited-layers/LGATE-016-filtered_points.shp,28.000000000000000,,,,
-489873.063250721,-2135631.94570323,"1",WaterBody,Overflow Creek,Overflow Creek,"200702071247","2",Perennial,"2",Natural,Pool,"-99",Unknown,"-99",Unknown,,,LGATE-016-filtered_points,/Users/293003c/Library/CloudStorage/OneDrive-Curtin/Projects/TCZ-research/water point GIS/Edited-layers/LGATE-016-filtered_points.shp,28.000000000000000,,,,
-474606.355039076,-2004116.87142367,"1",WaterBody,,,"200702071939","2",Perennial,"2",Natural,Pool,"-99",Unknown,"3",MinorRiver,,,LGATE-016-filtered_points,/Users/293003c/Library/CloudStorage/OneDrive-Curtin/Projects/TCZ-research/water point GIS/Edited-layers/LGATE-016-filtered_points.shp,38.000000000000000,,,,
-552658.191794933,-1969034.98089257,"1",WaterBody,,,"200702071939","2",Perennial,"2",Natural,Pool,"-99",Unknown,"3",MinorRiver,,,LGATE-016-filtered_points,/Users/293003c/Library/CloudStorage/OneDrive-Curtin/Projects/TCZ-research/water point GIS/Edited-layers/LGATE-016-filtered_points.shp,40.000000000000000,,,,
-497273.498523527,-1993080.24230512,"1",WaterBody,Mary River,Mary River,"200702071940","2",Perennial,"2",Natural,Pool,"-99",Unknown,"3",MinorRiver,,,LGATE-016-filtered_points,/Users/293003c/Library/CloudStorage/OneDrive-Curtin/Projects/TCZ-research/water point GIS/Edited-layers/LGATE-016-filtered_points.shp,39.000000000000000,,,,
-355646.853428462,-1924625.05423987,"1",WaterBody,,,"200702071247","2",Perennial,"2",Natural,Pool,"-99",Unknown,"-99",Unknown,,,LGATE-016-filtered_points,/Users/293003c/Library/CloudStorage/OneDrive-Curtin/Projects/TCZ-research/water point GIS/Edited-layers/LGATE-016-filtered_points.shp,36.000000000000000,"1",,,
-503579.249364557,-2021339.82062922,"1",WaterBody,,,"200702071939","2",Perennial,"2",Natural,Pool,"-99",Unknown,"3",MinorRiver,,,LGATE-016-filtered_points,/Users/293003c/Library/CloudStorage/OneDrive-Curtin/Projects/TCZ-research/water point GIS/Edited-layers/LGATE-016-filtered_points.shp,40.000000000000000,,,,
-587799.002074524,-1960717.96368949,"1",WaterBody,,,"200702071940","2",Perennial,"2",Natural,Pool,"-99",Unknown,"3",MinorRiver,,,LGATE-016-filtered_points,/Users/293003c/Library/CloudStorage/OneDrive-Curtin/Projects/TCZ-research/water point GIS/Edited-layers/LGATE-016-filtered_points.shp,41.000000000000000,,,,
-413927.368702155,-1952140.19831748,"1",WaterBody,Elvire River,Elvire River,"200702071247","2",Perennial,"2",Natural,Pool,"-99",Unknown,"2",MajorRiver,,,LGATE-016-filtered_points,/Users/293003c/Library/CloudStorage/OneDrive-Curtin/Projects/TCZ-research/water point GIS/Edited-layers/LGATE-016-filtered_points.shp,36.000000000000000,"1",,,
-317578.029516396,-1924841.19429328,"1",WaterBody,,,"200702071247","2",Perennial,"2",Natural,Pool,"-99",Unknown,"-99",Unknown,,,LGATE-016-filtered_points,/Users/293003c/Library/CloudStorage/OneDrive-Curtin/Projects/TCZ-research/water point GIS/Edited-layers/LGATE-016-filtered_points.shp,36.000000000000000,"1",,,
-507049.085906896,-2027754.46449276,"1",WaterBody,Willy Willy Creek,Willy Willy Creek,"200702071939","2",Perennial,"2",Natural,Pool,"-99",Unknown,"3",MinorRiver,,,LGATE-016-filtered_points,/Users/293003c/Library/CloudStorage/OneDrive-Curtin/Projects/TCZ-research/water point GIS/Edited-layers/LGATE-016-filtered_points.shp,37.000000000000000,,,,
-475986.921697784,-2004260.20487968,"1",WaterBody,,,"200702071940","2",Perennial,"2",Natural,Pool,"-99",Unknown,"3",MinorRiver,,,LGATE-016-filtered_points,/Users/293003c/Library/CloudStorage/OneDrive-Curtin/Projects/TCZ-research/water point GIS/Edited-layers/LGATE-016-filtered_points.shp,38.000000000000000,,,,
-583606.632087417,-1949658.02630952,"1",WaterBody,,,"200702071940","2",Perennial,"2",Natural,Pool,"-99",Unknown,"3",MinorRiver,,,LGATE-016-filtered_points,/Users/293003c/Library/CloudStorage/OneDrive-Curtin/Projects/TCZ-research/water point GIS/Edited-layers/LGATE-016-filtered_points.shp,41.000000000000000,,,,
-504883.279353201,-2002691.24712097,"1",WaterBody,Mary River,Mary River,"200702071940","2",Perennial,"2",Natural,Pool,"-99",Unknown,"3",MinorRiver,,,LGATE-016-filtered_points,/Users/293003c/Library/CloudStorage/OneDrive-Curtin/Projects/TCZ-research/water point GIS/Edited-layers/LGATE-016-filtered_points.shp,39.000000000000000,,,,
-552264.667029621,-1988282.03340766,"1",WaterBody,Gliddon River,Gliddon River,"200702071940","2",Perennial,"2",Natural,Pool,"-99",Unknown,"3",MinorRiver,,,LGATE-016-filtered_points,/Users/293003c/Library/CloudStorage/OneDrive-Curtin/Projects/TCZ-research/water point GIS/Edited-layers/LGATE-016-filtered_points.shp,38.000000000000000,,,,
-507964.659431052,-2033413.95295809,"1",WaterBody,,,"200702071939","2",Perennial,"2",Natural,Pool,"-99",Unknown,"3",MinorRiver,,,LGATE-016-filtered_points,/Users/293003c/Library/CloudStorage/OneDrive-Curtin/Projects/TCZ-research/water point GIS/Edited-layers/LGATE-016-filtered_points.shp,37.000000000000000,,,,
-597677.568333863,-1989764.25531105,"1",WaterBody,,,"200702071940","2",Perennial,"2",Natural,Pool,"-99",Unknown,"3",MinorRiver,,,LGATE-016-filtered_points,/Users/293003c/Library/CloudStorage/OneDrive-Curtin/Projects/TCZ-research/water point GIS/Edited-layers/LGATE-016-filtered_points.shp,40.000000000000000,,,,
-463293.35754604,-2118946.80096642,"1",WaterBody,Sturt Creek,Sturt Creek,"200702071247","2",Perennial,"2",Natural,Pool,"-99",Unknown,"-99",Unknown,,,LGATE-016-filtered_points,/Users/293003c/Library/CloudStorage/OneDrive-Curtin/Projects/TCZ-research/water point GIS/Edited-layers/LGATE-016-filtered_points.shp,28.000000000000000,,,,
-399152.330192704,-1930776.14586778,"1",WaterBody,,,"200702071247","2",Perennial,"2",Natural,Pool,"-99",Unknown,"2",MajorRiver,,,LGATE-016-filtered_points,/Users/293003c/Library/CloudStorage/OneDrive-Curtin/Projects/TCZ-research/water point GIS/Edited-layers/LGATE-016-filtered_points.shp,36.000000000000000,"1",,,
-516360.434643899,-1994738.03115591,"1",WaterBody,Margaret River,Margaret River,"200702071939","2",Perennial,"2",Natural,Pool,"-99",Unknown,"3",MinorRiver,,,LGATE-016-filtered_points,/Users/293003c/Library/CloudStorage/OneDrive-Curtin/Projects/TCZ-research/water point GIS/Edited-layers/LGATE-016-filtered_points.shp,39.000000000000000,,,,
-414744.992800795,-1953893.54254724,"1",WaterBody,Elvire River,Elvire River,"200702071247","2",Perennial,"2",Natural,Pool,"-99",Unknown,"2",MajorRiver,,,LGATE-016-filtered_points,/Users/293003c/Library/CloudStorage/OneDrive-Curtin/Projects/TCZ-research/water point GIS/Edited-layers/LGATE-016-filtered_points.shp,36.000000000000000,"1",,,
-513247.467738263,-2009425.37911654,"1",WaterBody,Mary River,Mary River,"200702071940","2",Perennial,"2",Natural,Pool,"-99",Unknown,"3",MinorRiver,,,LGATE-016-filtered_points,/Users/293003c/Library/CloudStorage/OneDrive-Curtin/Projects/TCZ-research/water point GIS/Edited-layers/LGATE-016-filtered_points.shp,38.000000000000000,,,,
-573561.191310207,-1959056.58454879,"1",WaterBody,,,"200702071939","2",Perennial,"2",Natural,Pool,"-99",Unknown,"3",MinorRiver,,,LGATE-016-filtered_points,/Users/293003c/Library/CloudStorage/OneDrive-Curtin/Projects/TCZ-research/water point GIS/Edited-layers/LGATE-016-filtered_points.shp,42.000000000000000,,,,
-332093.189184281,-1931852.20244286,"1",WaterBody,,,"200702071247","2",Perennial,"2",Natural,Pool,"-99",Unknown,"2",MajorRiver,,,LGATE-016-filtered_points,/Users/293003c/Library/CloudStorage/OneDrive-Curtin/Projects/TCZ-research/water point GIS/Edited-layers/LGATE-016-filtered_points.shp,36.000000000000000,"1",,,
-332082.317675891,-1931902.55169235,"1",WaterBody,,,"200702071247","2",Perennial,"2",Natural,Pool,"-99",Unknown,"2",MajorRiver,,,LGATE-016-filtered_points,/Users/293003c/Library/CloudStorage/OneDrive-Curtin/Projects/TCZ-research/water point GIS/Edited-layers/LGATE-016-filtered_points.shp,36.000000000000000,"1",,,
-436151.94666934,-1968622.85042974,"1",WaterBody,,,"200702071939","2",Perennial,"2",Natural,Pool,"-99",Unknown,"2",MajorRiver,,,LGATE-016-filtered_points,/Users/293003c/Library/CloudStorage/OneDrive-Curtin/Projects/TCZ-research/water point GIS/Edited-layers/LGATE-016-filtered_points.shp,37.000000000000000,"1",,,
-585915.899449192,-1968522.64253294,"1",WaterBody,,,"200702071940","2",Perennial,"2",Natural,Pool,"-99",Unknown,"3",MinorRiver,,,LGATE-016-filtered_points,/Users/293003c/Library/CloudStorage/OneDrive-Curtin/Projects/TCZ-research/water point GIS/Edited-layers/LGATE-016-filtered_points.shp,37.000000000000000,,,,
-548482.683101593,-1947900.61512979,"1",WaterBody,,,"200702071939","2",Perennial,"2",Natural,Pool,"-99",Unknown,"3",MinorRiver,,,LGATE-016-filtered_points,/Users/293003c/Library/CloudStorage/OneDrive-Curtin/Projects/TCZ-research/water point GIS/Edited-layers/LGATE-016-filtered_points.shp,44.000000000000000,,,,
-605688.013888413,-1982749.85820999,"1",WaterBody,,,"200702071940","2",Perennial,"2",Natural,Pool,"-99",Unknown,"3",MinorRiver,,,LGATE-016-filtered_points,/Users/293003c/Library/CloudStorage/OneDrive-Curtin/Projects/TCZ-research/water point GIS/Edited-layers/LGATE-016-filtered_points.shp,40.000000000000000,,,,
-566464.460274664,-1994648.62247011,"1",WaterBody,Margaret River,Margaret River,"200702071940","2",Perennial,"2",Natural,Pool,"-99",Unknown,"2",MajorRiver,,,LGATE-016-filtered_points,/Users/293003c/Library/CloudStorage/OneDrive-Curtin/Projects/TCZ-research/water point GIS/Edited-layers/LGATE-016-filtered_points.shp,37.000000000000000,,,,
-511530.198459115,-2025266.7646868,"1",WaterBody,Willy Willy Creek,Willy Willy Creek,"200702071940","2",Perennial,"2",Natural,Pool,"-99",Unknown,"3",MinorRiver,,,LGATE-016-filtered_points,/Users/293003c/Library/CloudStorage/OneDrive-Curtin/Projects/TCZ-research/water point GIS/Edited-layers/LGATE-016-filtered_points.shp,37.000000000000000,,,,
-538130.871228805,-1957444.03601316,"1",WaterBody,O'Donnell River,O'Donnell River,"200702071940","2",Perennial,"2",Natural,Pool,"-99",Unknown,"2",MajorRiver,,,LGATE-016-filtered_points,/Users/293003c/Library/CloudStorage/OneDrive-Curtin/Projects/TCZ-research/water point GIS/Edited-layers/LGATE-016-filtered_points.shp,41.000000000000000,,,,
-495141.592549563,-1962285.84028727,"1",WaterBody,,,"200702071939","2",Perennial,"2",Natural,Pool,"-99",Unknown,"3",MinorRiver,,,LGATE-016-filtered_points,/Users/293003c/Library/CloudStorage/OneDrive-Curtin/Projects/TCZ-research/water point GIS/Edited-layers/LGATE-016-filtered_points.shp,42.000000000000000,,,,
-569824.41029874,-1976106.04146328,"1",WaterBody,Margaret River,Margaret River,"200702071940","2",Perennial,"2",Natural,Pool,"-99",Unknown,"2",MajorRiver,,,LGATE-016-filtered_points,/Users/293003c/Library/CloudStorage/OneDrive-Curtin/Projects/TCZ-research/water point GIS/Edited-layers/LGATE-016-filtered_points.shp,37.000000000000000,,,,
-370041.551202056,-1992477.25294596,"1",WaterBody,Button Creek,Button Creek,"200702071247","2",Perennial,"2",Natural,Pool,"-99",Unknown,"-99",Unknown,,,LGATE-016-filtered_points,/Users/293003c/Library/CloudStorage/OneDrive-Curtin/Projects/TCZ-research/water point GIS/Edited-layers/LGATE-016-filtered_points.shp,33.000000000000000,,,,
-317744.931437286,-1927411.61915811,"1",WaterBody,,,"200702071247","2",Perennial,"2",Natural,Pool,"-99",Unknown,"2",MajorRiver,,,LGATE-016-filtered_points,/Users/293003c/Library/CloudStorage/OneDrive-Curtin/Projects/TCZ-research/water point GIS/Edited-layers/LGATE-016-filtered_points.shp,36.000000000000000,"1",,,
-610423.770977677,-1972732.91022448,"1",WaterBody,,,"200702071940","2",Perennial,"2",Natural,Pool,"-99",Unknown,"3",MinorRiver,,,LGATE-016-filtered_points,/Users/293003c/Library/CloudStorage/OneDrive-Curtin/Projects/TCZ-research/water point GIS/Edited-layers/LGATE-016-filtered_points.shp,36.000000000000000,,,,
-360958.443134471,-2059264.89335937,"1",WaterBody,Lewis Creek,Lewis Creek,"200702071247","2",Perennial,"2",Natural,Pool,"-99",Unknown,"-99",Unknown,,,LGATE-016-filtered_points,/Users/293003c/Library/CloudStorage/OneDrive-Curtin/Projects/TCZ-research/water point GIS/Edited-layers/LGATE-016-filtered_points.shp,29.000000000000000,,,,
-357043.169765949,-1997916.18329815,"1",WaterBody,,,"200702071247","2",Perennial,"2",Natural,Pool,"-99",Unknown,"-99",Unknown,,,LGATE-016-filtered_points,/Users/293003c/Library/CloudStorage/OneDrive-Curtin/Projects/TCZ-research/water point GIS/Edited-layers/LGATE-016-filtered_points.shp,32.000000000000000,,,,
-589088.321668216,-1961799.3949339,"1",WaterBody,,,"200702071939","2",Perennial,"2",Natural,Pool,"-99",Unknown,"3",MinorRiver,,,LGATE-016-filtered_points,/Users/293003c/Library/CloudStorage/OneDrive-Curtin/Projects/TCZ-research/water point GIS/Edited-layers/LGATE-016-filtered_points.shp,41.000000000000000,,,,
-584153.08029974,-1938483.07300419,"1",WaterBody,,,"200702071939","2",Perennial,"2",Natural,Pool,"-99",Unknown,"3",MinorRiver,,,LGATE-016-filtered_points,/Users/293003c/Library/CloudStorage/OneDrive-Curtin/Projects/TCZ-research/water point GIS/Edited-layers/LGATE-016-filtered_points.shp,41.000000000000000,,,,
-450108.633710074,-2109476.06166497,"1",WaterBody,,,"200702071247","2",Perennial,"2",Natural,Pool,"-99",Unknown,"-99",Unknown,,,LGATE-016-filtered_points,/Users/293003c/Library/CloudStorage/OneDrive-Curtin/Projects/TCZ-research/water point GIS/Edited-layers/LGATE-016-filtered_points.shp,29.000000000000000,,,,
-554903.33757123,-1955112.14922058,"1",WaterBody,,,"200702071939","2",Perennial,"2",Natural,Pool,"-99",Unknown,"3",MinorRiver,,,LGATE-016-filtered_points,/Users/293003c/Library/CloudStorage/OneDrive-Curtin/Projects/TCZ-research/water point GIS/Edited-layers/LGATE-016-filtered_points.shp,41.000000000000000,,,,
-589867.179154857,-1961822.17819258,"1",WaterBody,,,"200702071940","2",Perennial,"2",Natural,Pool,"-99",Unknown,"3",MinorRiver,,,LGATE-016-filtered_points,/Users/293003c/Library/CloudStorage/OneDrive-Curtin/Projects/TCZ-research/water point GIS/Edited-layers/LGATE-016-filtered_points.shp,41.000000000000000,,,,
-567280.926871926,-1936682.10561221,"1",WaterBody,McKinnon Creek,McKinnon Creek,"200702071940","2",Perennial,"2",Natural,Pool,"-99",Unknown,"3",MinorRiver,,,LGATE-016-filtered_points,/Users/293003c/Library/CloudStorage/OneDrive-Curtin/Projects/TCZ-research/water point GIS/Edited-layers/LGATE-016-filtered_points.shp,42.000000000000000,,,,
-448396.101099149,-2151640.00907328,"1",WaterBody,,,"200702071247","2",Perennial,"2",Natural,Pool,"-99",Unknown,"-99",Unknown,,,LGATE-016-filtered_points,/Users/293003c/Library/CloudStorage/OneDrive-Curtin/Projects/TCZ-research/water point GIS/Edited-layers/LGATE-016-filtered_points.shp,27.000000000000000,,,,
-356808.416614916,-1997283.63774905,"1",WaterBody,,,"200702071247","2",Perennial,"2",Natural,Pool,"-99",Unknown,"-99",Unknown,,,LGATE-016-filtered_points,/Users/293003c/Library/CloudStorage/OneDrive-Curtin/Projects/TCZ-research/water point GIS/Edited-layers/LGATE-016-filtered_points.shp,32.000000000000000,,,,
-535249.093977184,-1997593.9155541,"1",WaterBody,Margaret River,Margaret River,"200702071940","2",Perennial,"2",Natural,Pool,"-99",Unknown,"2",MajorRiver,,,LGATE-016-filtered_points,/Users/293003c/Library/CloudStorage/OneDrive-Curtin/Projects/TCZ-research/water point GIS/Edited-layers/LGATE-016-filtered_points.shp,39.000000000000000,,,,
-550868.304863757,-1953315.55657664,"1",WaterBody,,,"200702071940","2",Perennial,"2",Natural,Pool,"-99",Unknown,"3",MinorRiver,,,LGATE-016-filtered_points,/Users/293003c/Library/CloudStorage/OneDrive-Curtin/Projects/TCZ-research/water point GIS/Edited-layers/LGATE-016-filtered_points.shp,41.000000000000000,,,,
-436295.248709538,-1972161.71284046,"1",WaterBody,,,"200702071939","2",Perennial,"2",Natural,Pool,"-99",Unknown,"2",MajorRiver,,,LGATE-016-filtered_points,/Users/293003c/Library/CloudStorage/OneDrive-Curtin/Projects/TCZ-research/water point GIS/Edited-layers/LGATE-016-filtered_points.shp,37.000000000000000,"1",,,
-457572.265093783,-2115645.35196354,"1",WaterBody,,,"200702071247","2",Perennial,"2",Natural,Pool,"-99",Unknown,"-99",Unknown,,,LGATE-016-filtered_points,/Users/293003c/Library/CloudStorage/OneDrive-Curtin/Projects/TCZ-research/water point GIS/Edited-layers/LGATE-016-filtered_points.shp,28.000000000000000,,,,
-537586.184241642,-1950972.11728255,"1",WaterBody,,,"200702071939","2",Perennial,"2",Natural,Pool,"-99",Unknown,"3",MinorRiver,,,LGATE-016-filtered_points,/Users/293003c/Library/CloudStorage/OneDrive-Curtin/Projects/TCZ-research/water point GIS/Edited-layers/LGATE-016-filtered_points.shp,41.000000000000000,,,,
-504671.679387972,-2019052.39313773,"1",WaterBody,,,"200702071940","2",Perennial,"2",Natural,Pool,"-99",Unknown,"3",MinorRiver,,,LGATE-016-filtered_points,/Users/293003c/Library/CloudStorage/OneDrive-Curtin/Projects/TCZ-research/water point GIS/Edited-layers/LGATE-016-filtered_points.shp,40.000000000000000,,,,
-395164.074196963,-1985220.36291794,"1",WaterBody,Cow Creek,Cow Creek,"200702071247","2",Perennial,"2",Natural,Pool,"-99",Unknown,"-99",Unknown,,,LGATE-016-filtered_points,/Users/293003c/Library/CloudStorage/OneDrive-Curtin/Projects/TCZ-research/water point GIS/Edited-layers/LGATE-016-filtered_points.shp,35.000000000000000,"1",,,
-484261.882886644,-1998696.85152701,"1",WaterBody,,,"200702071940","2",Perennial,"2",Natural,Pool,"-99",Unknown,"3",MinorRiver,,,LGATE-016-filtered_points,/Users/293003c/Library/CloudStorage/OneDrive-Curtin/Projects/TCZ-research/water point GIS/Edited-layers/LGATE-016-filtered_points.shp,39.000000000000000,,,,
-440307.479975755,-1975262.36691666,"1",WaterBody,,,"200702071940","2",Perennial,"2",Natural,Pool,"-99",Unknown,"3",MinorRiver,,,LGATE-016-filtered_points,/Users/293003c/Library/CloudStorage/OneDrive-Curtin/Projects/TCZ-research/water point GIS/Edited-layers/LGATE-016-filtered_points.shp,38.000000000000000,"1",,,
-573172.092011986,-1960030.80419114,"1",WaterBody,,,"200702071940","2",Perennial,"2",Natural,Pool,"-99",Unknown,"3",MinorRiver,,,LGATE-016-filtered_points,/Users/293003c/Library/CloudStorage/OneDrive-Curtin/Projects/TCZ-research/water point GIS/Edited-layers/LGATE-016-filtered_points.shp,42.000000000000000,,,,
-579350.430374805,-1946768.17317523,"1",WaterBody,,,"200702071940","2",Perennial,"2",Natural,Pool,"-99",Unknown,"3",MinorRiver,,,LGATE-016-filtered_points,/Users/293003c/Library/CloudStorage/OneDrive-Curtin/Projects/TCZ-research/water point GIS/Edited-layers/LGATE-016-filtered_points.shp,41.000000000000000,,,,
-550361.803888133,-1990130.42765616,"1",WaterBody,,,"200702071940","2",Perennial,"2",Natural,Pool,"-99",Unknown,"3",MinorRiver,,,LGATE-016-filtered_points,/Users/293003c/Library/CloudStorage/OneDrive-Curtin/Projects/TCZ-research/water point GIS/Edited-layers/LGATE-016-filtered_points.shp,38.000000000000000,,,,
-356698.285322983,-1938211.11410949,"1",WaterBody,Nicholson River,Nicholson River,"200702071247","2",Perennial,"2",Natural,Pool,"-99",Unknown,"2",MajorRiver,,,LGATE-016-filtered_points,/Users/293003c/Library/CloudStorage/OneDrive-Curtin/Projects/TCZ-research/water point GIS/Edited-layers/LGATE-016-filtered_points.shp,36.000000000000000,"1",,,
-588182.426523839,-1935536.43089514,"1",WaterBody,Leopold River,Leopold River,"200702071940","2",Perennial,"2",Natural,Pool,"-99",Unknown,"2",MajorRiver,,,LGATE-016-filtered_points,/Users/293003c/Library/CloudStorage/OneDrive-Curtin/Projects/TCZ-research/water point GIS/Edited-layers/LGATE-016-filtered_points.shp,40.000000000000000,,,,
-385273.724366818,-1992152.98068269,"1",WaterBody,Cow Creek,Cow Creek,"200702071247","2",Perennial,"2",Natural,Pool,"-99",Unknown,"-99",Unknown,,,LGATE-016-filtered_points,/Users/293003c/Library/CloudStorage/OneDrive-Curtin/Projects/TCZ-research/water point GIS/Edited-layers/LGATE-016-filtered_points.shp,34.000000000000000,,,,
-453876.368703445,-2150533.10576766,"1",WaterBody,,,"200702071247","2",Perennial,"2",Natural,Pool,"-99",Unknown,"-99",Unknown,,,LGATE-016-filtered_points,/Users/293003c/Library/CloudStorage/OneDrive-Curtin/Projects/TCZ-research/water point GIS/Edited-layers/LGATE-016-filtered_points.shp,27.000000000000000,,,,
-595448.640899011,-1938884.2149753,"1",WaterBody,,,"200702071939","2",Perennial,"2",Natural,Pool,"-99",Unknown,"3",MinorRiver,,,LGATE-016-filtered_points,/Users/293003c/Library/CloudStorage/OneDrive-Curtin/Projects/TCZ-research/water point GIS/Edited-layers/LGATE-016-filtered_points.shp,40.000000000000000,,,,
-570721.775662279,-1981493.32180758,"1",WaterBody,Margaret River,Margaret River,"200702071939","2",Perennial,"2",Natural,Pool,"-99",Unknown,"2",MajorRiver,,,LGATE-016-filtered_points,/Users/293003c/Library/CloudStorage/OneDrive-Curtin/Projects/TCZ-research/water point GIS/Edited-layers/LGATE-016-filtered_points.shp,37.000000000000000,,,,
-477747.956502433,-1957349.00239872,"1",WaterBody,,,"200702071939","2",Perennial,"2",Natural,Pool,"-99",Unknown,"3",MinorRiver,,,LGATE-016-filtered_points,/Users/293003c/Library/CloudStorage/OneDrive-Curtin/Projects/TCZ-research/water point GIS/Edited-layers/LGATE-016-filtered_points.shp,43.000000000000000,,,,
-449420.317267674,-2098534.89399379,"1",WaterBody,Sturt Creek,Sturt Creek,"200702071247","2",Perennial,"2",Natural,Pool,"-99",Unknown,"-99",Unknown,,,LGATE-016-filtered_points,/Users/293003c/Library/CloudStorage/OneDrive-Curtin/Projects/TCZ-research/water point GIS/Edited-layers/LGATE-016-filtered_points.shp,29.000000000000000,,,,
-596000.592758211,-1933944.62475251,"1",WaterBody,,,"200702071939","2",Perennial,"2",Natural,Pool,"-99",Unknown,"2",MajorRiver,,,LGATE-016-filtered_points,/Users/293003c/Library/CloudStorage/OneDrive-Curtin/Projects/TCZ-research/water point GIS/Edited-layers/LGATE-016-filtered_points.shp,40.000000000000000,,,,
-482245.943785601,-1956561.50831185,"1",WaterBody,Station Creek,Station Creek,"200702071939","2",Perennial,"2",Natural,Pool,"-99",Unknown,"3",MinorRiver,,,LGATE-016-filtered_points,/Users/293003c/Library/CloudStorage/OneDrive-Curtin/Projects/TCZ-research/water point GIS/Edited-layers/LGATE-016-filtered_points.shp,43.000000000000000,,,,
-539142.338031707,-1958220.46257083,"1",WaterBody,O'Donnell River,O'Donnell River,"200702071939","2",Perennial,"2",Natural,Pool,"-99",Unknown,"2",MajorRiver,,,LGATE-016-filtered_points,/Users/293003c/Library/CloudStorage/OneDrive-Curtin/Projects/TCZ-research/water point GIS/Edited-layers/LGATE-016-filtered_points.shp,41.000000000000000,,,,
-488901.732082984,-1969955.29761251,"1",WaterBody,,,"200702071940","2",Perennial,"2",Natural,Pool,"-99",Unknown,"3",MinorRiver,,,LGATE-016-filtered_points,/Users/293003c/Library/CloudStorage/OneDrive-Curtin/Projects/TCZ-research/water point GIS/Edited-layers/LGATE-016-filtered_points.shp,42.000000000000000,,,,
-329935.758113209,-1972364.15495211,"1",WaterBody,Sturt Creek,Sturt Creek,"200702071247","2",Perennial,"2",Natural,Pool,"-99",Unknown,"2",MajorRiver,,,LGATE-016-filtered_points,/Users/293003c/Library/CloudStorage/OneDrive-Curtin/Projects/TCZ-research/water point GIS/Edited-layers/LGATE-016-filtered_points.shp,33.000000000000000,"1",,,
-328682.57961306,-1971911.23374458,"1",WaterBody,Sturt Creek,Sturt Creek,"200702071247","2",Perennial,"2",Natural,Pool,"-99",Unknown,"2",MajorRiver,,,LGATE-016-filtered_points,/Users/293003c/Library/CloudStorage/OneDrive-Curtin/Projects/TCZ-research/water point GIS/Edited-layers/LGATE-016-filtered_points.shp,33.000000000000000,"1",,,
-333969.472081422,-1932634.0171903,"1",WaterBody,,,"200702071247","2",Perennial,"2",Natural,Pool,"-99",Unknown,"2",MajorRiver,,,LGATE-016-filtered_points,/Users/293003c/Library/CloudStorage/OneDrive-Curtin/Projects/TCZ-research/water point GIS/Edited-layers/LGATE-016-filtered_points.shp,35.000000000000000,"1",,,
-394746.925296673,-1984905.70700828,"1",WaterBody,Cow Creek,Cow Creek,"200702071247","2",Perennial,"2",Natural,Pool,"-99",Unknown,"-99",Unknown,,,LGATE-016-filtered_points,/Users/293003c/Library/CloudStorage/OneDrive-Curtin/Projects/TCZ-research/water point GIS/Edited-layers/LGATE-016-filtered_points.shp,35.000000000000000,"1",,,
-554041.608912332,-1956223.65810493,"1",WaterBody,,,"200702071940","2",Perennial,"2",Natural,Pool,"-99",Unknown,"3",MinorRiver,,,LGATE-016-filtered_points,/Users/293003c/Library/CloudStorage/OneDrive-Curtin/Projects/TCZ-research/water point GIS/Edited-layers/LGATE-016-filtered_points.shp,41.000000000000000,,,,
-386783.112738377,-1990759.59884621,"1",WaterBody,Cow Creek,Cow Creek,"200702071247","2",Perennial,"2",Natural,Pool,"-99",Unknown,"-99",Unknown,,,LGATE-016-filtered_points,/Users/293003c/Library/CloudStorage/OneDrive-Curtin/Projects/TCZ-research/water point GIS/Edited-layers/LGATE-016-filtered_points.shp,34.000000000000000,,,,
-605972.434704682,-2036014.38765295,"1",WaterBody,Christmas Creek,Christmas Creek,"200702071939","2",Perennial,"2",Natural,Pool,"-99",Unknown,"2",MajorRiver,,,LGATE-016-filtered_points,/Users/293003c/Library/CloudStorage/OneDrive-Curtin/Projects/TCZ-research/water point GIS/Edited-layers/LGATE-016-filtered_points.shp,33.000000000000000,,,,
-327867.069464521,-2002726.8255672,"1",WaterBody,,,"200702071247","2",Perennial,"2",Natural,Pool,"-99",Unknown,"-99",Unknown,,,LGATE-016-filtered_points,/Users/293003c/Library/CloudStorage/OneDrive-Curtin/Projects/TCZ-research/water point GIS/Edited-layers/LGATE-016-filtered_points.shp,33.000000000000000,,,,
-594340.673161355,-1954908.99023758,"1",WaterBody,,,"200702071940","2",Perennial,"2",Natural,Pool,"-99",Unknown,"3",MinorRiver,,,LGATE-016-filtered_points,/Users/293003c/Library/CloudStorage/OneDrive-Curtin/Projects/TCZ-research/water point GIS/Edited-layers/LGATE-016-filtered_points.shp,41.000000000000000,,,,
-476965.652861215,-1985749.66170931,"1",WaterBody,Mary River,Mary River,"200702071940","2",Perennial,"2",Natural,Pool,"-99",Unknown,"3",MinorRiver,,,LGATE-016-filtered_points,/Users/293003c/Library/CloudStorage/OneDrive-Curtin/Projects/TCZ-research/water point GIS/Edited-layers/LGATE-016-filtered_points.shp,41.000000000000000,,,,
-496421.448431469,-1990855.24782721,"1",WaterBody,Mary River,Mary River,"200702071939","2",Perennial,"2",Natural,Pool,"-99",Unknown,"3",MinorRiver,,,LGATE-016-filtered_points,/Users/293003c/Library/CloudStorage/OneDrive-Curtin/Projects/TCZ-research/water point GIS/Edited-layers/LGATE-016-filtered_points.shp,40.000000000000000,,,,
-447937.280584973,-2096339.13819821,"1",WaterBody,Sturt Creek,Sturt Creek,"200702071247","2",Perennial,"2",Natural,Pool,"-99",Unknown,"-99",Unknown,,,LGATE-016-filtered_points,/Users/293003c/Library/CloudStorage/OneDrive-Curtin/Projects/TCZ-research/water point GIS/Edited-layers/LGATE-016-filtered_points.shp,29.000000000000000,,,,
-591426.847905509,-1945184.0040994,"1",WaterBody,,,"200702071940","2",Perennial,"2",Natural,Pool,"-99",Unknown,"3",MinorRiver,,,LGATE-016-filtered_points,/Users/293003c/Library/CloudStorage/OneDrive-Curtin/Projects/TCZ-research/water point GIS/Edited-layers/LGATE-016-filtered_points.shp,43.000000000000000,,,,
-583134.969535391,-1948671.22075671,"1",WaterBody,,,"200702071939","2",Perennial,"2",Natural,Pool,"-99",Unknown,"3",MinorRiver,,,LGATE-016-filtered_points,/Users/293003c/Library/CloudStorage/OneDrive-Curtin/Projects/TCZ-research/water point GIS/Edited-layers/LGATE-016-filtered_points.shp,41.000000000000000,,,,
-478586.847317659,-1956700.51242787,"1",WaterBody,,,"200702071940","2",Perennial,"2",Natural,Pool,"-99",Unknown,"3",MinorRiver,,,LGATE-016-filtered_points,/Users/293003c/Library/CloudStorage/OneDrive-Curtin/Projects/TCZ-research/water point GIS/Edited-layers/LGATE-016-filtered_points.shp,43.000000000000000,,,,
-491701.069793819,-1991186.02993516,"1",WaterBody,Mary River,Mary River,"200702071940","2",Perennial,"2",Natural,Pool,"-99",Unknown,"3",MinorRiver,,,LGATE-016-filtered_points,/Users/293003c/Library/CloudStorage/OneDrive-Curtin/Projects/TCZ-research/water point GIS/Edited-layers/LGATE-016-filtered_points.shp,40.000000000000000,,,,
-550297.123769848,-1981888.14483148,"1",WaterBody,Dead Horse Creek,Dead Horse Creek,"200702071939","2",Perennial,"2",Natural,Pool,"-99",Unknown,"3",MinorRiver,,,LGATE-016-filtered_points,/Users/293003c/Library/CloudStorage/OneDrive-Curtin/Projects/TCZ-research/water point GIS/Edited-layers/LGATE-016-filtered_points.shp,40.000000000000000,,,,
-521577.801203328,-1939843.16748584,"1",WaterBody,,,"200702071940","2",Perennial,"2",Natural,Pool,"-99",Unknown,"3",MinorRiver,,,LGATE-016-filtered_points,/Users/293003c/Library/CloudStorage/OneDrive-Curtin/Projects/TCZ-research/water point GIS/Edited-layers/LGATE-016-filtered_points.shp,43.000000000000000,,,,
-553944.42780339,-1967027.26531621,"1",WaterBody,,,"200702071939","2",Perennial,"2",Natural,Pool,"-99",Unknown,"3",MinorRiver,,,LGATE-016-filtered_points,/Users/293003c/Library/CloudStorage/OneDrive-Curtin/Projects/TCZ-research/water point GIS/Edited-layers/LGATE-016-filtered_points.shp,40.000000000000000,,,,
-567616.335680355,-1938663.20015375,"1",WaterBody,McKinnon Creek,McKinnon Creek,"200702071940","2",Perennial,"2",Natural,Pool,"-99",Unknown,"3",MinorRiver,,,LGATE-016-filtered_points,/Users/293003c/Library/CloudStorage/OneDrive-Curtin/Projects/TCZ-research/water point GIS/Edited-layers/LGATE-016-filtered_points.shp,42.000000000000000,,,,
-515820.330117804,-2010404.0049441,"1",WaterBody,Mary River,Mary River,"200702071940","2",Perennial,"2",Natural,Pool,"-99",Unknown,"3",MinorRiver,,,LGATE-016-filtered_points,/Users/293003c/Library/CloudStorage/OneDrive-Curtin/Projects/TCZ-research/water point GIS/Edited-layers/LGATE-016-filtered_points.shp,38.000000000000000,,,,
-503481.292205524,-2020998.2967447,"1",WaterBody,,,"200702071940","2",Perennial,"2",Natural,Pool,"-99",Unknown,"3",MinorRiver,,,LGATE-016-filtered_points,/Users/293003c/Library/CloudStorage/OneDrive-Curtin/Projects/TCZ-research/water point GIS/Edited-layers/LGATE-016-filtered_points.shp,40.000000000000000,,,,
-570218.836082643,-2027090.94609634,"1",WaterBody,Christmas Creek,Christmas Creek,"200702071940","2",Perennial,"2",Natural,Pool,"-99",Unknown,"2",MajorRiver,,,LGATE-016-filtered_points,/Users/293003c/Library/CloudStorage/OneDrive-Curtin/Projects/TCZ-research/water point GIS/Edited-layers/LGATE-016-filtered_points.shp,36.000000000000000,,,,
-558709.289158175,-1935804.96445682,"1",WaterBody,Little Gold River,Little Gold River,"200702071940","2",Perennial,"2",Natural,Pool,"-99",Unknown,"3",MinorRiver,,,LGATE-016-filtered_points,/Users/293003c/Library/CloudStorage/OneDrive-Curtin/Projects/TCZ-research/water point GIS/Edited-layers/LGATE-016-filtered_points.shp,42.000000000000000,,,,
-547953.864633158,-1990634.61693969,"1",WaterBody,,,"200702071940","2",Perennial,"2",Natural,Pool,"-99",Unknown,"3",MinorRiver,,,LGATE-016-filtered_points,/Users/293003c/Library/CloudStorage/OneDrive-Curtin/Projects/TCZ-research/water point GIS/Edited-layers/LGATE-016-filtered_points.shp,38.000000000000000,,,,
-321956.707517857,-1929026.49932515,"1",WaterBody,,,"200702071247","2",Perennial,"2",Natural,Pool,"-99",Unknown,"2",MajorRiver,,,LGATE-016-filtered_points,/Users/293003c/Library/CloudStorage/OneDrive-Curtin/Projects/TCZ-research/water point GIS/Edited-layers/LGATE-016-filtered_points.shp,36.000000000000000,"1",,,
-580499.60281272,-1945659.73763122,"1",WaterBody,,,"200702071939","2",Perennial,"2",Natural,Pool,"-99",Unknown,"3",MinorRiver,,,LGATE-016-filtered_points,/Users/293003c/Library/CloudStorage/OneDrive-Curtin/Projects/TCZ-research/water point GIS/Edited-layers/LGATE-016-filtered_points.shp,41.000000000000000,,,,
-475398.091803799,-2124964.71405505,"1",WaterBody,,,"200702071247","2",Perennial,"2",Natural,Pool,"-99",Unknown,"-99",Unknown,,,LGATE-016-filtered_points,/Users/293003c/Library/CloudStorage/OneDrive-Curtin/Projects/TCZ-research/water point GIS/Edited-layers/LGATE-016-filtered_points.shp,28.000000000000000,,,,
-394404.099898936,-1985174.00712481,"1",WaterBody,Cow Creek,Cow Creek,"200702071247","2",Perennial,"2",Natural,Pool,"-99",Unknown,"-99",Unknown,,,LGATE-016-filtered_points,/Users/293003c/Library/CloudStorage/OneDrive-Curtin/Projects/TCZ-research/water point GIS/Edited-layers/LGATE-016-filtered_points.shp,35.000000000000000,"1",,,
-578525.072799513,-2028188.81558595,"1",WaterBody,Christmas Creek,Christmas Creek,"200702071940","2",Perennial,"2",Natural,Pool,"-99",Unknown,"2",MajorRiver,,,LGATE-016-filtered_points,/Users/293003c/Library/CloudStorage/OneDrive-Curtin/Projects/TCZ-research/water point GIS/Edited-layers/LGATE-016-filtered_points.shp,35.000000000000000,,,,
-328731.876085057,-2002823.15467512,"1",WaterBody,,,"200702071247","2",Perennial,"2",Natural,Pool,"-99",Unknown,"-99",Unknown,,,LGATE-016-filtered_points,/Users/293003c/Library/CloudStorage/OneDrive-Curtin/Projects/TCZ-research/water point GIS/Edited-layers/LGATE-016-filtered_points.shp,33.000000000000000,,,,
-599487.888346785,-1963448.81715657,"1",WaterBody,Margaret River,Margaret River,"200702071939","2",Perennial,"2",Natural,Pool,"-99",Unknown,"2",MajorRiver,,,LGATE-016-filtered_points,/Users/293003c/Library/CloudStorage/OneDrive-Curtin/Projects/TCZ-research/water point GIS/Edited-layers/LGATE-016-filtered_points.shp,41.000000000000000,,,,
-600436.51299568,-1963871.42395926,"1",WaterBody,Margaret River,Margaret River,"200702071939","2",Perennial,"2",Natural,Pool,"-99",Unknown,"2",MajorRiver,,,LGATE-016-filtered_points,/Users/293003c/Library/CloudStorage/OneDrive-Curtin/Projects/TCZ-research/water point GIS/Edited-layers/LGATE-016-filtered_points.shp,41.000000000000000,,,,
-600917.492943181,-1964123.72578293,"1",WaterBody,Margaret River,Margaret River,"200702071939","2",Perennial,"2",Natural,Pool,"-99",Unknown,"2",MajorRiver,,,LGATE-016-filtered_points,/Users/293003c/Library/CloudStorage/OneDrive-Curtin/Projects/TCZ-research/water point GIS/Edited-layers/LGATE-016-filtered_points.shp,41.000000000000000,,,,
-571725.612688468,-1971514.96962437,"1",WaterBody,Margaret River,Margaret River,"200702071940","2",Perennial,"2",Natural,Pool,"-99",Unknown,"2",MajorRiver,,,LGATE-016-filtered_points,/Users/293003c/Library/CloudStorage/OneDrive-Curtin/Projects/TCZ-research/water point GIS/Edited-layers/LGATE-016-filtered_points.shp,38.000000000000000,,,,
-583108.75120473,-1941532.82356231,"1",WaterBody,,,"200702071940","2",Perennial,"2",Natural,Pool,"-99",Unknown,"3",MinorRiver,,,LGATE-016-filtered_points,/Users/293003c/Library/CloudStorage/OneDrive-Curtin/Projects/TCZ-research/water point GIS/Edited-layers/LGATE-016-filtered_points.shp,41.000000000000000,,,,
-510445.215454481,-2018780.55732416,"1",WaterBody,,,"200702071940","2",Perennial,"2",Natural,Pool,"-99",Unknown,"3",MinorRiver,,,LGATE-016-filtered_points,/Users/293003c/Library/CloudStorage/OneDrive-Curtin/Projects/TCZ-research/water point GIS/Edited-layers/LGATE-016-filtered_points.shp,37.000000000000000,,,,
-589237.80651756,-1935023.96464821,"1",WaterBody,Leopold River,Leopold River,"200702071940","2",Perennial,"2",Natural,Pool,"-99",Unknown,"2",MajorRiver,,,LGATE-016-filtered_points,/Users/293003c/Library/CloudStorage/OneDrive-Curtin/Projects/TCZ-research/water point GIS/Edited-layers/LGATE-016-filtered_points.shp,40.000000000000000,,,,
-572794.230401296,-1939093.65358657,"1",WaterBody,,,"200702071940","2",Perennial,"2",Natural,Pool,"-99",Unknown,"3",MinorRiver,,,LGATE-016-filtered_points,/Users/293003c/Library/CloudStorage/OneDrive-Curtin/Projects/TCZ-research/water point GIS/Edited-layers/LGATE-016-filtered_points.shp,42.000000000000000,,,,
-357676.026057106,-1998604.61207994,"1",WaterBody,,,"200702071247","2",Perennial,"2",Natural,Pool,"-99",Unknown,"-99",Unknown,,,LGATE-016-filtered_points,/Users/293003c/Library/CloudStorage/OneDrive-Curtin/Projects/TCZ-research/water point GIS/Edited-layers/LGATE-016-filtered_points.shp,32.000000000000000,,,,
-597379.576961392,-2032136.06429936,"1",WaterBody,Christmas Creek,Christmas Creek,"200702071939","2",Perennial,"2",Natural,Pool,"-99",Unknown,"2",MajorRiver,,,LGATE-016-filtered_points,/Users/293003c/Library/CloudStorage/OneDrive-Curtin/Projects/TCZ-research/water point GIS/Edited-layers/LGATE-016-filtered_points.shp,33.000000000000000,,,,
-622042.061315922,-1933554.57533316,"1",WaterBody,,,"200702071939","2",Perennial,"1",Manmade,EarthDam,"-99",Unknown,"3",MinorRiver,,,LGATE-016-filtered_points,/Users/293003c/Library/CloudStorage/OneDrive-Curtin/Projects/TCZ-research/water point GIS/Edited-layers/LGATE-016-filtered_points.shp,40.000000000000000,,,,
-570951.174845167,-1965001.21609797,"1",WaterBody,,,"200702071940","2",Perennial,"2",Natural,Pool,"-99",Unknown,"3",MinorRiver,,,LGATE-016-filtered_points,/Users/293003c/Library/CloudStorage/OneDrive-Curtin/Projects/TCZ-research/water point GIS/Edited-layers/LGATE-016-filtered_points.shp,38.000000000000000,,,,
-582238.538402132,-1945228.8775988,"1",WaterBody,,,"200702071940","2",Perennial,"2",Natural,Pool,"-99",Unknown,"3",MinorRiver,,,LGATE-016-filtered_points,/Users/293003c/Library/CloudStorage/OneDrive-Curtin/Projects/TCZ-research/water point GIS/Edited-layers/LGATE-016-filtered_points.shp,41.000000000000000,,,,
-458682.129482682,-2118825.46639453,"1",WaterBody,,,"200702071247","2",Perennial,"2",Natural,Pool,"-99",Unknown,"-99",Unknown,,,LGATE-016-filtered_points,/Users/293003c/Library/CloudStorage/OneDrive-Curtin/Projects/TCZ-research/water point GIS/Edited-layers/LGATE-016-filtered_points.shp,28.000000000000000,,,,
-553881.647430889,-1991802.86633426,"1",WaterBody,,,"200702071939","2",Perennial,"2",Natural,Pool,"-99",Unknown,"3",MinorRiver,,,LGATE-016-filtered_points,/Users/293003c/Library/CloudStorage/OneDrive-Curtin/Projects/TCZ-research/water point GIS/Edited-layers/LGATE-016-filtered_points.shp,37.000000000000000,,,,
-614564.049065025,-1973541.7290091,"1",WaterBody,,,"200702071940","2",Perennial,"2",Natural,Pool,"-99",Unknown,"3",MinorRiver,,,LGATE-016-filtered_points,/Users/293003c/Library/CloudStorage/OneDrive-Curtin/Projects/TCZ-research/water point GIS/Edited-layers/LGATE-016-filtered_points.shp,36.000000000000000,,,,
-369772.357679133,-1984066.29697279,"1",WaterBody,Button Creek,Button Creek,"200702071247","2",Perennial,"2",Natural,Pool,"-99",Unknown,"-99",Unknown,,,LGATE-016-filtered_points,/Users/293003c/Library/CloudStorage/OneDrive-Curtin/Projects/TCZ-research/water point GIS/Edited-layers/LGATE-016-filtered_points.shp,33.000000000000000,"1",,,
-553860.096663078,-1956252.22345655,"1",WaterBody,,,"200702071940","2",Perennial,"2",Natural,Pool,"-99",Unknown,"3",MinorRiver,,,LGATE-016-filtered_points,/Users/293003c/Library/CloudStorage/OneDrive-Curtin/Projects/TCZ-research/water point GIS/Edited-layers/LGATE-016-filtered_points.shp,41.000000000000000,,,,
-607836.402092596,-1998967.89341114,"1",WaterBody,,,"200702071939","2",Perennial,"2",Natural,Pool,"-99",Unknown,"3",MinorRiver,,,LGATE-016-filtered_points,/Users/293003c/Library/CloudStorage/OneDrive-Curtin/Projects/TCZ-research/water point GIS/Edited-layers/LGATE-016-filtered_points.shp,38.000000000000000,,,,
-576146.077238762,-1930155.96295573,"1",WaterBody,Leopold River,Leopold River,"200702071939","2",Perennial,"2",Natural,Pool,"-99",Unknown,"2",MajorRiver,,,LGATE-016-filtered_points,/Users/293003c/Library/CloudStorage/OneDrive-Curtin/Projects/TCZ-research/water point GIS/Edited-layers/LGATE-016-filtered_points.shp,42.000000000000000,,,,
-613793.553964909,-1973207.10995047,"1",WaterBody,,,"200702071940","2",Perennial,"2",Natural,Pool,"-99",Unknown,"3",MinorRiver,,,LGATE-016-filtered_points,/Users/293003c/Library/CloudStorage/OneDrive-Curtin/Projects/TCZ-research/water point GIS/Edited-layers/LGATE-016-filtered_points.shp,36.000000000000000,,,,
-582428.888457296,-1945624.07620199,"1",WaterBody,,,"200702071939","2",Perennial,"2",Natural,Pool,"-99",Unknown,"3",MinorRiver,,,LGATE-016-filtered_points,/Users/293003c/Library/CloudStorage/OneDrive-Curtin/Projects/TCZ-research/water point GIS/Edited-layers/LGATE-016-filtered_points.shp,41.000000000000000,,,,
-328567.678321135,-1929152.33563428,"1",WaterBody,Clean Skin Creek,Clean Skin Creek,"200702071247","2",Perennial,"2",Natural,Pool,"-99",Unknown,"-99",Unknown,,,LGATE-016-filtered_points,/Users/293003c/Library/CloudStorage/OneDrive-Curtin/Projects/TCZ-research/water point GIS/Edited-layers/LGATE-016-filtered_points.shp,36.000000000000000,"1",,,
-575768.255836752,-1959180.55130997,"1",WaterBody,,,"200702071940","2",Perennial,"2",Natural,Pool,"-99",Unknown,"3",MinorRiver,,,LGATE-016-filtered_points,/Users/293003c/Library/CloudStorage/OneDrive-Curtin/Projects/TCZ-research/water point GIS/Edited-layers/LGATE-016-filtered_points.shp,42.000000000000000,,,,
-510930.163869873,-1931121.23508549,"1",WaterBody,Watery River,Watery River,"200702071939","2",Perennial,"2",Natural,Pool,"-99",Unknown,"3",MinorRiver,,,LGATE-016-filtered_points,/Users/293003c/Library/CloudStorage/OneDrive-Curtin/Projects/TCZ-research/water point GIS/Edited-layers/LGATE-016-filtered_points.shp,47.000000000000000,,,,
-582821.045322675,-1940319.50628982,"1",WaterBody,,,"200702071940","2",Perennial,"2",Natural,Pool,"-99",Unknown,"3",MinorRiver,,,LGATE-016-filtered_points,/Users/293003c/Library/CloudStorage/OneDrive-Curtin/Projects/TCZ-research/water point GIS/Edited-layers/LGATE-016-filtered_points.shp,41.000000000000000,,,,
-545192.38490223,-1960326.19186168,"1",WaterBody,O'Donnell River,O'Donnell River,"200702071940","2",Perennial,"2",Natural,Pool,"-99",Unknown,"2",MajorRiver,,,LGATE-016-filtered_points,/Users/293003c/Library/CloudStorage/OneDrive-Curtin/Projects/TCZ-research/water point GIS/Edited-layers/LGATE-016-filtered_points.shp,41.000000000000000,,,,
-570497.20503638,-1983613.05667281,"1",WaterBody,Margaret River,Margaret River,"200702071940","2",Perennial,"2",Natural,Pool,"-99",Unknown,"2",MajorRiver,,,LGATE-016-filtered_points,/Users/293003c/Library/CloudStorage/OneDrive-Curtin/Projects/TCZ-research/water point GIS/Edited-layers/LGATE-016-filtered_points.shp,37.000000000000000,,,,
-607904.009201242,-1963964.88628753,"1",WaterBody,Margaret River,Margaret River,"200702071940","2",Perennial,"2",Natural,Pool,"-99",Unknown,"2",MajorRiver,,,LGATE-016-filtered_points,/Users/293003c/Library/CloudStorage/OneDrive-Curtin/Projects/TCZ-research/water point GIS/Edited-layers/LGATE-016-filtered_points.shp,36.000000000000000,,,,
-609255.132300862,-1965304.46723966,"1",WaterBody,Margaret River,Margaret River,"200702071940","2",Perennial,"2",Natural,Pool,"-99",Unknown,"2",MajorRiver,,,LGATE-016-filtered_points,/Users/293003c/Library/CloudStorage/OneDrive-Curtin/Projects/TCZ-research/water point GIS/Edited-layers/LGATE-016-filtered_points.shp,36.000000000000000,,,,
-608097.401164688,-1964116.10013243,"1",WaterBody,Margaret River,Margaret River,"200702071940","2",Perennial,"2",Natural,Pool,"-99",Unknown,"2",MajorRiver,,,LGATE-016-filtered_points,/Users/293003c/Library/CloudStorage/OneDrive-Curtin/Projects/TCZ-research/water point GIS/Edited-layers/LGATE-016-filtered_points.shp,36.000000000000000,,,,
-549765.194542115,-1958270.43167938,"1",WaterBody,,,"200702071940","2",Perennial,"2",Natural,Pool,"-99",Unknown,"3",MinorRiver,,,LGATE-016-filtered_points,/Users/293003c/Library/CloudStorage/OneDrive-Curtin/Projects/TCZ-research/water point GIS/Edited-layers/LGATE-016-filtered_points.shp,41.000000000000000,,,,
-414233.436392616,-1952769.92895828,"1",WaterBody,Elvire River,Elvire River,"200702071247","2",Perennial,"2",Natural,Pool,"-99",Unknown,"2",MajorRiver,,,LGATE-016-filtered_points,/Users/293003c/Library/CloudStorage/OneDrive-Curtin/Projects/TCZ-research/water point GIS/Edited-layers/LGATE-016-filtered_points.shp,36.000000000000000,"1",,,
-403229.98689596,-1943074.66079608,"1",WaterBody,Elvire River,Elvire River,"200702071247","2",Perennial,"2",Natural,Pool,"-99",Unknown,"2",MajorRiver,,,LGATE-016-filtered_points,/Users/293003c/Library/CloudStorage/OneDrive-Curtin/Projects/TCZ-research/water point GIS/Edited-layers/LGATE-016-filtered_points.shp,35.000000000000000,"1",,,
-403478.381741812,-1943362.91025786,"1",WaterBody,Elvire River,Elvire River,"200702071247","2",Perennial,"2",Natural,Pool,"-99",Unknown,"2",MajorRiver,,,LGATE-016-filtered_points,/Users/293003c/Library/CloudStorage/OneDrive-Curtin/Projects/TCZ-research/water point GIS/Edited-layers/LGATE-016-filtered_points.shp,35.000000000000000,"1",,,
-538082.093491443,-1954802.78833779,"1",WaterBody,O'Donnell River,O'Donnell River,"200702071940","2",Perennial,"2",Natural,Pool,"-99",Unknown,"2",MajorRiver,,,LGATE-016-filtered_points,/Users/293003c/Library/CloudStorage/OneDrive-Curtin/Projects/TCZ-research/water point GIS/Edited-layers/LGATE-016-filtered_points.shp,41.000000000000000,,,,
-342710.684873542,-1938441.18324511,"1",WaterBody,,,"200702071247","2",Perennial,"2",Natural,Pool,"-99",Unknown,"2",MajorRiver,,,LGATE-016-filtered_points,/Users/293003c/Library/CloudStorage/OneDrive-Curtin/Projects/TCZ-research/water point GIS/Edited-layers/LGATE-016-filtered_points.shp,35.000000000000000,"1",,,
-514571.319032039,-2022970.96745836,"1",WaterBody,Willy Willy Creek,Willy Willy Creek,"200702071939","2",Perennial,"2",Natural,Pool,"-99",Unknown,"3",MinorRiver,,,LGATE-016-filtered_points,/Users/293003c/Library/CloudStorage/OneDrive-Curtin/Projects/TCZ-research/water point GIS/Edited-layers/LGATE-016-filtered_points.shp,37.000000000000000,,,,
-474313.553469235,-2000428.45916582,"1",WaterBody,,,"200702071940","2",Perennial,"2",Natural,Pool,"-99",Unknown,"3",MinorRiver,,,LGATE-016-filtered_points,/Users/293003c/Library/CloudStorage/OneDrive-Curtin/Projects/TCZ-research/water point GIS/Edited-layers/LGATE-016-filtered_points.shp,40.000000000000000,,,,
-449592.399699164,-2103529.48874724,"1",WaterBody,,,"200702071247","2",Perennial,"2",Natural,Pool,"-99",Unknown,"-99",Unknown,,,LGATE-016-filtered_points,/Users/293003c/Library/CloudStorage/OneDrive-Curtin/Projects/TCZ-research/water point GIS/Edited-layers/LGATE-016-filtered_points.shp,29.000000000000000,,,,
-603017.192764495,-1976768.70799041,"1",WaterBody,,,"200702071939","2",Perennial,"2",Natural,Pool,"-99",Unknown,"3",MinorRiver,,,LGATE-016-filtered_points,/Users/293003c/Library/CloudStorage/OneDrive-Curtin/Projects/TCZ-research/water point GIS/Edited-layers/LGATE-016-filtered_points.shp,40.000000000000000,,,,
-501274.173412745,-2000462.76947589,"1",WaterBody,Toongarra Hole,Toongarra Hole,"200702071940","2",Perennial,"2",Natural,Pool,"-99",Unknown,"3",MinorRiver,,,LGATE-016-filtered_points,/Users/293003c/Library/CloudStorage/OneDrive-Curtin/Projects/TCZ-research/water point GIS/Edited-layers/LGATE-016-filtered_points.shp,39.000000000000000,,,,
-507665.410310573,-2005172.42657846,"1",WaterBody,Mary River,Mary River,"200702071939","2",Perennial,"2",Natural,Pool,"-99",Unknown,"3",MinorRiver,,,LGATE-016-filtered_points,/Users/293003c/Library/CloudStorage/OneDrive-Curtin/Projects/TCZ-research/water point GIS/Edited-layers/LGATE-016-filtered_points.shp,38.000000000000000,,,,
-498008.456007739,-1960410.04256639,"1",WaterBody,Margaret River,Margaret River,"200702071939","2",Perennial,"2",Natural,Pool,"-99",Unknown,"3",MinorRiver,,,LGATE-016-filtered_points,/Users/293003c/Library/CloudStorage/OneDrive-Curtin/Projects/TCZ-research/water point GIS/Edited-layers/LGATE-016-filtered_points.shp,42.000000000000000,,,,
-601735.423154424,-1964623.03595527,"1",WaterBody,Margaret River,Margaret River,"200702071940","2",Perennial,"2",Natural,Pool,"-99",Unknown,"2",MajorRiver,,,LGATE-016-filtered_points,/Users/293003c/Library/CloudStorage/OneDrive-Curtin/Projects/TCZ-research/water point GIS/Edited-layers/LGATE-016-filtered_points.shp,41.000000000000000,,,,
-603637.072290177,-1964331.88623579,"1",WaterBody,Margaret River,Margaret River,"200702071940","2",Perennial,"2",Natural,Pool,"-99",Unknown,"2",MajorRiver,,,LGATE-016-filtered_points,/Users/293003c/Library/CloudStorage/OneDrive-Curtin/Projects/TCZ-research/water point GIS/Edited-layers/LGATE-016-filtered_points.shp,41.000000000000000,,,,
-605312.473991411,-1963566.09633844,"1",WaterBody,Margaret River,Margaret River,"200702071940","2",Perennial,"2",Natural,Pool,"-99",Unknown,"2",MajorRiver,,,LGATE-016-filtered_points,/Users/293003c/Library/CloudStorage/OneDrive-Curtin/Projects/TCZ-research/water point GIS/Edited-layers/LGATE-016-filtered_points.shp,41.000000000000000,,,,
-606918.361043654,-1963831.66457834,"1",WaterBody,Margaret River,Margaret River,"200702071940","2",Perennial,"2",Natural,Pool,"-99",Unknown,"2",MajorRiver,,,LGATE-016-filtered_points,/Users/293003c/Library/CloudStorage/OneDrive-Curtin/Projects/TCZ-research/water point GIS/Edited-layers/LGATE-016-filtered_points.shp,41.000000000000000,,,,
-606373.084546894,-1963445.64128308,"1",WaterBody,Margaret River,Margaret River,"200702071940","2",Perennial,"2",Natural,Pool,"-99",Unknown,"2",MajorRiver,,,LGATE-016-filtered_points,/Users/293003c/Library/CloudStorage/OneDrive-Curtin/Projects/TCZ-research/water point GIS/Edited-layers/LGATE-016-filtered_points.shp,39.000000000000000,,,,
-604860.618732683,-1963770.55387534,"1",WaterBody,Margaret River,Margaret River,"200702071940","2",Perennial,"2",Natural,Pool,"-99",Unknown,"2",MajorRiver,,,LGATE-016-filtered_points,/Users/293003c/Library/CloudStorage/OneDrive-Curtin/Projects/TCZ-research/water point GIS/Edited-layers/LGATE-016-filtered_points.shp,41.000000000000000,,,,
-603375.245260364,-1964306.86549456,"1",WaterBody,Margaret River,Margaret River,"200702071940","2",Perennial,"2",Natural,Pool,"-99",Unknown,"2",MajorRiver,,,LGATE-016-filtered_points,/Users/293003c/Library/CloudStorage/OneDrive-Curtin/Projects/TCZ-research/water point GIS/Edited-layers/LGATE-016-filtered_points.shp,41.000000000000000,,,,
-601656.27538452,-1964610.84539938,"1",WaterBody,Margaret River,Margaret River,"200702071940","2",Perennial,"2",Natural,Pool,"-99",Unknown,"2",MajorRiver,,,LGATE-016-filtered_points,/Users/293003c/Library/CloudStorage/OneDrive-Curtin/Projects/TCZ-research/water point GIS/Edited-layers/LGATE-016-filtered_points.shp,41.000000000000000,,,,
-555407.975551377,-1933872.60144814,"1",WaterBody,Little Gold River,Little Gold River,"200702071940","2",Perennial,"2",Natural,Pool,"-99",Unknown,"3",MinorRiver,,,LGATE-016-filtered_points,/Users/293003c/Library/CloudStorage/OneDrive-Curtin/Projects/TCZ-research/water point GIS/Edited-layers/LGATE-016-filtered_points.shp,44.000000000000000,,,,
-370087.551634349,-1981755.67118122,"1",WaterBody,Button Creek,Button Creek,"200702071247","2",Perennial,"2",Natural,Pool,"-99",Unknown,"-99",Unknown,,,LGATE-016-filtered_points,/Users/293003c/Library/CloudStorage/OneDrive-Curtin/Projects/TCZ-research/water point GIS/Edited-layers/LGATE-016-filtered_points.shp,33.000000000000000,"1",,,
-469397.426852871,-1950068.64117913,"1",WaterBody,,,"200702071939","2",Perennial,"1",Manmade,EarthDam,"-99",Unknown,"3",MinorRiver,,,LGATE-016-filtered_points,/Users/293003c/Library/CloudStorage/OneDrive-Curtin/Projects/TCZ-research/water point GIS/Edited-layers/LGATE-016-filtered_points.shp,44.000000000000000,,,,
-462527.474060226,-2151963.70380012,"1",WaterBody,Durbai Creek,Durbai Creek,"200702071247","2",Perennial,"2",Natural,Pool,"-99",Unknown,"-99",Unknown,,,LGATE-016-filtered_points,/Users/293003c/Library/CloudStorage/OneDrive-Curtin/Projects/TCZ-research/water point GIS/Edited-layers/LGATE-016-filtered_points.shp,27.000000000000000,,,,
-597352.436987527,-1934115.80629692,"1",WaterBody,,,"200702071939","2",Perennial,"2",Natural,Pool,"-99",Unknown,"2",MajorRiver,,,LGATE-016-filtered_points,/Users/293003c/Library/CloudStorage/OneDrive-Curtin/Projects/TCZ-research/water point GIS/Edited-layers/LGATE-016-filtered_points.shp,40.000000000000000,,,,
-402343.839760674,-1931362.67305253,"1",WaterBody,,,"200702071247","2",Perennial,"2",Natural,Pool,"-99",Unknown,"-99",Unknown,,,LGATE-016-filtered_points,/Users/293003c/Library/CloudStorage/OneDrive-Curtin/Projects/TCZ-research/water point GIS/Edited-layers/LGATE-016-filtered_points.shp,36.000000000000000,"1",,,
-491839.765835345,-1991142.55905972,"1",WaterBody,Mary River,Mary River,"200702071939","2",Perennial,"2",Natural,Pool,"-99",Unknown,"3",MinorRiver,,,LGATE-016-filtered_points,/Users/293003c/Library/CloudStorage/OneDrive-Curtin/Projects/TCZ-research/water point GIS/Edited-layers/LGATE-016-filtered_points.shp,40.000000000000000,,,,
-534672.300863471,-1952792.6294986,"1",WaterBody,,,"200702071939","2",Perennial,"2",Natural,Pool,"-99",Unknown,"3",MinorRiver,,,LGATE-016-filtered_points,/Users/293003c/Library/CloudStorage/OneDrive-Curtin/Projects/TCZ-research/water point GIS/Edited-layers/LGATE-016-filtered_points.shp,41.000000000000000,,,,
-579428.899176935,-1936189.19831827,"1",WaterBody,Little Gold River,Little Gold River,"200702071940","2",Perennial,"2",Natural,Pool,"-99",Unknown,"3",MinorRiver,,,LGATE-016-filtered_points,/Users/293003c/Library/CloudStorage/OneDrive-Curtin/Projects/TCZ-research/water point GIS/Edited-layers/LGATE-016-filtered_points.shp,41.000000000000000,,,,
-581160.626319542,-1935926.2429001,"1",WaterBody,Little Gold River,Little Gold River,"200702071940","2",Perennial,"2",Natural,Pool,"-99",Unknown,"3",MinorRiver,,,LGATE-016-filtered_points,/Users/293003c/Library/CloudStorage/OneDrive-Curtin/Projects/TCZ-research/water point GIS/Edited-layers/LGATE-016-filtered_points.shp,41.000000000000000,,,,
-579636.763703829,-1935937.46826997,"1",WaterBody,Little Gold River,Little Gold River,"200702071940","2",Perennial,"2",Natural,Pool,"-99",Unknown,"3",MinorRiver,,,LGATE-016-filtered_points,/Users/293003c/Library/CloudStorage/OneDrive-Curtin/Projects/TCZ-research/water point GIS/Edited-layers/LGATE-016-filtered_points.shp,41.000000000000000,,,,
-583201.801476519,-1948507.77720661,"1",WaterBody,,,"200702071940","2",Perennial,"2",Natural,Pool,"-99",Unknown,"3",MinorRiver,,,LGATE-016-filtered_points,/Users/293003c/Library/CloudStorage/OneDrive-Curtin/Projects/TCZ-research/water point GIS/Edited-layers/LGATE-016-filtered_points.shp,41.000000000000000,,,,
-618862.21020051,-1973481.10351489,"1",WaterBody,Margaret River,Margaret River,"200702071940","2",Perennial,"2",Natural,Pool,"-99",Unknown,"2",MajorRiver,,,LGATE-016-filtered_points,/Users/293003c/Library/CloudStorage/OneDrive-Curtin/Projects/TCZ-research/water point GIS/Edited-layers/LGATE-016-filtered_points.shp,37.000000000000000,,,,
-552841.230826341,-1968772.97677227,"1",WaterBody,,,"200702071940","2",Perennial,"2",Natural,Pool,"-99",Unknown,"3",MinorRiver,,,LGATE-016-filtered_points,/Users/293003c/Library/CloudStorage/OneDrive-Curtin/Projects/TCZ-research/water point GIS/Edited-layers/LGATE-016-filtered_points.shp,40.000000000000000,,,,
-556151.371745464,-1954274.93237162,"1",WaterBody,,,"200702071940","2",Perennial,"2",Natural,Pool,"-99",Unknown,"3",MinorRiver,,,LGATE-016-filtered_points,/Users/293003c/Library/CloudStorage/OneDrive-Curtin/Projects/TCZ-research/water point GIS/Edited-layers/LGATE-016-filtered_points.shp,42.000000000000000,,,,
-499239.981242086,-2011976.67309199,"1",WaterBody,Hangman Creek,Hangman Creek,"200702071940","2",Perennial,"2",Natural,Pool,"-99",Unknown,"3",MinorRiver,,,LGATE-016-filtered_points,/Users/293003c/Library/CloudStorage/OneDrive-Curtin/Projects/TCZ-research/water point GIS/Edited-layers/LGATE-016-filtered_points.shp,39.000000000000000,,,,
-363948.36811665,-1927552.49107921,"1",WaterBody,Nicholson River,Nicholson River,"200702071247","2",Perennial,"2",Natural,Pool,"-99",Unknown,"2",MajorRiver,,,LGATE-016-filtered_points,/Users/293003c/Library/CloudStorage/OneDrive-Curtin/Projects/TCZ-research/water point GIS/Edited-layers/LGATE-016-filtered_points.shp,36.000000000000000,"1",,,
-537627.507458171,-1929718.56825248,"1",WaterBody,,,"200702071939","2",Perennial,"2",Natural,Pool,"-99",Unknown,"3",MinorRiver,,,LGATE-016-filtered_points,/Users/293003c/Library/CloudStorage/OneDrive-Curtin/Projects/TCZ-research/water point GIS/Edited-layers/LGATE-016-filtered_points.shp,47.000000000000000,,,,
-550306.971678815,-1949021.46480123,"1",WaterBody,,,"200702071940","2",Perennial,"2",Natural,Pool,"-99",Unknown,"3",MinorRiver,,,LGATE-016-filtered_points,/Users/293003c/Library/CloudStorage/OneDrive-Curtin/Projects/TCZ-research/water point GIS/Edited-layers/LGATE-016-filtered_points.shp,44.000000000000000,,,,
-523097.349511163,-1998967.24724407,"1",WaterBody,,,"200702071940","2",Perennial,"2",Natural,Pool,"-99",Unknown,"3",MinorRiver,,,LGATE-016-filtered_points,/Users/293003c/Library/CloudStorage/OneDrive-Curtin/Projects/TCZ-research/water point GIS/Edited-layers/LGATE-016-filtered_points.shp,38.000000000000000,,,,
-548155.599586697,-1990937.47504483,"1",WaterBody,,,"200702071940","2",Perennial,"2",Natural,Pool,"-99",Unknown,"3",MinorRiver,,,LGATE-016-filtered_points,/Users/293003c/Library/CloudStorage/OneDrive-Curtin/Projects/TCZ-research/water point GIS/Edited-layers/LGATE-016-filtered_points.shp,38.000000000000000,,,,
-557994.480251886,-1934739.47424978,"1",WaterBody,Little Gold River,Little Gold River,"200702071940","2",Perennial,"2",Natural,Pool,"-99",Unknown,"3",MinorRiver,,,LGATE-016-filtered_points,/Users/293003c/Library/CloudStorage/OneDrive-Curtin/Projects/TCZ-research/water point GIS/Edited-layers/LGATE-016-filtered_points.shp,42.000000000000000,,,,
-595199.49247021,-1992391.62536042,"1",WaterBody,,,"200702071940","2",Perennial,"2",Natural,Pool,"-99",Unknown,"3",MinorRiver,,,LGATE-016-filtered_points,/Users/293003c/Library/CloudStorage/OneDrive-Curtin/Projects/TCZ-research/water point GIS/Edited-layers/LGATE-016-filtered_points.shp,38.000000000000000,,,,
-584160.93208648,-1939144.59787449,"1",WaterBody,,,"200702071940","2",Perennial,"2",Natural,Pool,"-99",Unknown,"3",MinorRiver,,,LGATE-016-filtered_points,/Users/293003c/Library/CloudStorage/OneDrive-Curtin/Projects/TCZ-research/water point GIS/Edited-layers/LGATE-016-filtered_points.shp,41.000000000000000,,,,
-569213.997428683,-1986659.38076536,"1",WaterBody,Margaret River,Margaret River,"200702071939","2",Perennial,"2",Natural,Pool,"-99",Unknown,"2",MajorRiver,,,LGATE-016-filtered_points,/Users/293003c/Library/CloudStorage/OneDrive-Curtin/Projects/TCZ-research/water point GIS/Edited-layers/LGATE-016-filtered_points.shp,37.000000000000000,,,,
-436700.370141398,-1971704.53899082,"1",WaterBody,Black Elvire River,Black Elvire River,"200702071940","2",Perennial,"2",Natural,Pool,"-99",Unknown,"2",MajorRiver,,,LGATE-016-filtered_points,/Users/293003c/Library/CloudStorage/OneDrive-Curtin/Projects/TCZ-research/water point GIS/Edited-layers/LGATE-016-filtered_points.shp,37.000000000000000,"1",,,
-446479.088350612,-1958298.35745752,"1",WaterBody,,,"200702071940","2",Perennial,"1",Manmade,EarthDam,"-99",Unknown,"3",MinorRiver,,,LGATE-016-filtered_points,/Users/293003c/Library/CloudStorage/OneDrive-Curtin/Projects/TCZ-research/water point GIS/Edited-layers/LGATE-016-filtered_points.shp,39.000000000000000,"1",,,
-591061.908924136,-1942691.2229807,"1",WaterBody,,,"200702071939","2",Perennial,"2",Natural,Pool,"-99",Unknown,"3",MinorRiver,,,LGATE-016-filtered_points,/Users/293003c/Library/CloudStorage/OneDrive-Curtin/Projects/TCZ-research/water point GIS/Edited-layers/LGATE-016-filtered_points.shp,43.000000000000000,,,,
-386192.458818151,-1989186.37854508,"1",WaterBody,Cow Creek,Cow Creek,"200702071247","2",Perennial,"2",Natural,Pool,"-99",Unknown,"-99",Unknown,,,LGATE-016-filtered_points,/Users/293003c/Library/CloudStorage/OneDrive-Curtin/Projects/TCZ-research/water point GIS/Edited-layers/LGATE-016-filtered_points.shp,34.000000000000000,,,,
-449736.019260165,-2103926.13755057,"1",WaterBody,,,"200702071247","2",Perennial,"2",Natural,Pool,"-99",Unknown,"-99",Unknown,,,LGATE-016-filtered_points,/Users/293003c/Library/CloudStorage/OneDrive-Curtin/Projects/TCZ-research/water point GIS/Edited-layers/LGATE-016-filtered_points.shp,29.000000000000000,,,,
-575028.217980194,-1946612.73043173,"1",WaterBody,,,"200702071939","2",Perennial,"2",Natural,Pool,"-99",Unknown,"3",MinorRiver,,,LGATE-016-filtered_points,/Users/293003c/Library/CloudStorage/OneDrive-Curtin/Projects/TCZ-research/water point GIS/Edited-layers/LGATE-016-filtered_points.shp,43.000000000000000,,,,
-593010.087876168,-1979469.83118658,"1",WaterBody,,,"200702071940","2",Perennial,"2",Natural,Pool,"-99",Unknown,"3",MinorRiver,,,LGATE-016-filtered_points,/Users/293003c/Library/CloudStorage/OneDrive-Curtin/Projects/TCZ-research/water point GIS/Edited-layers/LGATE-016-filtered_points.shp,41.000000000000000,,,,
-549393.517077317,-1961495.28885842,"1",WaterBody,O'Donnell River,O'Donnell River,"200702071940","2",Perennial,"2",Natural,Pool,"-99",Unknown,"2",MajorRiver,,,LGATE-016-filtered_points,/Users/293003c/Library/CloudStorage/OneDrive-Curtin/Projects/TCZ-research/water point GIS/Edited-layers/LGATE-016-filtered_points.shp,40.000000000000000,,,,
-549844.906943358,-1961499.67844049,"1",WaterBody,O'Donnell River,O'Donnell River,"200702071940","2",Perennial,"2",Natural,Pool,"-99",Unknown,"2",MajorRiver,,,LGATE-016-filtered_points,/Users/293003c/Library/CloudStorage/OneDrive-Curtin/Projects/TCZ-research/water point GIS/Edited-layers/LGATE-016-filtered_points.shp,40.000000000000000,,,,
-512330.457611714,-2024350.89533178,"1",WaterBody,Willy Willy Creek,Willy Willy Creek,"200702071940","2",Perennial,"2",Natural,Pool,"-99",Unknown,"3",MinorRiver,,,LGATE-016-filtered_points,/Users/293003c/Library/CloudStorage/OneDrive-Curtin/Projects/TCZ-research/water point GIS/Edited-layers/LGATE-016-filtered_points.shp,37.000000000000000,,,,
-559250.678251974,-1960875.46299436,"1",WaterBody,,,"200702071940","2",Perennial,"2",Natural,Pool,"-99",Unknown,"3",MinorRiver,,,LGATE-016-filtered_points,/Users/293003c/Library/CloudStorage/OneDrive-Curtin/Projects/TCZ-research/water point GIS/Edited-layers/LGATE-016-filtered_points.shp,42.000000000000000,,,,
-375165.776071129,-1990363.78525639,"1",WaterBody,Foster Creek,Foster Creek,"200702071247","2",Perennial,"2",Natural,Pool,"-99",Unknown,"-99",Unknown,,,LGATE-016-filtered_points,/Users/293003c/Library/CloudStorage/OneDrive-Curtin/Projects/TCZ-research/water point GIS/Edited-layers/LGATE-016-filtered_points.shp,33.000000000000000,,,,
-497189.753083403,-2001553.02129573,"1",WaterBody,Garden Creek,Garden Creek,"200702071939","2",Perennial,"2",Natural,Pool,"-99",Unknown,"3",MinorRiver,,,LGATE-016-filtered_points,/Users/293003c/Library/CloudStorage/OneDrive-Curtin/Projects/TCZ-research/water point GIS/Edited-layers/LGATE-016-filtered_points.shp,39.000000000000000,,,,
-590956.389793147,-1937903.25556461,"1",WaterBody,,,"200702071939","2",Perennial,"2",Natural,Pool,"-99",Unknown,"3",MinorRiver,,,LGATE-016-filtered_points,/Users/293003c/Library/CloudStorage/OneDrive-Curtin/Projects/TCZ-research/water point GIS/Edited-layers/LGATE-016-filtered_points.shp,40.000000000000000,,,,
-426463.66723387,-2070147.18665944,"1",WaterBody,Sturt Creek,Sturt Creek,"200702071247","2",Perennial,"2",Natural,Pool,"-99",Unknown,"2",MajorRiver,,,LGATE-016-filtered_points,/Users/293003c/Library/CloudStorage/OneDrive-Curtin/Projects/TCZ-research/water point GIS/Edited-layers/LGATE-016-filtered_points.shp,30.000000000000000,,,,
-425964.376226791,-2068984.75303265,"1",WaterBody,Sturt Creek,Sturt Creek,"200702071247","2",Perennial,"2",Natural,Pool,"-99",Unknown,"2",MajorRiver,,,LGATE-016-filtered_points,/Users/293003c/Library/CloudStorage/OneDrive-Curtin/Projects/TCZ-research/water point GIS/Edited-layers/LGATE-016-filtered_points.shp,30.000000000000000,,,,
-492926.435796744,-2001677.20254158,"1",WaterBody,Garden Creek,Garden Creek,"200702071939","2",Perennial,"2",Natural,Pool,"-99",Unknown,"3",MinorRiver,,,LGATE-016-filtered_points,/Users/293003c/Library/CloudStorage/OneDrive-Curtin/Projects/TCZ-research/water point GIS/Edited-layers/LGATE-016-filtered_points.shp,39.000000000000000,,,,
-589109.648447878,-1991975.91954751,"1",WaterBody,Palm Spring Creek,Palm Spring Creek,"200702071939","2",Perennial,"2",Natural,Pool,"-99",Unknown,"3",MinorRiver,,,LGATE-016-filtered_points,/Users/293003c/Library/CloudStorage/OneDrive-Curtin/Projects/TCZ-research/water point GIS/Edited-layers/LGATE-016-filtered_points.shp,38.000000000000000,,,,
-451372.849169777,-1970021.05467951,"1",WaterBody,,,"200702071939","2",Perennial,"2",Natural,Pool,"-99",Unknown,"3",MinorRiver,,,LGATE-016-filtered_points,/Users/293003c/Library/CloudStorage/OneDrive-Curtin/Projects/TCZ-research/water point GIS/Edited-layers/LGATE-016-filtered_points.shp,39.000000000000000,"1",,,
-550940.461169299,-1952893.64199256,"1",WaterBody,,,"200702071940","2",Perennial,"2",Natural,Pool,"-99",Unknown,"3",MinorRiver,,,LGATE-016-filtered_points,/Users/293003c/Library/CloudStorage/OneDrive-Curtin/Projects/TCZ-research/water point GIS/Edited-layers/LGATE-016-filtered_points.shp,41.000000000000000,,,,
-476964.79273597,-1999028.87740507,"1",WaterBody,,,"200702071940","2",Perennial,"2",Natural,Pool,"-99",Unknown,"3",MinorRiver,,,LGATE-016-filtered_points,/Users/293003c/Library/CloudStorage/OneDrive-Curtin/Projects/TCZ-research/water point GIS/Edited-layers/LGATE-016-filtered_points.shp,40.000000000000000,,,,
-503077.57094215,-2008586.39044843,"1",WaterBody,Hangman Creek,Hangman Creek,"200702071940","2",Perennial,"2",Natural,Pool,"-99",Unknown,"3",MinorRiver,,,LGATE-016-filtered_points,/Users/293003c/Library/CloudStorage/OneDrive-Curtin/Projects/TCZ-research/water point GIS/Edited-layers/LGATE-016-filtered_points.shp,38.000000000000000,,,,
-508921.652679002,-2033324.93767136,"1",WaterBody,,,"200702071939","2",Perennial,"2",Natural,Pool,"-99",Unknown,"3",MinorRiver,,,LGATE-016-filtered_points,/Users/293003c/Library/CloudStorage/OneDrive-Curtin/Projects/TCZ-research/water point GIS/Edited-layers/LGATE-016-filtered_points.shp,37.000000000000000,,,,
-349639.578639415,-1941634.89887297,"1",WaterBody,Nicholson River,Nicholson River,"200702071247","2",Perennial,"2",Natural,Pool,"-99",Unknown,"2",MajorRiver,,,LGATE-016-filtered_points,/Users/293003c/Library/CloudStorage/OneDrive-Curtin/Projects/TCZ-research/water point GIS/Edited-layers/LGATE-016-filtered_points.shp,36.000000000000000,"1",,,
-585914.43898756,-1956872.39101677,"1",WaterBody,,,"200702071940","2",Perennial,"2",Natural,Pool,"-99",Unknown,"3",MinorRiver,,,LGATE-016-filtered_points,/Users/293003c/Library/CloudStorage/OneDrive-Curtin/Projects/TCZ-research/water point GIS/Edited-layers/LGATE-016-filtered_points.shp,41.000000000000000,,,,
-490109.675916231,-1990879.47154696,"1",WaterBody,Mary River,Mary River,"200702071940","2",Perennial,"2",Natural,Pool,"-99",Unknown,"3",MinorRiver,,,LGATE-016-filtered_points,/Users/293003c/Library/CloudStorage/OneDrive-Curtin/Projects/TCZ-research/water point GIS/Edited-layers/LGATE-016-filtered_points.shp,40.000000000000000,,,,
-504812.74136744,-1964837.90857035,"1",WaterBody,Margaret River,Margaret River,"200702071940","2",Perennial,"2",Natural,Pool,"-99",Unknown,"3",MinorRiver,,,LGATE-016-filtered_points,/Users/293003c/Library/CloudStorage/OneDrive-Curtin/Projects/TCZ-research/water point GIS/Edited-layers/LGATE-016-filtered_points.shp,42.000000000000000,,,,
-521513.100077401,-1940229.93596578,"1",WaterBody,,,"200702071939","2",Perennial,"2",Natural,Pool,"-99",Unknown,"3",MinorRiver,,,LGATE-016-filtered_points,/Users/293003c/Library/CloudStorage/OneDrive-Curtin/Projects/TCZ-research/water point GIS/Edited-layers/LGATE-016-filtered_points.shp,43.000000000000000,,,,
-585758.173638999,-1944903.3962728,"1",WaterBody,,,"200702071940","2",Perennial,"2",Natural,Pool,"-99",Unknown,"3",MinorRiver,,,LGATE-016-filtered_points,/Users/293003c/Library/CloudStorage/OneDrive-Curtin/Projects/TCZ-research/water point GIS/Edited-layers/LGATE-016-filtered_points.shp,41.000000000000000,,,,
-597495.669152117,-1934465.85101815,"1",WaterBody,,,"200702071939","2",Perennial,"2",Natural,Pool,"-99",Unknown,"2",MajorRiver,,,LGATE-016-filtered_points,/Users/293003c/Library/CloudStorage/OneDrive-Curtin/Projects/TCZ-research/water point GIS/Edited-layers/LGATE-016-filtered_points.shp,40.000000000000000,,,,
-559080.668409925,-1960744.03205366,"1",WaterBody,,,"200702071940","2",Perennial,"2",Natural,Pool,"-99",Unknown,"3",MinorRiver,,,LGATE-016-filtered_points,/Users/293003c/Library/CloudStorage/OneDrive-Curtin/Projects/TCZ-research/water point GIS/Edited-layers/LGATE-016-filtered_points.shp,42.000000000000000,,,,
-606053.816528174,-1939264.16423205,"1",WaterBody,Leopold River,Leopold River,"200702071940","2",Perennial,"2",Natural,Pool,"-99",Unknown,"2",MajorRiver,,,LGATE-016-filtered_points,/Users/293003c/Library/CloudStorage/OneDrive-Curtin/Projects/TCZ-research/water point GIS/Edited-layers/LGATE-016-filtered_points.shp,40.000000000000000,,,,
-607739.680544634,-1939925.85340247,"1",WaterBody,Leopold River,Leopold River,"200702071940","2",Perennial,"2",Natural,Pool,"-99",Unknown,"2",MajorRiver,,,LGATE-016-filtered_points,/Users/293003c/Library/CloudStorage/OneDrive-Curtin/Projects/TCZ-research/water point GIS/Edited-layers/LGATE-016-filtered_points.shp,40.000000000000000,,,,
-606055.905026923,-1939255.77805417,"1",WaterBody,Leopold River,Leopold River,"200702071940","2",Perennial,"2",Natural,Pool,"-99",Unknown,"2",MajorRiver,,,LGATE-016-filtered_points,/Users/293003c/Library/CloudStorage/OneDrive-Curtin/Projects/TCZ-research/water point GIS/Edited-layers/LGATE-016-filtered_points.shp,40.000000000000000,,,,
-382153.797473133,-2008854.83311832,"1",WaterBody,,,"200702071247","2",Perennial,"2",Natural,Pool,"-99",Unknown,"-99",Unknown,,,LGATE-016-filtered_points,/Users/293003c/Library/CloudStorage/OneDrive-Curtin/Projects/TCZ-research/water point GIS/Edited-layers/LGATE-016-filtered_points.shp,32.000000000000000,,,,
-462475.112404655,-2151962.13702783,"1",WaterBody,Durbai Creek,Durbai Creek,"200702071247","2",Perennial,"2",Natural,Pool,"-99",Unknown,"-99",Unknown,,,LGATE-016-filtered_points,/Users/293003c/Library/CloudStorage/OneDrive-Curtin/Projects/TCZ-research/water point GIS/Edited-layers/LGATE-016-filtered_points.shp,27.000000000000000,,,,
-591348.4186654,-1938610.28153614,"1",WaterBody,,,"200702071940","2",Perennial,"2",Natural,Pool,"-99",Unknown,"3",MinorRiver,,,LGATE-016-filtered_points,/Users/293003c/Library/CloudStorage/OneDrive-Curtin/Projects/TCZ-research/water point GIS/Edited-layers/LGATE-016-filtered_points.shp,40.000000000000000,,,,
-506176.937499977,-2007685.75416495,"1",WaterBody,Hangman Creek,Hangman Creek,"200702071940","2",Perennial,"2",Natural,Pool,"-99",Unknown,"3",MinorRiver,,,LGATE-016-filtered_points,/Users/293003c/Library/CloudStorage/OneDrive-Curtin/Projects/TCZ-research/water point GIS/Edited-layers/LGATE-016-filtered_points.shp,38.000000000000000,,,,
-591414.325100446,-1944980.7436666,"1",WaterBody,,,"200702071940","2",Perennial,"2",Natural,Pool,"-99",Unknown,"3",MinorRiver,,,LGATE-016-filtered_points,/Users/293003c/Library/CloudStorage/OneDrive-Curtin/Projects/TCZ-research/water point GIS/Edited-layers/LGATE-016-filtered_points.shp,43.000000000000000,,,,
-549987.117362989,-1958613.36734402,"1",WaterBody,,,"200702071940","2",Perennial,"2",Natural,Pool,"-99",Unknown,"3",MinorRiver,,,LGATE-016-filtered_points,/Users/293003c/Library/CloudStorage/OneDrive-Curtin/Projects/TCZ-research/water point GIS/Edited-layers/LGATE-016-filtered_points.shp,41.000000000000000,,,,
-362187.149259565,-1928765.87980012,"1",WaterBody,,,"200702071247","2",Perennial,"2",Natural,Pool,"-99",Unknown,"-99",Unknown,,,LGATE-016-filtered_points,/Users/293003c/Library/CloudStorage/OneDrive-Curtin/Projects/TCZ-research/water point GIS/Edited-layers/LGATE-016-filtered_points.shp,36.000000000000000,"1",,,
-582406.447854156,-1941327.96779552,"1",WaterBody,,,"200702071939","2",Perennial,"2",Natural,Pool,"-99",Unknown,"3",MinorRiver,,,LGATE-016-filtered_points,/Users/293003c/Library/CloudStorage/OneDrive-Curtin/Projects/TCZ-research/water point GIS/Edited-layers/LGATE-016-filtered_points.shp,41.000000000000000,,,,
-552774.977480568,-1968833.41407395,"1",WaterBody,,,"200702071940","2",Perennial,"2",Natural,Pool,"-99",Unknown,"3",MinorRiver,,,LGATE-016-filtered_points,/Users/293003c/Library/CloudStorage/OneDrive-Curtin/Projects/TCZ-research/water point GIS/Edited-layers/LGATE-016-filtered_points.shp,40.000000000000000,,,,
-597849.753845868,-1934475.50771668,"1",WaterBody,,,"200702071939","2",Perennial,"2",Natural,Pool,"-99",Unknown,"2",MajorRiver,,,LGATE-016-filtered_points,/Users/293003c/Library/CloudStorage/OneDrive-Curtin/Projects/TCZ-research/water point GIS/Edited-layers/LGATE-016-filtered_points.shp,40.000000000000000,,,,
-549890.901924897,-1957382.5591369,"1",WaterBody,,,"200702071940","2",Perennial,"2",Natural,Pool,"-99",Unknown,"3",MinorRiver,,,LGATE-016-filtered_points,/Users/293003c/Library/CloudStorage/OneDrive-Curtin/Projects/TCZ-research/water point GIS/Edited-layers/LGATE-016-filtered_points.shp,41.000000000000000,,,,
-508560.721919017,-2006129.38218307,"1",WaterBody,Mary River,Mary River,"200702071940","2",Perennial,"2",Natural,Pool,"-99",Unknown,"3",MinorRiver,,,LGATE-016-filtered_points,/Users/293003c/Library/CloudStorage/OneDrive-Curtin/Projects/TCZ-research/water point GIS/Edited-layers/LGATE-016-filtered_points.shp,38.000000000000000,,,,
-377968.789588612,-1986563.67447128,"1",WaterBody,,,"200702071247","2",Perennial,"2",Natural,Pool,"-99",Unknown,"-99",Unknown,,,LGATE-016-filtered_points,/Users/293003c/Library/CloudStorage/OneDrive-Curtin/Projects/TCZ-research/water point GIS/Edited-layers/LGATE-016-filtered_points.shp,34.000000000000000,"1",,,
-550532.250083628,-1960449.49061704,"1",WaterBody,,,"200702071940","2",Perennial,"2",Natural,Pool,"-99",Unknown,"3",MinorRiver,,,LGATE-016-filtered_points,/Users/293003c/Library/CloudStorage/OneDrive-Curtin/Projects/TCZ-research/water point GIS/Edited-layers/LGATE-016-filtered_points.shp,41.000000000000000,,,,
-364441.839083514,-1930520.71457095,"1",WaterBody,Bamboo Creek,Bamboo Creek,"200702071247","2",Perennial,"2",Natural,Pool,"-99",Unknown,"-99",Unknown,,,LGATE-016-filtered_points,/Users/293003c/Library/CloudStorage/OneDrive-Curtin/Projects/TCZ-research/water point GIS/Edited-layers/LGATE-016-filtered_points.shp,36.000000000000000,"1",,,
-399468.306306667,-1931578.42360973,"1",WaterBody,,,"200702071247","2",Perennial,"2",Natural,Pool,"-99",Unknown,"2",MajorRiver,,,LGATE-016-filtered_points,/Users/293003c/Library/CloudStorage/OneDrive-Curtin/Projects/TCZ-research/water point GIS/Edited-layers/LGATE-016-filtered_points.shp,36.000000000000000,"1",,,
-381209.480500115,-1985938.23745352,"1",WaterBody,,,"200702071247","2",Perennial,"2",Natural,Pool,"-99",Unknown,"-99",Unknown,,,LGATE-016-filtered_points,/Users/293003c/Library/CloudStorage/OneDrive-Curtin/Projects/TCZ-research/water point GIS/Edited-layers/LGATE-016-filtered_points.shp,34.000000000000000,"1",,,
-571256.586648075,-1962908.41114103,"1",WaterBody,,,"200702071939","2",Perennial,"2",Natural,Pool,"-99",Unknown,"3",MinorRiver,,,LGATE-016-filtered_points,/Users/293003c/Library/CloudStorage/OneDrive-Curtin/Projects/TCZ-research/water point GIS/Edited-layers/LGATE-016-filtered_points.shp,38.000000000000000,,,,
-473007.86187985,-1944403.11206999,"1",WaterBody,,,"200702071939","2",Perennial,"2",Natural,Pool,"-99",Unknown,"3",MinorRiver,,,LGATE-016-filtered_points,/Users/293003c/Library/CloudStorage/OneDrive-Curtin/Projects/TCZ-research/water point GIS/Edited-layers/LGATE-016-filtered_points.shp,44.000000000000000,,,,
-622115.737792104,-1933373.49651538,"1",WaterBody,,,"200702071940","2",Perennial,"1",Manmade,EarthDam,"-99",Unknown,"3",MinorRiver,,,LGATE-016-filtered_points,/Users/293003c/Library/CloudStorage/OneDrive-Curtin/Projects/TCZ-research/water point GIS/Edited-layers/LGATE-016-filtered_points.shp,40.000000000000000,,,,
-528530.61094884,-2027754.42469399,"1",WaterBody,Janet Creek,Janet Creek,"200702071940","2",Perennial,"2",Natural,Pool,"-99",Unknown,"3",MinorRiver,,,LGATE-016-filtered_points,/Users/293003c/Library/CloudStorage/OneDrive-Curtin/Projects/TCZ-research/water point GIS/Edited-layers/LGATE-016-filtered_points.shp,38.000000000000000,,,,
-569975.437452104,-1976445.84381687,"1",WaterBody,Margaret River,Margaret River,"200702071940","2",Perennial,"2",Natural,Pool,"-99",Unknown,"2",MajorRiver,,,LGATE-016-filtered_points,/Users/293003c/Library/CloudStorage/OneDrive-Curtin/Projects/TCZ-research/water point GIS/Edited-layers/LGATE-016-filtered_points.shp,37.000000000000000,,,,
-386956.81456544,-1987266.45377645,"1",WaterBody,Cow Creek,Cow Creek,"200702071247","2",Perennial,"2",Natural,Pool,"-99",Unknown,"-99",Unknown,,,LGATE-016-filtered_points,/Users/293003c/Library/CloudStorage/OneDrive-Curtin/Projects/TCZ-research/water point GIS/Edited-layers/LGATE-016-filtered_points.shp,35.000000000000000,"1",,,
-510947.043831924,-1928516.8135178,"1",WaterBody,Watery River,Watery River,"200702071939","2",Perennial,"2",Natural,Pool,"-99",Unknown,"3",MinorRiver,,,LGATE-016-filtered_points,/Users/293003c/Library/CloudStorage/OneDrive-Curtin/Projects/TCZ-research/water point GIS/Edited-layers/LGATE-016-filtered_points.shp,47.000000000000000,,,,
-442771.245238936,-1975403.87503759,"1",WaterBody,,,"200702071939","2",Perennial,"2",Natural,Pool,"-99",Unknown,"3",MinorRiver,,,LGATE-016-filtered_points,/Users/293003c/Library/CloudStorage/OneDrive-Curtin/Projects/TCZ-research/water point GIS/Edited-layers/LGATE-016-filtered_points.shp,38.000000000000000,"1",,,
-580948.032088456,-1945115.77811956,"1",WaterBody,,,"200702071939","2",Perennial,"2",Natural,Pool,"-99",Unknown,"3",MinorRiver,,,LGATE-016-filtered_points,/Users/293003c/Library/CloudStorage/OneDrive-Curtin/Projects/TCZ-research/water point GIS/Edited-layers/LGATE-016-filtered_points.shp,41.000000000000000,,,,
-403683.107655945,-1929599.65031435,"1",WaterBody,,,"200702071247","2",Perennial,"2",Natural,Pool,"-99",Unknown,"-99",Unknown,,,LGATE-016-filtered_points,/Users/293003c/Library/CloudStorage/OneDrive-Curtin/Projects/TCZ-research/water point GIS/Edited-layers/LGATE-016-filtered_points.shp,36.000000000000000,"1",,,
-524205.213367401,-2009837.36941597,"1",WaterBody,Laura River,Laura River,"200702071939","2",Perennial,"2",Natural,Pool,"-99",Unknown,"3",MinorRiver,,,LGATE-016-filtered_points,/Users/293003c/Library/CloudStorage/OneDrive-Curtin/Projects/TCZ-research/water point GIS/Edited-layers/LGATE-016-filtered_points.shp,38.000000000000000,,,,
-320156.867336715,-1928229.9506563,"1",WaterBody,,,"200702071247","2",Perennial,"2",Natural,Pool,"-99",Unknown,"2",MajorRiver,,,LGATE-016-filtered_points,/Users/293003c/Library/CloudStorage/OneDrive-Curtin/Projects/TCZ-research/water point GIS/Edited-layers/LGATE-016-filtered_points.shp,36.000000000000000,"1",,,
-551099.544964428,-1989756.34108972,"1",WaterBody,,,"200702071940","2",Perennial,"2",Natural,Pool,"-99",Unknown,"3",MinorRiver,,,LGATE-016-filtered_points,/Users/293003c/Library/CloudStorage/OneDrive-Curtin/Projects/TCZ-research/water point GIS/Edited-layers/LGATE-016-filtered_points.shp,38.000000000000000,,,,
-328480.474165174,-1929886.67304497,"1",WaterBody,,,"200702071247","2",Perennial,"2",Natural,Pool,"-99",Unknown,"2",MajorRiver,,,LGATE-016-filtered_points,/Users/293003c/Library/CloudStorage/OneDrive-Curtin/Projects/TCZ-research/water point GIS/Edited-layers/LGATE-016-filtered_points.shp,36.000000000000000,"1",,,
-620569.447133706,-1974544.2301804,"1",WaterBody,Margaret River,Margaret River,"200702071939","2",Perennial,"2",Natural,Pool,"-99",Unknown,"2",MajorRiver,,,LGATE-016-filtered_points,/Users/293003c/Library/CloudStorage/OneDrive-Curtin/Projects/TCZ-research/water point GIS/Edited-layers/LGATE-016-filtered_points.shp,37.000000000000000,,,,
-570804.417964374,-1965847.95509167,"1",WaterBody,,,"200702071940","2",Perennial,"2",Natural,Pool,"-99",Unknown,"3",MinorRiver,,,LGATE-016-filtered_points,/Users/293003c/Library/CloudStorage/OneDrive-Curtin/Projects/TCZ-research/water point GIS/Edited-layers/LGATE-016-filtered_points.shp,38.000000000000000,,,,
-332638.211511231,-1932215.29259763,"1",WaterBody,,,"200702071247","2",Perennial,"2",Natural,Pool,"-99",Unknown,"2",MajorRiver,,,LGATE-016-filtered_points,/Users/293003c/Library/CloudStorage/OneDrive-Curtin/Projects/TCZ-research/water point GIS/Edited-layers/LGATE-016-filtered_points.shp,36.000000000000000,"1",,,
-474431.459589503,-1985501.47140519,"1",WaterBody,Mary River,Mary River,"200702071939","2",Perennial,"2",Natural,Pool,"-99",Unknown,"3",MinorRiver,,,LGATE-016-filtered_points,/Users/293003c/Library/CloudStorage/OneDrive-Curtin/Projects/TCZ-research/water point GIS/Edited-layers/LGATE-016-filtered_points.shp,41.000000000000000,,,,
-551883.286095013,-1945387.4737807,"1",WaterBody,,,"200702071940","2",Perennial,"2",Natural,Pool,"-99",Unknown,"3",MinorRiver,,,LGATE-016-filtered_points,/Users/293003c/Library/CloudStorage/OneDrive-Curtin/Projects/TCZ-research/water point GIS/Edited-layers/LGATE-016-filtered_points.shp,44.000000000000000,,,,
-476549.244401224,-1953306.20560642,"1",WaterBody,Station Creek,Station Creek,"200702071940","2",Perennial,"2",Natural,Pool,"-99",Unknown,"3",MinorRiver,,,LGATE-016-filtered_points,/Users/293003c/Library/CloudStorage/OneDrive-Curtin/Projects/TCZ-research/water point GIS/Edited-layers/LGATE-016-filtered_points.shp,43.000000000000000,,,,
-582727.030467788,-1947608.71620065,"1",WaterBody,,,"200702071939","2",Perennial,"2",Natural,Pool,"-99",Unknown,"3",MinorRiver,,,LGATE-016-filtered_points,/Users/293003c/Library/CloudStorage/OneDrive-Curtin/Projects/TCZ-research/water point GIS/Edited-layers/LGATE-016-filtered_points.shp,41.000000000000000,,,,
-560599.497985593,-2028075.66837477,"1",WaterBody,Christmas Creek,Christmas Creek,"200702071940","2",Perennial,"2",Natural,Pool,"-99",Unknown,"2",MajorRiver,,,LGATE-016-filtered_points,/Users/293003c/Library/CloudStorage/OneDrive-Curtin/Projects/TCZ-research/water point GIS/Edited-layers/LGATE-016-filtered_points.shp,35.000000000000000,,,,
-520607.118551187,-2011138.56904444,"1",WaterBody,Mary River,Mary River,"200702071940","2",Perennial,"2",Natural,Pool,"-99",Unknown,"3",MinorRiver,,,LGATE-016-filtered_points,/Users/293003c/Library/CloudStorage/OneDrive-Curtin/Projects/TCZ-research/water point GIS/Edited-layers/LGATE-016-filtered_points.shp,38.000000000000000,,,,
-556590.460483278,-2033079.98884996,"1",WaterBody,Christmas Creek,Christmas Creek,"200702071939","2",Perennial,"2",Natural,Pool,"-99",Unknown,"2",MajorRiver,,,LGATE-016-filtered_points,/Users/293003c/Library/CloudStorage/OneDrive-Curtin/Projects/TCZ-research/water point GIS/Edited-layers/LGATE-016-filtered_points.shp,35.000000000000000,,,,
-491143.309992365,-2155095.18642094,"1",WaterBody,,,"200702071247","2",Perennial,"2",Natural,Pool,"-99",Unknown,"-99",Unknown,,,LGATE-016-filtered_points,/Users/293003c/Library/CloudStorage/OneDrive-Curtin/Projects/TCZ-research/water point GIS/Edited-layers/LGATE-016-filtered_points.shp,27.000000000000000,,,,
-569967.254923062,-1984828.83813066,"1",WaterBody,Margaret River,Margaret River,"200702071940","2",Perennial,"2",Natural,Pool,"-99",Unknown,"2",MajorRiver,,,LGATE-016-filtered_points,/Users/293003c/Library/CloudStorage/OneDrive-Curtin/Projects/TCZ-research/water point GIS/Edited-layers/LGATE-016-filtered_points.shp,37.000000000000000,,,,
-572609.03650632,-1960397.614678,"1",WaterBody,,,"200702071940","2",Perennial,"2",Natural,Pool,"-99",Unknown,"3",MinorRiver,,,LGATE-016-filtered_points,/Users/293003c/Library/CloudStorage/OneDrive-Curtin/Projects/TCZ-research/water point GIS/Edited-layers/LGATE-016-filtered_points.shp,42.000000000000000,,,,
-552255.274220922,-1935314.90151848,"1",WaterBody,,,"200702071939","2",Perennial,"2",Natural,Pool,"-99",Unknown,"3",MinorRiver,,,LGATE-016-filtered_points,/Users/293003c/Library/CloudStorage/OneDrive-Curtin/Projects/TCZ-research/water point GIS/Edited-layers/LGATE-016-filtered_points.shp,44.000000000000000,,,,
-483757.450725912,-1998462.23634406,"1",WaterBody,,,"200702071939","2",Perennial,"2",Natural,Pool,"-99",Unknown,"3",MinorRiver,,,LGATE-016-filtered_points,/Users/293003c/Library/CloudStorage/OneDrive-Curtin/Projects/TCZ-research/water point GIS/Edited-layers/LGATE-016-filtered_points.shp,39.000000000000000,,,,
-373041.053589171,-2014439.25510002,"1",WaterBody,,,"200702071247","2",Perennial,"2",Natural,Pool,"-99",Unknown,"-99",Unknown,,,LGATE-016-filtered_points,/Users/293003c/Library/CloudStorage/OneDrive-Curtin/Projects/TCZ-research/water point GIS/Edited-layers/LGATE-016-filtered_points.shp,32.000000000000000,,,,
-413660.994055057,-1951879.97441578,"1",WaterBody,,,"200702071247","2",Perennial,"2",Natural,Pool,"-99",Unknown,"2",MajorRiver,,,LGATE-016-filtered_points,/Users/293003c/Library/CloudStorage/OneDrive-Curtin/Projects/TCZ-research/water point GIS/Edited-layers/LGATE-016-filtered_points.shp,36.000000000000000,"1",,,
-389376.689457461,-2045017.19553697,"1",WaterBody,Sturt Creek,Sturt Creek,"200702071247","2",Perennial,"2",Natural,Pool,"-99",Unknown,"2",MajorRiver,,,LGATE-016-filtered_points,/Users/293003c/Library/CloudStorage/OneDrive-Curtin/Projects/TCZ-research/water point GIS/Edited-layers/LGATE-016-filtered_points.shp,30.000000000000000,,,,
-590916.406298047,-1936947.88472709,"1",WaterBody,,,"200702071940","2",Perennial,"2",Natural,Pool,"-99",Unknown,"3",MinorRiver,,,LGATE-016-filtered_points,/Users/293003c/Library/CloudStorage/OneDrive-Curtin/Projects/TCZ-research/water point GIS/Edited-layers/LGATE-016-filtered_points.shp,40.000000000000000,,,,
-444520.621077391,-1981555.5371786,"1",WaterBody,Black Elvire River,Black Elvire River,"200702071939","2",Perennial,"2",Natural,Pool,"-99",Unknown,"2",MajorRiver,,,LGATE-016-filtered_points,/Users/293003c/Library/CloudStorage/OneDrive-Curtin/Projects/TCZ-research/water point GIS/Edited-layers/LGATE-016-filtered_points.shp,38.000000000000000,"1",,,
-445483.686579099,-1983225.369938,"1",WaterBody,Black Elvire River,Black Elvire River,"200702071939","2",Perennial,"2",Natural,Pool,"-99",Unknown,"2",MajorRiver,,,LGATE-016-filtered_points,/Users/293003c/Library/CloudStorage/OneDrive-Curtin/Projects/TCZ-research/water point GIS/Edited-layers/LGATE-016-filtered_points.shp,38.000000000000000,"1",,,
-444602.625275138,-1981704.00856167,"1",WaterBody,Black Elvire River,Black Elvire River,"200702071939","2",Perennial,"2",Natural,Pool,"-99",Unknown,"2",MajorRiver,,,LGATE-016-filtered_points,/Users/293003c/Library/CloudStorage/OneDrive-Curtin/Projects/TCZ-research/water point GIS/Edited-layers/LGATE-016-filtered_points.shp,38.000000000000000,"1",,,
-547622.302666219,-1946486.76142245,"1",WaterBody,,,"200702071940","2",Perennial,"2",Natural,Pool,"-99",Unknown,"3",MinorRiver,,,LGATE-016-filtered_points,/Users/293003c/Library/CloudStorage/OneDrive-Curtin/Projects/TCZ-research/water point GIS/Edited-layers/LGATE-016-filtered_points.shp,44.000000000000000,,,,
-549946.4248439,-1990839.98354336,"1",WaterBody,,,"200702071939","2",Perennial,"2",Natural,Pool,"-99",Unknown,"3",MinorRiver,,,LGATE-016-filtered_points,/Users/293003c/Library/CloudStorage/OneDrive-Curtin/Projects/TCZ-research/water point GIS/Edited-layers/LGATE-016-filtered_points.shp,38.000000000000000,,,,
-334077.986660427,-2000172.55958945,"1",WaterBody,,,"200702071247","2",Perennial,"2",Natural,Pool,"-99",Unknown,"-99",Unknown,,,LGATE-016-filtered_points,/Users/293003c/Library/CloudStorage/OneDrive-Curtin/Projects/TCZ-research/water point GIS/Edited-layers/LGATE-016-filtered_points.shp,32.000000000000000,,,,
-521514.772007303,-1940891.20518296,"1",WaterBody,,,"200702071940","2",Perennial,"2",Natural,Pool,"-99",Unknown,"3",MinorRiver,,,LGATE-016-filtered_points,/Users/293003c/Library/CloudStorage/OneDrive-Curtin/Projects/TCZ-research/water point GIS/Edited-layers/LGATE-016-filtered_points.shp,43.000000000000000,,,,
-568493.378944649,-1968367.01511795,"1",WaterBody,,,"200702071939","2",Perennial,"2",Natural,Pool,"-99",Unknown,"3",MinorRiver,,,LGATE-016-filtered_points,/Users/293003c/Library/CloudStorage/OneDrive-Curtin/Projects/TCZ-research/water point GIS/Edited-layers/LGATE-016-filtered_points.shp,38.000000000000000,,,,
-372848.851677992,-1995408.38789566,"1",WaterBody,Foster Creek,Foster Creek,"200702071247","2",Perennial,"2",Natural,Pool,"-99",Unknown,"-99",Unknown,,,LGATE-016-filtered_points,/Users/293003c/Library/CloudStorage/OneDrive-Curtin/Projects/TCZ-research/water point GIS/Edited-layers/LGATE-016-filtered_points.shp,33.000000000000000,,,,
-546208.200322471,-1960916.8074644,"1",WaterBody,O'Donnell River,O'Donnell River,"200702071940","2",Perennial,"2",Natural,Pool,"-99",Unknown,"2",MajorRiver,,,LGATE-016-filtered_points,/Users/293003c/Library/CloudStorage/OneDrive-Curtin/Projects/TCZ-research/water point GIS/Edited-layers/LGATE-016-filtered_points.shp,41.000000000000000,,,,
-562504.726189318,-1962591.21432462,"1",WaterBody,,,"200702071940","2",Perennial,"2",Natural,Pool,"-99",Unknown,"3",MinorRiver,,,LGATE-016-filtered_points,/Users/293003c/Library/CloudStorage/OneDrive-Curtin/Projects/TCZ-research/water point GIS/Edited-layers/LGATE-016-filtered_points.shp,38.000000000000000,,,,
-516485.615788706,-2023003.53590187,"1",WaterBody,Willy Willy Creek,Willy Willy Creek,"200702071940","2",Perennial,"2",Natural,Pool,"-99",Unknown,"3",MinorRiver,,,LGATE-016-filtered_points,/Users/293003c/Library/CloudStorage/OneDrive-Curtin/Projects/TCZ-research/water point GIS/Edited-layers/LGATE-016-filtered_points.shp,37.000000000000000,,,,
-486762.708367449,-1999614.45333564,"1",WaterBody,,,"200702071940","2",Perennial,"2",Natural,Pool,"-99",Unknown,"3",MinorRiver,,,LGATE-016-filtered_points,/Users/293003c/Library/CloudStorage/OneDrive-Curtin/Projects/TCZ-research/water point GIS/Edited-layers/LGATE-016-filtered_points.shp,39.000000000000000,,,,
-520599.743575377,-1941227.34865849,"1",WaterBody,,,"200702071939","2",Perennial,"1",Manmade,EarthDam,"-99",Unknown,"3",MinorRiver,,,LGATE-016-filtered_points,/Users/293003c/Library/CloudStorage/OneDrive-Curtin/Projects/TCZ-research/water point GIS/Edited-layers/LGATE-016-filtered_points.shp,43.000000000000000,,,,
-566805.019640527,-1939263.92949118,"1",WaterBody,McKinnon Creek,McKinnon Creek,"200702071940","2",Perennial,"2",Natural,Pool,"-99",Unknown,"3",MinorRiver,,,LGATE-016-filtered_points,/Users/293003c/Library/CloudStorage/OneDrive-Curtin/Projects/TCZ-research/water point GIS/Edited-layers/LGATE-016-filtered_points.shp,42.000000000000000,,,,
-428270.214202709,-1961403.59943778,"1",WaterBody,,,"200702071940","2",Perennial,"2",Natural,Pool,"-99",Unknown,"2",MajorRiver,,,LGATE-016-filtered_points,/Users/293003c/Library/CloudStorage/OneDrive-Curtin/Projects/TCZ-research/water point GIS/Edited-layers/LGATE-016-filtered_points.shp,37.000000000000000,"1",,,
-551722.334556189,-1989601.84702707,"1",WaterBody,,,"200702071940","2",Perennial,"2",Natural,Pool,"-99",Unknown,"3",MinorRiver,,,LGATE-016-filtered_points,/Users/293003c/Library/CloudStorage/OneDrive-Curtin/Projects/TCZ-research/water point GIS/Edited-layers/LGATE-016-filtered_points.shp,38.000000000000000,,,,
-600761.209767065,-1976814.63834689,"1",WaterBody,,,"200702071940","2",Perennial,"2",Natural,Pool,"-99",Unknown,"3",MinorRiver,,,LGATE-016-filtered_points,/Users/293003c/Library/CloudStorage/OneDrive-Curtin/Projects/TCZ-research/water point GIS/Edited-layers/LGATE-016-filtered_points.shp,40.000000000000000,,,,
-549119.332579087,-1951686.37673049,"1",WaterBody,,,"200702071939","2",Perennial,"2",Natural,Pool,"-99",Unknown,"3",MinorRiver,,,LGATE-016-filtered_points,/Users/293003c/Library/CloudStorage/OneDrive-Curtin/Projects/TCZ-research/water point GIS/Edited-layers/LGATE-016-filtered_points.shp,41.000000000000000,,,,
-476857.508376325,-1953492.85249809,"1",WaterBody,,,"200702071940","2",Perennial,"2",Natural,Lake,"-99",Unknown,"3",MinorRiver,,,LGATE-016-filtered_points,/Users/293003c/Library/CloudStorage/OneDrive-Curtin/Projects/TCZ-research/water point GIS/Edited-layers/LGATE-016-filtered_points.shp,43.000000000000000,,,,
-504104.975036248,-2008050.66803193,"1",WaterBody,Hangman Creek,Hangman Creek,"200702071940","2",Perennial,"2",Natural,Pool,"-99",Unknown,"3",MinorRiver,,,LGATE-016-filtered_points,/Users/293003c/Library/CloudStorage/OneDrive-Curtin/Projects/TCZ-research/water point GIS/Edited-layers/LGATE-016-filtered_points.shp,38.000000000000000,,,,
-361091.470163213,-2059444.66204248,"1",WaterBody,Lewis Creek,Lewis Creek,"200702071247","2",Perennial,"2",Natural,Pool,"-99",Unknown,"-99",Unknown,,,LGATE-016-filtered_points,/Users/293003c/Library/CloudStorage/OneDrive-Curtin/Projects/TCZ-research/water point GIS/Edited-layers/LGATE-016-filtered_points.shp,29.000000000000000,,,,
-357196.190547653,-1937523.08503323,"1",WaterBody,,,"200702071247","2",Perennial,"2",Natural,Pool,"-99",Unknown,"2",MajorRiver,,,LGATE-016-filtered_points,/Users/293003c/Library/CloudStorage/OneDrive-Curtin/Projects/TCZ-research/water point GIS/Edited-layers/LGATE-016-filtered_points.shp,36.000000000000000,"1",,,
-459720.131345762,-1977105.18062442,"1",WaterBody,,,"200702071939","2",Perennial,"1",Manmade,EarthDam,"-99",Unknown,"3",MinorRiver,,,LGATE-016-filtered_points,/Users/293003c/Library/CloudStorage/OneDrive-Curtin/Projects/TCZ-research/water point GIS/Edited-layers/LGATE-016-filtered_points.shp,41.000000000000000,,,,
-549529.381605362,-1948757.44465123,"1",WaterBody,,,"200702071939","2",Perennial,"2",Natural,Pool,"-99",Unknown,"3",MinorRiver,,,LGATE-016-filtered_points,/Users/293003c/Library/CloudStorage/OneDrive-Curtin/Projects/TCZ-research/water point GIS/Edited-layers/LGATE-016-filtered_points.shp,44.000000000000000,,,,
-507313.738084969,-2027813.01673717,"1",WaterBody,Willy Willy Creek,Willy Willy Creek,"200702071940","2",Perennial,"2",Natural,Pool,"-99",Unknown,"3",MinorRiver,,,LGATE-016-filtered_points,/Users/293003c/Library/CloudStorage/OneDrive-Curtin/Projects/TCZ-research/water point GIS/Edited-layers/LGATE-016-filtered_points.shp,37.000000000000000,,,,
-570918.206743474,-1983070.22853252,"1",WaterBody,Margaret River,Margaret River,"200702071940","2",Perennial,"2",Natural,Pool,"-99",Unknown,"2",MajorRiver,,,LGATE-016-filtered_points,/Users/293003c/Library/CloudStorage/OneDrive-Curtin/Projects/TCZ-research/water point GIS/Edited-layers/LGATE-016-filtered_points.shp,37.000000000000000,,,,
-463655.879713524,-2153422.55301424,"1",WaterBody,Durbai Creek,Durbai Creek,"200702071247","2",Perennial,"2",Natural,Pool,"-99",Unknown,"-99",Unknown,,,LGATE-016-filtered_points,/Users/293003c/Library/CloudStorage/OneDrive-Curtin/Projects/TCZ-research/water point GIS/Edited-layers/LGATE-016-filtered_points.shp,27.000000000000000,,,,
-567011.512147675,-1969507.47420875,"1",WaterBody,O'Donnell River,O'Donnell River,"200702071939","2",Perennial,"2",Natural,Pool,"-99",Unknown,"2",MajorRiver,,,LGATE-016-filtered_points,/Users/293003c/Library/CloudStorage/OneDrive-Curtin/Projects/TCZ-research/water point GIS/Edited-layers/LGATE-016-filtered_points.shp,38.000000000000000,,,,
-441500.966227817,-1975340.49090426,"1",WaterBody,,,"200702071939","2",Perennial,"1",Manmade,EarthDam,"-99",Unknown,"3",MinorRiver,,,LGATE-016-filtered_points,/Users/293003c/Library/CloudStorage/OneDrive-Curtin/Projects/TCZ-research/water point GIS/Edited-layers/LGATE-016-filtered_points.shp,38.000000000000000,"1",,,
-425514.279825964,-1961295.30253347,"1",WaterBody,Elvire River,Elvire River,"200702071939","2",Perennial,"2",Natural,Pool,"-99",Unknown,"2",MajorRiver,,,LGATE-016-filtered_points,/Users/293003c/Library/CloudStorage/OneDrive-Curtin/Projects/TCZ-research/water point GIS/Edited-layers/LGATE-016-filtered_points.shp,36.000000000000000,"1",,,
-425352.227316414,-1961452.00481759,"1",WaterBody,Elvire River,Elvire River,"200702071939","2",Perennial,"2",Natural,Pool,"-99",Unknown,"2",MajorRiver,,,LGATE-016-filtered_points,/Users/293003c/Library/CloudStorage/OneDrive-Curtin/Projects/TCZ-research/water point GIS/Edited-layers/LGATE-016-filtered_points.shp,36.000000000000000,"1",,,
-426929.367125287,-1983484.82929237,"1",WaterBody,,,"200702071940","2",Perennial,"2",Natural,Pool,"-99",Unknown,"3",MinorRiver,,,LGATE-016-filtered_points,/Users/293003c/Library/CloudStorage/OneDrive-Curtin/Projects/TCZ-research/water point GIS/Edited-layers/LGATE-016-filtered_points.shp,35.000000000000000,"1",,,
-579764.488241555,-1970699.9717441,"1",WaterBody,Margaret River,Margaret River,"200702071940","2",Perennial,"2",Natural,Pool,"-99",Unknown,"2",MajorRiver,,,LGATE-016-filtered_points,/Users/293003c/Library/CloudStorage/OneDrive-Curtin/Projects/TCZ-research/water point GIS/Edited-layers/LGATE-016-filtered_points.shp,37.000000000000000,,,,
-388923.324327816,-1985805.85798408,"1",WaterBody,Cow Creek,Cow Creek,"200702071247","2",Perennial,"2",Natural,Pool,"-99",Unknown,"-99",Unknown,,,LGATE-016-filtered_points,/Users/293003c/Library/CloudStorage/OneDrive-Curtin/Projects/TCZ-research/water point GIS/Edited-layers/LGATE-016-filtered_points.shp,35.000000000000000,"1",,,
-481462.906220404,-1998026.3468763,"1",WaterBody,,,"200702071940","2",Perennial,"2",Natural,Pool,"-99",Unknown,"3",MinorRiver,,,LGATE-016-filtered_points,/Users/293003c/Library/CloudStorage/OneDrive-Curtin/Projects/TCZ-research/water point GIS/Edited-layers/LGATE-016-filtered_points.shp,39.000000000000000,,,,
-356551.133644512,-1938280.05387064,"1",WaterBody,Nicholson River,Nicholson River,"200702071247","2",Perennial,"2",Natural,Pool,"-99",Unknown,"2",MajorRiver,,,LGATE-016-filtered_points,/Users/293003c/Library/CloudStorage/OneDrive-Curtin/Projects/TCZ-research/water point GIS/Edited-layers/LGATE-016-filtered_points.shp,36.000000000000000,"1",,,
-544590.948808637,-1959453.45912011,"1",WaterBody,O'Donnell River,O'Donnell River,"200702071940","2",Perennial,"2",Natural,Pool,"-99",Unknown,"2",MajorRiver,,,LGATE-016-filtered_points,/Users/293003c/Library/CloudStorage/OneDrive-Curtin/Projects/TCZ-research/water point GIS/Edited-layers/LGATE-016-filtered_points.shp,41.000000000000000,,,,
-326691.463133818,-2065852.06752438,"1",WaterBody,Slatey Creek,Slatey Creek,"200702071247","2",Perennial,"2",Natural,Pool,"-99",Unknown,"-99",Unknown,,,LGATE-016-filtered_points,/Users/293003c/Library/CloudStorage/OneDrive-Curtin/Projects/TCZ-research/water point GIS/Edited-layers/LGATE-016-filtered_points.shp,32.000000000000000,,,,
-591473.680246974,-1945293.70367748,"1",WaterBody,,,"200702071939","2",Perennial,"2",Natural,Pool,"-99",Unknown,"3",MinorRiver,,,LGATE-016-filtered_points,/Users/293003c/Library/CloudStorage/OneDrive-Curtin/Projects/TCZ-research/water point GIS/Edited-layers/LGATE-016-filtered_points.shp,43.000000000000000,,,,
-379178.866970091,-1986076.13292373,"1",WaterBody,,,"200702071247","2",Perennial,"2",Natural,Pool,"-99",Unknown,"-99",Unknown,,,LGATE-016-filtered_points,/Users/293003c/Library/CloudStorage/OneDrive-Curtin/Projects/TCZ-research/water point GIS/Edited-layers/LGATE-016-filtered_points.shp,34.000000000000000,"1",,,
-360594.317646658,-1932745.26238974,"1",WaterBody,,,"200702071247","2",Perennial,"2",Natural,Pool,"-99",Unknown,"2",MajorRiver,,,LGATE-016-filtered_points,/Users/293003c/Library/CloudStorage/OneDrive-Curtin/Projects/TCZ-research/water point GIS/Edited-layers/LGATE-016-filtered_points.shp,36.000000000000000,"1",,,
-519526.67414489,-2003357.66840753,"1",WaterBody,Laura River,Laura River,"200702071939","2",Perennial,"2",Natural,Pool,"-99",Unknown,"3",MinorRiver,,,LGATE-016-filtered_points,/Users/293003c/Library/CloudStorage/OneDrive-Curtin/Projects/TCZ-research/water point GIS/Edited-layers/LGATE-016-filtered_points.shp,39.000000000000000,,,,
-593351.98379621,-1951374.08137649,"1",WaterBody,,,"200702071939","2",Perennial,"2",Natural,Pool,"-99",Unknown,"3",MinorRiver,,,LGATE-016-filtered_points,/Users/293003c/Library/CloudStorage/OneDrive-Curtin/Projects/TCZ-research/water point GIS/Edited-layers/LGATE-016-filtered_points.shp,43.000000000000000,,,,
-583205.496350611,-1944311.57509071,"1",WaterBody,,,"200702071939","2",Perennial,"2",Natural,Pool,"-99",Unknown,"3",MinorRiver,,,LGATE-016-filtered_points,/Users/293003c/Library/CloudStorage/OneDrive-Curtin/Projects/TCZ-research/water point GIS/Edited-layers/LGATE-016-filtered_points.shp,41.000000000000000,,,,
-543165.414555078,-1957552.00697887,"1",WaterBody,O'Donnell River,O'Donnell River,"200702071939","2",Perennial,"2",Natural,Pool,"-99",Unknown,"2",MajorRiver,,,LGATE-016-filtered_points,/Users/293003c/Library/CloudStorage/OneDrive-Curtin/Projects/TCZ-research/water point GIS/Edited-layers/LGATE-016-filtered_points.shp,41.000000000000000,,,,
-541341.131434544,-1957055.89905012,"1",WaterBody,O'Donnell River,O'Donnell River,"200702071939","2",Perennial,"2",Natural,Pool,"-99",Unknown,"2",MajorRiver,,,LGATE-016-filtered_points,/Users/293003c/Library/CloudStorage/OneDrive-Curtin/Projects/TCZ-research/water point GIS/Edited-layers/LGATE-016-filtered_points.shp,41.000000000000000,,,,
-542810.18196955,-1957509.01323801,"1",WaterBody,O'Donnell River,O'Donnell River,"200702071939","2",Perennial,"2",Natural,Pool,"-99",Unknown,"2",MajorRiver,,,LGATE-016-filtered_points,/Users/293003c/Library/CloudStorage/OneDrive-Curtin/Projects/TCZ-research/water point GIS/Edited-layers/LGATE-016-filtered_points.shp,41.000000000000000,,,,
-475555.042699362,-2000273.64813403,"1",WaterBody,,,"200702071940","2",Perennial,"2",Natural,Pool,"-99",Unknown,"3",MinorRiver,,,LGATE-016-filtered_points,/Users/293003c/Library/CloudStorage/OneDrive-Curtin/Projects/TCZ-research/water point GIS/Edited-layers/LGATE-016-filtered_points.shp,40.000000000000000,,,,
-589760.026774569,-1961807.57351047,"1",WaterBody,,,"200702071939","2",Perennial,"2",Natural,Pool,"-99",Unknown,"3",MinorRiver,,,LGATE-016-filtered_points,/Users/293003c/Library/CloudStorage/OneDrive-Curtin/Projects/TCZ-research/water point GIS/Edited-layers/LGATE-016-filtered_points.shp,41.000000000000000,,,,
-371547.754183763,-2017386.71927134,"1",WaterBody,,,"200702071247","2",Perennial,"2",Natural,Pool,"-99",Unknown,"-99",Unknown,,,LGATE-016-filtered_points,/Users/293003c/Library/CloudStorage/OneDrive-Curtin/Projects/TCZ-research/water point GIS/Edited-layers/LGATE-016-filtered_points.shp,32.000000000000000,,,,
-356051.005742446,-1979573.71949771,"1",WaterBody,Roy Creek,Roy Creek,"200702071247","2",Perennial,"2",Natural,Pool,"-99",Unknown,"-99",Unknown,,,LGATE-016-filtered_points,/Users/293003c/Library/CloudStorage/OneDrive-Curtin/Projects/TCZ-research/water point GIS/Edited-layers/LGATE-016-filtered_points.shp,33.000000000000000,"1",,,
-483653.461962655,-1986661.96705793,"1",WaterBody,Mary River,Mary River,"200702071940","2",Perennial,"2",Natural,Pool,"-99",Unknown,"3",MinorRiver,,,LGATE-016-filtered_points,/Users/293003c/Library/CloudStorage/OneDrive-Curtin/Projects/TCZ-research/water point GIS/Edited-layers/LGATE-016-filtered_points.shp,40.000000000000000,,,,
-532207.119623429,-2011054.06308353,"1",WaterBody,Mary River,Mary River,"200702071939","2",Perennial,"2",Natural,Pool,"-99",Unknown,"3",MinorRiver,,,LGATE-016-filtered_points,/Users/293003c/Library/CloudStorage/OneDrive-Curtin/Projects/TCZ-research/water point GIS/Edited-layers/LGATE-016-filtered_points.shp,38.000000000000000,,,,
-611521.829395377,-1968674.31944151,"1",WaterBody,Margaret River,Margaret River,"200702071939","2",Perennial,"2",Natural,Pool,"-99",Unknown,"2",MajorRiver,,,LGATE-016-filtered_points,/Users/293003c/Library/CloudStorage/OneDrive-Curtin/Projects/TCZ-research/water point GIS/Edited-layers/LGATE-016-filtered_points.shp,36.000000000000000,,,,
-611460.189544099,-1968635.08593328,"1",WaterBody,Margaret River,Margaret River,"200702071939","2",Perennial,"2",Natural,Pool,"-99",Unknown,"2",MajorRiver,,,LGATE-016-filtered_points,/Users/293003c/Library/CloudStorage/OneDrive-Curtin/Projects/TCZ-research/water point GIS/Edited-layers/LGATE-016-filtered_points.shp,36.000000000000000,,,,
-422417.021134933,-1964328.04921608,"1",WaterBody,Elvire River,Elvire River,"200702071939","2",Perennial,"2",Natural,Pool,"-99",Unknown,"2",MajorRiver,,,LGATE-016-filtered_points,/Users/293003c/Library/CloudStorage/OneDrive-Curtin/Projects/TCZ-research/water point GIS/Edited-layers/LGATE-016-filtered_points.shp,36.000000000000000,"1",,,
-590920.616040654,-1935473.27113858,"1",WaterBody,,,"200702071940","2",Perennial,"2",Natural,Pool,"-99",Unknown,"3",MinorRiver,,,LGATE-016-filtered_points,/Users/293003c/Library/CloudStorage/OneDrive-Curtin/Projects/TCZ-research/water point GIS/Edited-layers/LGATE-016-filtered_points.shp,40.000000000000000,,,,
-553962.05345267,-2038525.18949512,"1",WaterBody,Christmas Creek,Christmas Creek,"200702071939","2",Perennial,"2",Natural,Pool,"-99",Unknown,"2",MajorRiver,,,LGATE-016-filtered_points,/Users/293003c/Library/CloudStorage/OneDrive-Curtin/Projects/TCZ-research/water point GIS/Edited-layers/LGATE-016-filtered_points.shp,35.000000000000000,,,,
-570427.082873262,-1946960.40152951,"1",WaterBody,,,"200702071939","2",Perennial,"2",Natural,Pool,"-99",Unknown,"3",MinorRiver,,,LGATE-016-filtered_points,/Users/293003c/Library/CloudStorage/OneDrive-Curtin/Projects/TCZ-research/water point GIS/Edited-layers/LGATE-016-filtered_points.shp,43.000000000000000,,,,
-397444.887095004,-1927867.14284577,"1",WaterBody,Elvire River,Elvire River,"200702071247","2",Perennial,"2",Natural,Pool,"-99",Unknown,"2",MajorRiver,,,LGATE-016-filtered_points,/Users/293003c/Library/CloudStorage/OneDrive-Curtin/Projects/TCZ-research/water point GIS/Edited-layers/LGATE-016-filtered_points.shp,36.000000000000000,"1",,,
-548900.921534881,-1948384.77567292,"1",WaterBody,,,"200702071939","2",Perennial,"2",Natural,Pool,"-99",Unknown,"3",MinorRiver,,,LGATE-016-filtered_points,/Users/293003c/Library/CloudStorage/OneDrive-Curtin/Projects/TCZ-research/water point GIS/Edited-layers/LGATE-016-filtered_points.shp,44.000000000000000,,,,
-334446.142860322,-2051991.54394351,"1",WaterBody,Brophy Creek,Brophy Creek,"200702071247","2",Perennial,"2",Natural,Pool,"-99",Unknown,"-99",Unknown,,,LGATE-016-filtered_points,/Users/293003c/Library/CloudStorage/OneDrive-Curtin/Projects/TCZ-research/water point GIS/Edited-layers/LGATE-016-filtered_points.shp,31.000000000000000,,,,
-571708.318332794,-1962906.89755179,"1",WaterBody,,,"200702071939","2",Perennial,"2",Natural,Pool,"-99",Unknown,"3",MinorRiver,,,LGATE-016-filtered_points,/Users/293003c/Library/CloudStorage/OneDrive-Curtin/Projects/TCZ-research/water point GIS/Edited-layers/LGATE-016-filtered_points.shp,38.000000000000000,,,,
-449819.477601099,-2099711.29678305,"1",WaterBody,Sturt Creek,Sturt Creek,"200702071247","2",Perennial,"2",Natural,Pool,"-99",Unknown,"-99",Unknown,,,LGATE-016-filtered_points,/Users/293003c/Library/CloudStorage/OneDrive-Curtin/Projects/TCZ-research/water point GIS/Edited-layers/LGATE-016-filtered_points.shp,29.000000000000000,,,,
-503850.074367601,-2020545.63169354,"1",WaterBody,,,"200702071940","2",Perennial,"2",Natural,Pool,"-99",Unknown,"3",MinorRiver,,,LGATE-016-filtered_points,/Users/293003c/Library/CloudStorage/OneDrive-Curtin/Projects/TCZ-research/water point GIS/Edited-layers/LGATE-016-filtered_points.shp,40.000000000000000,,,,
-582456.976866352,-1946622.3293949,"1",WaterBody,,,"200702071940","2",Perennial,"2",Natural,Pool,"-99",Unknown,"3",MinorRiver,,,LGATE-016-filtered_points,/Users/293003c/Library/CloudStorage/OneDrive-Curtin/Projects/TCZ-research/water point GIS/Edited-layers/LGATE-016-filtered_points.shp,41.000000000000000,,,,
-584060.046131358,-2028660.43633913,"1",WaterBody,Christmas Creek,Christmas Creek,"200702071940","2",Perennial,"2",Natural,Pool,"-99",Unknown,"2",MajorRiver,,,LGATE-016-filtered_points,/Users/293003c/Library/CloudStorage/OneDrive-Curtin/Projects/TCZ-research/water point GIS/Edited-layers/LGATE-016-filtered_points.shp,36.000000000000000,,,,
-582715.116707266,-1942137.92491759,"1",WaterBody,,,"200702071940","2",Perennial,"2",Natural,Pool,"-99",Unknown,"3",MinorRiver,,,LGATE-016-filtered_points,/Users/293003c/Library/CloudStorage/OneDrive-Curtin/Projects/TCZ-research/water point GIS/Edited-layers/LGATE-016-filtered_points.shp,41.000000000000000,,,,
-570972.708052034,-1981731.56501579,"1",WaterBody,Margaret River,Margaret River,"200702071940","2",Perennial,"2",Natural,Pool,"-99",Unknown,"2",MajorRiver,,,LGATE-016-filtered_points,/Users/293003c/Library/CloudStorage/OneDrive-Curtin/Projects/TCZ-research/water point GIS/Edited-layers/LGATE-016-filtered_points.shp,37.000000000000000,,,,
-363908.727661527,-1926913.93552788,"1",WaterBody,Nicholson River,Nicholson River,"200702071247","2",Perennial,"2",Natural,Pool,"-99",Unknown,"2",MajorRiver,,,LGATE-016-filtered_points,/Users/293003c/Library/CloudStorage/OneDrive-Curtin/Projects/TCZ-research/water point GIS/Edited-layers/LGATE-016-filtered_points.shp,36.000000000000000,"1",,,
-475223.257100683,-2003896.60166795,"1",WaterBody,,,"200702071940","2",Perennial,"2",Natural,Pool,"-99",Unknown,"3",MinorRiver,,,LGATE-016-filtered_points,/Users/293003c/Library/CloudStorage/OneDrive-Curtin/Projects/TCZ-research/water point GIS/Edited-layers/LGATE-016-filtered_points.shp,38.000000000000000,,,,
-386795.77982937,-1989741.27326826,"1",WaterBody,Cow Creek,Cow Creek,"200702071247","2",Perennial,"2",Natural,Pool,"-99",Unknown,"-99",Unknown,,,LGATE-016-filtered_points,/Users/293003c/Library/CloudStorage/OneDrive-Curtin/Projects/TCZ-research/water point GIS/Edited-layers/LGATE-016-filtered_points.shp,34.000000000000000,,,,
-486241.232462772,-1999430.157157,"1",WaterBody,,,"200702071939","2",Perennial,"2",Natural,Pool,"-99",Unknown,"3",MinorRiver,,,LGATE-016-filtered_points,/Users/293003c/Library/CloudStorage/OneDrive-Curtin/Projects/TCZ-research/water point GIS/Edited-layers/LGATE-016-filtered_points.shp,39.000000000000000,,,,
-619085.288423363,-1973410.80412863,"1",WaterBody,Margaret River,Margaret River,"200702071940","2",Perennial,"2",Natural,Pool,"-99",Unknown,"2",MajorRiver,,,LGATE-016-filtered_points,/Users/293003c/Library/CloudStorage/OneDrive-Curtin/Projects/TCZ-research/water point GIS/Edited-layers/LGATE-016-filtered_points.shp,37.000000000000000,,,,
-556518.282837931,-1935390.22219093,"1",WaterBody,Little Gold River,Little Gold River,"200702071939","2",Perennial,"2",Natural,Pool,"-99",Unknown,"3",MinorRiver,,,LGATE-016-filtered_points,/Users/293003c/Library/CloudStorage/OneDrive-Curtin/Projects/TCZ-research/water point GIS/Edited-layers/LGATE-016-filtered_points.shp,42.000000000000000,,,,
-557868.86064996,-1934736.99234055,"1",WaterBody,Little Gold River,Little Gold River,"200702071939","2",Perennial,"2",Natural,Pool,"-99",Unknown,"3",MinorRiver,,,LGATE-016-filtered_points,/Users/293003c/Library/CloudStorage/OneDrive-Curtin/Projects/TCZ-research/water point GIS/Edited-layers/LGATE-016-filtered_points.shp,42.000000000000000,,,,
-421683.721515068,-1960234.52309084,"1",WaterBody,,,"200702071247","2",Perennial,"2",Natural,Pool,"-99",Unknown,"2",MajorRiver,,,LGATE-016-filtered_points,/Users/293003c/Library/CloudStorage/OneDrive-Curtin/Projects/TCZ-research/water point GIS/Edited-layers/LGATE-016-filtered_points.shp,36.000000000000000,"1",,,
-585839.598111911,-1991491.07232005,"1",WaterBody,Palm Spring Creek,Palm Spring Creek,"200702071940","2",Perennial,"2",Natural,Pool,"-99",Unknown,"3",MinorRiver,,,LGATE-016-filtered_points,/Users/293003c/Library/CloudStorage/OneDrive-Curtin/Projects/TCZ-research/water point GIS/Edited-layers/LGATE-016-filtered_points.shp,38.000000000000000,,,,
-554457.477243085,-1955982.9369409,"1",WaterBody,,,"200702071940","2",Perennial,"2",Natural,Pool,"-99",Unknown,"3",MinorRiver,,,LGATE-016-filtered_points,/Users/293003c/Library/CloudStorage/OneDrive-Curtin/Projects/TCZ-research/water point GIS/Edited-layers/LGATE-016-filtered_points.shp,41.000000000000000,,,,
-569609.132124703,-1952331.14126302,"1",WaterBody,,,"200702071940","2",Perennial,"2",Natural,Pool,"-99",Unknown,"3",MinorRiver,,,LGATE-016-filtered_points,/Users/293003c/Library/CloudStorage/OneDrive-Curtin/Projects/TCZ-research/water point GIS/Edited-layers/LGATE-016-filtered_points.shp,42.000000000000000,,,,
-610848.585991617,-1942722.40064479,"1",WaterBody,,,"200702071939","2",Perennial,"2",Natural,Pool,"-99",Unknown,"3",MinorRiver,,,LGATE-016-filtered_points,/Users/293003c/Library/CloudStorage/OneDrive-Curtin/Projects/TCZ-research/water point GIS/Edited-layers/LGATE-016-filtered_points.shp,39.000000000000000,,,,
-475445.954405427,-2000343.70116252,"1",WaterBody,,,"200702071940","2",Perennial,"2",Natural,Pool,"-99",Unknown,"3",MinorRiver,,,LGATE-016-filtered_points,/Users/293003c/Library/CloudStorage/OneDrive-Curtin/Projects/TCZ-research/water point GIS/Edited-layers/LGATE-016-filtered_points.shp,40.000000000000000,,,,
-595085.938886722,-1939198.18319409,"1",WaterBody,,,"200702071939","2",Perennial,"2",Natural,Pool,"-99",Unknown,"3",MinorRiver,,,LGATE-016-filtered_points,/Users/293003c/Library/CloudStorage/OneDrive-Curtin/Projects/TCZ-research/water point GIS/Edited-layers/LGATE-016-filtered_points.shp,40.000000000000000,,,,
-552050.858626641,-2004600.31371659,"1",WaterBody,,,"200702071940","2",Perennial,"2",Natural,Pool,"-99",Unknown,"3",MinorRiver,,,LGATE-016-filtered_points,/Users/293003c/Library/CloudStorage/OneDrive-Curtin/Projects/TCZ-research/water point GIS/Edited-layers/LGATE-016-filtered_points.shp,41.000000000000000,,,,
-547380.973171989,-1944636.52909195,"1",WaterBody,,,"200702071940","2",Perennial,"2",Natural,Pool,"-99",Unknown,"3",MinorRiver,,,LGATE-016-filtered_points,/Users/293003c/Library/CloudStorage/OneDrive-Curtin/Projects/TCZ-research/water point GIS/Edited-layers/LGATE-016-filtered_points.shp,44.000000000000000,,,,
-505083.647364923,-1959635.63445982,"1",WaterBody,,,"200702071940","2",Perennial,"1",Manmade,EarthDam,"-99",Unknown,"3",MinorRiver,,,LGATE-016-filtered_points,/Users/293003c/Library/CloudStorage/OneDrive-Curtin/Projects/TCZ-research/water point GIS/Edited-layers/LGATE-016-filtered_points.shp,42.000000000000000,,,,
-585671.221843586,-1958970.10345456,"1",WaterBody,,,"200702071940","2",Perennial,"2",Natural,Pool,"-99",Unknown,"3",MinorRiver,,,LGATE-016-filtered_points,/Users/293003c/Library/CloudStorage/OneDrive-Curtin/Projects/TCZ-research/water point GIS/Edited-layers/LGATE-016-filtered_points.shp,41.000000000000000,,,,
-551545.467849322,-1936904.63824961,"1",WaterBody,,,"200702071940","2",Perennial,"2",Natural,Pool,"-99",Unknown,"3",MinorRiver,,,LGATE-016-filtered_points,/Users/293003c/Library/CloudStorage/OneDrive-Curtin/Projects/TCZ-research/water point GIS/Edited-layers/LGATE-016-filtered_points.shp,44.000000000000000,,,,
-553145.463404263,-1968423.30344699,"1",WaterBody,,,"200702071939","2",Perennial,"2",Natural,Pool,"-99",Unknown,"3",MinorRiver,,,LGATE-016-filtered_points,/Users/293003c/Library/CloudStorage/OneDrive-Curtin/Projects/TCZ-research/water point GIS/Edited-layers/LGATE-016-filtered_points.shp,40.000000000000000,,,,
-570636.459801343,-1947173.37707183,"1",WaterBody,,,"200702071940","2",Perennial,"2",Natural,Pool,"-99",Unknown,"3",MinorRiver,,,LGATE-016-filtered_points,/Users/293003c/Library/CloudStorage/OneDrive-Curtin/Projects/TCZ-research/water point GIS/Edited-layers/LGATE-016-filtered_points.shp,43.000000000000000,,,,
-556343.589623899,-2011339.26407291,"1",WaterBody,Margaret River,Margaret River,"200702071940","2",Perennial,"2",Natural,Pool,"-99",Unknown,"2",MajorRiver,,,LGATE-016-filtered_points,/Users/293003c/Library/CloudStorage/OneDrive-Curtin/Projects/TCZ-research/water point GIS/Edited-layers/LGATE-016-filtered_points.shp,35.000000000000000,,,,
-442120.056394055,-2157772.08238452,"1",WaterBody,,,"200702071247","2",Perennial,"2",Natural,Lake,"-99",Unknown,"-99",Unknown,,,LGATE-016-filtered_points,/Users/293003c/Library/CloudStorage/OneDrive-Curtin/Projects/TCZ-research/water point GIS/Edited-layers/LGATE-016-filtered_points.shp,26.000000000000000,,,,
-439253.038032666,-1975656.02832419,"1",WaterBody,Black Elvire River,Black Elvire River,"200702071939","2",Perennial,"2",Natural,Pool,"-99",Unknown,"2",MajorRiver,,,LGATE-016-filtered_points,/Users/293003c/Library/CloudStorage/OneDrive-Curtin/Projects/TCZ-research/water point GIS/Edited-layers/LGATE-016-filtered_points.shp,38.000000000000000,"1",,,
-474137.199350288,-2000462.99384619,"1",WaterBody,,,"200702071939","2",Perennial,"2",Natural,Pool,"-99",Unknown,"3",MinorRiver,,,LGATE-016-filtered_points,/Users/293003c/Library/CloudStorage/OneDrive-Curtin/Projects/TCZ-research/water point GIS/Edited-layers/LGATE-016-filtered_points.shp,40.000000000000000,,,,
-576532.213449969,-1958872.7760378,"1",WaterBody,,,"200702071940","2",Perennial,"2",Natural,Pool,"-99",Unknown,"3",MinorRiver,,,LGATE-016-filtered_points,/Users/293003c/Library/CloudStorage/OneDrive-Curtin/Projects/TCZ-research/water point GIS/Edited-layers/LGATE-016-filtered_points.shp,41.000000000000000,,,,
-522098.19448208,-1934205.90301613,"1",WaterBody,,,"200702071940","2",Perennial,"2",Natural,Pool,"-99",Unknown,"3",MinorRiver,,,LGATE-016-filtered_points,/Users/293003c/Library/CloudStorage/OneDrive-Curtin/Projects/TCZ-research/water point GIS/Edited-layers/LGATE-016-filtered_points.shp,46.000000000000000,,,,
-520260.858348345,-1988380.99872736,"1",WaterBody,,,"200702071940","2",Perennial,"2",Natural,Pool,"-99",Unknown,"3",MinorRiver,,,LGATE-016-filtered_points,/Users/293003c/Library/CloudStorage/OneDrive-Curtin/Projects/TCZ-research/water point GIS/Edited-layers/LGATE-016-filtered_points.shp,40.000000000000000,,,,
-487118.224116213,-1989040.08260481,"1",WaterBody,Mary River,Mary River,"200702071940","2",Perennial,"2",Natural,Pool,"-99",Unknown,"3",MinorRiver,,,LGATE-016-filtered_points,/Users/293003c/Library/CloudStorage/OneDrive-Curtin/Projects/TCZ-research/water point GIS/Edited-layers/LGATE-016-filtered_points.shp,40.000000000000000,,,,
-612500.40799786,-1970304.88712598,"1",WaterBody,Margaret River,Margaret River,"200702071940","2",Perennial,"2",Natural,Pool,"-99",Unknown,"2",MajorRiver,,,LGATE-016-filtered_points,/Users/293003c/Library/CloudStorage/OneDrive-Curtin/Projects/TCZ-research/water point GIS/Edited-layers/LGATE-016-filtered_points.shp,36.000000000000000,,,,
-376571.980618133,-1988027.32041319,"1",WaterBody,,,"200702071247","2",Perennial,"2",Natural,Pool,"-99",Unknown,"-99",Unknown,,,LGATE-016-filtered_points,/Users/293003c/Library/CloudStorage/OneDrive-Curtin/Projects/TCZ-research/water point GIS/Edited-layers/LGATE-016-filtered_points.shp,34.000000000000000,,,,
-602937.830288099,-1976695.38127824,"1",WaterBody,,,"200702071940","2",Perennial,"2",Natural,Pool,"-99",Unknown,"3",MinorRiver,,,LGATE-016-filtered_points,/Users/293003c/Library/CloudStorage/OneDrive-Curtin/Projects/TCZ-research/water point GIS/Edited-layers/LGATE-016-filtered_points.shp,40.000000000000000,,,,
-434207.270669004,-1966252.24960334,"1",WaterBody,Black Elvire River,Black Elvire River,"200702071939","2",Perennial,"2",Natural,Pool,"-99",Unknown,"2",MajorRiver,,,LGATE-016-filtered_points,/Users/293003c/Library/CloudStorage/OneDrive-Curtin/Projects/TCZ-research/water point GIS/Edited-layers/LGATE-016-filtered_points.shp,37.000000000000000,"1",,,
-496023.314318434,-1959161.53261987,"1",WaterBody,,,"200702071939","2",Perennial,"2",Natural,Pool,"-99",Unknown,"3",MinorRiver,,,LGATE-016-filtered_points,/Users/293003c/Library/CloudStorage/OneDrive-Curtin/Projects/TCZ-research/water point GIS/Edited-layers/LGATE-016-filtered_points.shp,42.000000000000000,,,,
-550376.58324635,-1980453.74588845,"1",WaterBody,Dead Horse Creek,Dead Horse Creek,"200702071939","2",Perennial,"2",Natural,Pool,"-99",Unknown,"3",MinorRiver,,,LGATE-016-filtered_points,/Users/293003c/Library/CloudStorage/OneDrive-Curtin/Projects/TCZ-research/water point GIS/Edited-layers/LGATE-016-filtered_points.shp,40.000000000000000,,,,
-478526.579764381,-1998508.26629891,"1",WaterBody,,,"200702071940","2",Perennial,"2",Natural,Pool,"-99",Unknown,"3",MinorRiver,,,LGATE-016-filtered_points,/Users/293003c/Library/CloudStorage/OneDrive-Curtin/Projects/TCZ-research/water point GIS/Edited-layers/LGATE-016-filtered_points.shp,40.000000000000000,,,,
-356831.534663681,-1935777.51772349,"1",WaterBody,Nicholson River,Nicholson River,"200702071247","2",Perennial,"2",Natural,Pool,"-99",Unknown,"2",MajorRiver,,,LGATE-016-filtered_points,/Users/293003c/Library/CloudStorage/OneDrive-Curtin/Projects/TCZ-research/water point GIS/Edited-layers/LGATE-016-filtered_points.shp,36.000000000000000,"1",,,
-598373.136136608,-1964102.84310635,"1",WaterBody,Margaret River,Margaret River,"200702071940","2",Perennial,"2",Natural,Pool,"-99",Unknown,"2",MajorRiver,,,LGATE-016-filtered_points,/Users/293003c/Library/CloudStorage/OneDrive-Curtin/Projects/TCZ-research/water point GIS/Edited-layers/LGATE-016-filtered_points.shp,41.000000000000000,,,,
-597660.63965188,-1964277.10546287,"1",WaterBody,Margaret River,Margaret River,"200702071940","2",Perennial,"2",Natural,Pool,"-99",Unknown,"2",MajorRiver,,,LGATE-016-filtered_points,/Users/293003c/Library/CloudStorage/OneDrive-Curtin/Projects/TCZ-research/water point GIS/Edited-layers/LGATE-016-filtered_points.shp,41.000000000000000,,,,
-598736.036063366,-1964016.14479311,"1",WaterBody,Margaret River,Margaret River,"200702071940","2",Perennial,"2",Natural,Pool,"-99",Unknown,"2",MajorRiver,,,LGATE-016-filtered_points,/Users/293003c/Library/CloudStorage/OneDrive-Curtin/Projects/TCZ-research/water point GIS/Edited-layers/LGATE-016-filtered_points.shp,41.000000000000000,,,,
-554872.608327486,-1965291.69927731,"1",WaterBody,O'Donnell River,O'Donnell River,"200702071939","2",Perennial,"2",Natural,Pool,"-99",Unknown,"2",MajorRiver,,,LGATE-016-filtered_points,/Users/293003c/Library/CloudStorage/OneDrive-Curtin/Projects/TCZ-research/water point GIS/Edited-layers/LGATE-016-filtered_points.shp,38.000000000000000,,,,
-477610.917900831,-1957489.65361541,"1",WaterBody,,,"200702071939","2",Perennial,"2",Natural,Pool,"-99",Unknown,"3",MinorRiver,,,LGATE-016-filtered_points,/Users/293003c/Library/CloudStorage/OneDrive-Curtin/Projects/TCZ-research/water point GIS/Edited-layers/LGATE-016-filtered_points.shp,43.000000000000000,,,,
-376155.811828236,-1988670.58015986,"1",WaterBody,,,"200702071247","2",Perennial,"2",Natural,Pool,"-99",Unknown,"-99",Unknown,,,LGATE-016-filtered_points,/Users/293003c/Library/CloudStorage/OneDrive-Curtin/Projects/TCZ-research/water point GIS/Edited-layers/LGATE-016-filtered_points.shp,33.000000000000000,,,,
-462636.63279872,-1934131.32410206,"1",WaterBody,,,"200702071939","2",Perennial,"1",Manmade,EarthDam,"-99",Unknown,"3",MinorRiver,,,LGATE-016-filtered_points,/Users/293003c/Library/CloudStorage/OneDrive-Curtin/Projects/TCZ-research/water point GIS/Edited-layers/LGATE-016-filtered_points.shp,45.000000000000000,,,,
-552686.021019818,-2001777.86345302,"1",WaterBody,,,"200702071940","2",Perennial,"2",Natural,Pool,"-99",Unknown,"3",MinorRiver,,,LGATE-016-filtered_points,/Users/293003c/Library/CloudStorage/OneDrive-Curtin/Projects/TCZ-research/water point GIS/Edited-layers/LGATE-016-filtered_points.shp,41.000000000000000,,,,
-369790.110280082,-1990935.11802649,"1",WaterBody,Button Creek,Button Creek,"200702071247","2",Perennial,"2",Natural,Pool,"-99",Unknown,"-99",Unknown,,,LGATE-016-filtered_points,/Users/293003c/Library/CloudStorage/OneDrive-Curtin/Projects/TCZ-research/water point GIS/Edited-layers/LGATE-016-filtered_points.shp,33.000000000000000,,,,
-521110.560339226,-1935096.18774152,"1",WaterBody,,,"200702071940","2",Perennial,"2",Natural,Pool,"-99",Unknown,"3",MinorRiver,,,LGATE-016-filtered_points,/Users/293003c/Library/CloudStorage/OneDrive-Curtin/Projects/TCZ-research/water point GIS/Edited-layers/LGATE-016-filtered_points.shp,46.000000000000000,,,,
-483523.180089997,-2010078.51877606,"1",WaterBody,Garden Creek,Garden Creek,"200702071939","2",Perennial,"2",Natural,Pool,"-99",Unknown,"3",MinorRiver,,,LGATE-016-filtered_points,/Users/293003c/Library/CloudStorage/OneDrive-Curtin/Projects/TCZ-research/water point GIS/Edited-layers/LGATE-016-filtered_points.shp,39.000000000000000,,,,
-552666.161203946,-1969495.61836836,"1",WaterBody,,,"200702071940","2",Perennial,"2",Natural,Pool,"-99",Unknown,"3",MinorRiver,,,LGATE-016-filtered_points,/Users/293003c/Library/CloudStorage/OneDrive-Curtin/Projects/TCZ-research/water point GIS/Edited-layers/LGATE-016-filtered_points.shp,40.000000000000000,,,,
-512474.760268383,-2015311.87642505,"1",WaterBody,,,"200702071940","2",Perennial,"2",Natural,Pool,"-99",Unknown,"3",MinorRiver,,,LGATE-016-filtered_points,/Users/293003c/Library/CloudStorage/OneDrive-Curtin/Projects/TCZ-research/water point GIS/Edited-layers/LGATE-016-filtered_points.shp,37.000000000000000,,,,
-551037.349067394,-1953149.17339117,"1",WaterBody,,,"200702071940","2",Perennial,"2",Natural,Pool,"-99",Unknown,"3",MinorRiver,,,LGATE-016-filtered_points,/Users/293003c/Library/CloudStorage/OneDrive-Curtin/Projects/TCZ-research/water point GIS/Edited-layers/LGATE-016-filtered_points.shp,41.000000000000000,,,,
-612342.381857701,-2043338.09077984,"1",WaterBody,Christmas Creek,Christmas Creek,"200702071939","2",Perennial,"2",Natural,Pool,"-99",Unknown,"2",MajorRiver,,,LGATE-016-filtered_points,/Users/293003c/Library/CloudStorage/OneDrive-Curtin/Projects/TCZ-research/water point GIS/Edited-layers/LGATE-016-filtered_points.shp,32.000000000000000,,,,
-489807.924066338,-1938202.01301472,"1",WaterBody,,,"200702071939","2",Perennial,"1",Manmade,EarthDam,"-99",Unknown,"3",MinorRiver,,,LGATE-016-filtered_points,/Users/293003c/Library/CloudStorage/OneDrive-Curtin/Projects/TCZ-research/water point GIS/Edited-layers/LGATE-016-filtered_points.shp,44.000000000000000,,,,
-552772.27322211,-1971053.6624923,"1",WaterBody,,,"200702071940","2",Perennial,"2",Natural,Pool,"-99",Unknown,"3",MinorRiver,,,LGATE-016-filtered_points,/Users/293003c/Library/CloudStorage/OneDrive-Curtin/Projects/TCZ-research/water point GIS/Edited-layers/LGATE-016-filtered_points.shp,40.000000000000000,,,,
-462289.189053948,-2117962.71953112,"1",WaterBody,Sturt Creek,Sturt Creek,"200702071247","2",Perennial,"2",Natural,Pool,"-99",Unknown,"-99",Unknown,,,LGATE-016-filtered_points,/Users/293003c/Library/CloudStorage/OneDrive-Curtin/Projects/TCZ-research/water point GIS/Edited-layers/LGATE-016-filtered_points.shp,28.000000000000000,,,,
-461692.992575394,-2117443.53298726,"1",WaterBody,Sturt Creek,Sturt Creek,"200702071247","2",Perennial,"2",Natural,Pool,"-99",Unknown,"-99",Unknown,,,LGATE-016-filtered_points,/Users/293003c/Library/CloudStorage/OneDrive-Curtin/Projects/TCZ-research/water point GIS/Edited-layers/LGATE-016-filtered_points.shp,28.000000000000000,,,,
-550375.425150768,-1959377.64157452,"1",WaterBody,,,"200702071939","2",Perennial,"2",Natural,Pool,"-99",Unknown,"3",MinorRiver,,,LGATE-016-filtered_points,/Users/293003c/Library/CloudStorage/OneDrive-Curtin/Projects/TCZ-research/water point GIS/Edited-layers/LGATE-016-filtered_points.shp,41.000000000000000,,,,
-610065.988138304,-1997993.06364011,"1",WaterBody,,,"200702071940","2",Perennial,"2",Natural,Pool,"-99",Unknown,"3",MinorRiver,,,LGATE-016-filtered_points,/Users/293003c/Library/CloudStorage/OneDrive-Curtin/Projects/TCZ-research/water point GIS/Edited-layers/LGATE-016-filtered_points.shp,38.000000000000000,,,,
-485409.446940201,-1999262.83956827,"1",WaterBody,,,"200702071940","2",Perennial,"2",Natural,Pool,"-99",Unknown,"3",MinorRiver,,,LGATE-016-filtered_points,/Users/293003c/Library/CloudStorage/OneDrive-Curtin/Projects/TCZ-research/water point GIS/Edited-layers/LGATE-016-filtered_points.shp,39.000000000000000,,,,
-618794.617819237,-1946433.69012549,"1",WaterBody,,,"200702071940","2",Perennial,"2",Natural,Pool,"-99",Unknown,"3",MinorRiver,,,LGATE-016-filtered_points,/Users/293003c/Library/CloudStorage/OneDrive-Curtin/Projects/TCZ-research/water point GIS/Edited-layers/LGATE-016-filtered_points.shp,39.000000000000000,,,,
-512940.690186542,-2023769.49215199,"1",WaterBody,Willy Willy Creek,Willy Willy Creek,"200702071940","2",Perennial,"2",Natural,Pool,"-99",Unknown,"3",MinorRiver,,,LGATE-016-filtered_points,/Users/293003c/Library/CloudStorage/OneDrive-Curtin/Projects/TCZ-research/water point GIS/Edited-layers/LGATE-016-filtered_points.shp,37.000000000000000,,,,
-441601.101589521,-1976953.42310064,"1",WaterBody,Black Elvire River,Black Elvire River,"200702071939","2",Perennial,"2",Natural,Pool,"-99",Unknown,"2",MajorRiver,,,LGATE-016-filtered_points,/Users/293003c/Library/CloudStorage/OneDrive-Curtin/Projects/TCZ-research/water point GIS/Edited-layers/LGATE-016-filtered_points.shp,38.000000000000000,"1",,,
-378848.296082246,-1985980.52236848,"1",WaterBody,,,"200702071247","2",Perennial,"2",Natural,Pool,"-99",Unknown,"-99",Unknown,,,LGATE-016-filtered_points,/Users/293003c/Library/CloudStorage/OneDrive-Curtin/Projects/TCZ-research/water point GIS/Edited-layers/LGATE-016-filtered_points.shp,34.000000000000000,"1",,,
-594158.833772631,-1933966.98071083,"1",WaterBody,Leopold River,Leopold River,"200702071940","2",Perennial,"2",Natural,Pool,"-99",Unknown,"2",MajorRiver,,,LGATE-016-filtered_points,/Users/293003c/Library/CloudStorage/OneDrive-Curtin/Projects/TCZ-research/water point GIS/Edited-layers/LGATE-016-filtered_points.shp,40.000000000000000,,,,
-594773.587585969,-1933971.13445804,"1",WaterBody,Leopold River,Leopold River,"200702071940","2",Perennial,"2",Natural,Pool,"-99",Unknown,"2",MajorRiver,,,LGATE-016-filtered_points,/Users/293003c/Library/CloudStorage/OneDrive-Curtin/Projects/TCZ-research/water point GIS/Edited-layers/LGATE-016-filtered_points.shp,40.000000000000000,,,,
-380918.773604784,-1984347.15344286,"1",WaterBody,,,"200702071247","2",Perennial,"2",Natural,Pool,"-99",Unknown,"-99",Unknown,,,LGATE-016-filtered_points,/Users/293003c/Library/CloudStorage/OneDrive-Curtin/Projects/TCZ-research/water point GIS/Edited-layers/LGATE-016-filtered_points.shp,34.000000000000000,"1",,,
-582427.717074084,-1946150.48694624,"1",WaterBody,,,"200702071939","2",Perennial,"2",Natural,Pool,"-99",Unknown,"3",MinorRiver,,,LGATE-016-filtered_points,/Users/293003c/Library/CloudStorage/OneDrive-Curtin/Projects/TCZ-research/water point GIS/Edited-layers/LGATE-016-filtered_points.shp,41.000000000000000,,,,
-559066.301758558,-1958238.14386475,"1",WaterBody,,,"200702071940","2",Perennial,"2",Natural,Pool,"-99",Unknown,"3",MinorRiver,,,LGATE-016-filtered_points,/Users/293003c/Library/CloudStorage/OneDrive-Curtin/Projects/TCZ-research/water point GIS/Edited-layers/LGATE-016-filtered_points.shp,42.000000000000000,,,,
-551767.37886847,-1947137.6253787,"1",WaterBody,,,"200702071939","2",Perennial,"2",Natural,Pool,"-99",Unknown,"3",MinorRiver,,,LGATE-016-filtered_points,/Users/293003c/Library/CloudStorage/OneDrive-Curtin/Projects/TCZ-research/water point GIS/Edited-layers/LGATE-016-filtered_points.shp,44.000000000000000,,,,
-551306.385361102,-1981371.66292669,"1",WaterBody,Dead Horse Creek,Dead Horse Creek,"200702071940","2",Perennial,"2",Natural,Pool,"-99",Unknown,"3",MinorRiver,,,LGATE-016-filtered_points,/Users/293003c/Library/CloudStorage/OneDrive-Curtin/Projects/TCZ-research/water point GIS/Edited-layers/LGATE-016-filtered_points.shp,40.000000000000000,,,,
-584006.541121502,-1943633.43924725,"1",WaterBody,,,"200702071940","2",Perennial,"2",Natural,Pool,"-99",Unknown,"3",MinorRiver,,,LGATE-016-filtered_points,/Users/293003c/Library/CloudStorage/OneDrive-Curtin/Projects/TCZ-research/water point GIS/Edited-layers/LGATE-016-filtered_points.shp,41.000000000000000,,,,
-393863.253545954,-1985440.47761836,"1",WaterBody,Cow Creek,Cow Creek,"200702071247","2",Perennial,"2",Natural,Pool,"-99",Unknown,"-99",Unknown,,,LGATE-016-filtered_points,/Users/293003c/Library/CloudStorage/OneDrive-Curtin/Projects/TCZ-research/water point GIS/Edited-layers/LGATE-016-filtered_points.shp,35.000000000000000,"1",,,
-571230.125404142,-1971644.70571837,"1",WaterBody,Margaret River,Margaret River,"200702071940","2",Perennial,"2",Natural,Pool,"-99",Unknown,"2",MajorRiver,,,LGATE-016-filtered_points,/Users/293003c/Library/CloudStorage/OneDrive-Curtin/Projects/TCZ-research/water point GIS/Edited-layers/LGATE-016-filtered_points.shp,38.000000000000000,,,,
-583128.530417576,-1948776.5904455,"1",WaterBody,,,"200702071940","2",Perennial,"2",Natural,Pool,"-99",Unknown,"3",MinorRiver,,,LGATE-016-filtered_points,/Users/293003c/Library/CloudStorage/OneDrive-Curtin/Projects/TCZ-research/water point GIS/Edited-layers/LGATE-016-filtered_points.shp,41.000000000000000,,,,
-436550.039325747,-1974502.27283445,"1",WaterBody,Black Elvire River,Black Elvire River,"200702071939","2",Perennial,"2",Natural,Pool,"-99",Unknown,"2",MajorRiver,,,LGATE-016-filtered_points,/Users/293003c/Library/CloudStorage/OneDrive-Curtin/Projects/TCZ-research/water point GIS/Edited-layers/LGATE-016-filtered_points.shp,37.000000000000000,"1",,,
-390552.352942279,-2047950.51394372,"1",WaterBody,Sturt Creek,Sturt Creek,"200702071247","2",Perennial,"2",Natural,Pool,"-99",Unknown,"2",MajorRiver,,,LGATE-016-filtered_points,/Users/293003c/Library/CloudStorage/OneDrive-Curtin/Projects/TCZ-research/water point GIS/Edited-layers/LGATE-016-filtered_points.shp,30.000000000000000,,,,
-389962.207789275,-2046287.70914603,"1",WaterBody,Sturt Creek,Sturt Creek,"200702071247","2",Perennial,"2",Natural,Pool,"-99",Unknown,"2",MajorRiver,,,LGATE-016-filtered_points,/Users/293003c/Library/CloudStorage/OneDrive-Curtin/Projects/TCZ-research/water point GIS/Edited-layers/LGATE-016-filtered_points.shp,30.000000000000000,,,,
-390518.187175419,-2047945.49345679,"1",WaterBody,Sturt Creek,Sturt Creek,"200702071247","2",Perennial,"2",Natural,Pool,"-99",Unknown,"2",MajorRiver,,,LGATE-016-filtered_points,/Users/293003c/Library/CloudStorage/OneDrive-Curtin/Projects/TCZ-research/water point GIS/Edited-layers/LGATE-016-filtered_points.shp,30.000000000000000,,,,
-552592.514211855,-1970772.15039242,"1",WaterBody,,,"200702071940","2",Perennial,"2",Natural,Pool,"-99",Unknown,"3",MinorRiver,,,LGATE-016-filtered_points,/Users/293003c/Library/CloudStorage/OneDrive-Curtin/Projects/TCZ-research/water point GIS/Edited-layers/LGATE-016-filtered_points.shp,40.000000000000000,,,,
-607357.374729208,-1976391.67025768,"1",WaterBody,,,"200702071940","2",Perennial,"2",Natural,Pool,"-99",Unknown,"3",MinorRiver,,,LGATE-016-filtered_points,/Users/293003c/Library/CloudStorage/OneDrive-Curtin/Projects/TCZ-research/water point GIS/Edited-layers/LGATE-016-filtered_points.shp,37.000000000000000,,,,
-583484.29528128,-1949025.94373857,"1",WaterBody,,,"200702071940","2",Perennial,"2",Natural,Pool,"-99",Unknown,"3",MinorRiver,,,LGATE-016-filtered_points,/Users/293003c/Library/CloudStorage/OneDrive-Curtin/Projects/TCZ-research/water point GIS/Edited-layers/LGATE-016-filtered_points.shp,41.000000000000000,,,,
-508502.10707359,-2033217.12518533,"1",WaterBody,,,"200702071939","2",Perennial,"2",Natural,Pool,"-99",Unknown,"3",MinorRiver,,,LGATE-016-filtered_points,/Users/293003c/Library/CloudStorage/OneDrive-Curtin/Projects/TCZ-research/water point GIS/Edited-layers/LGATE-016-filtered_points.shp,37.000000000000000,,,,
-549960.758866776,-1957481.92072788,"1",WaterBody,,,"200702071940","2",Perennial,"2",Natural,Pool,"-99",Unknown,"3",MinorRiver,,,LGATE-016-filtered_points,/Users/293003c/Library/CloudStorage/OneDrive-Curtin/Projects/TCZ-research/water point GIS/Edited-layers/LGATE-016-filtered_points.shp,41.000000000000000,,,,
-504797.048138306,-2018955.09443735,"1",WaterBody,,,"200702071939","2",Perennial,"2",Natural,Pool,"-99",Unknown,"3",MinorRiver,,,LGATE-016-filtered_points,/Users/293003c/Library/CloudStorage/OneDrive-Curtin/Projects/TCZ-research/water point GIS/Edited-layers/LGATE-016-filtered_points.shp,40.000000000000000,,,,
-376963.427393867,-1986454.74356481,"1",WaterBody,,,"200702071247","2",Perennial,"2",Natural,Pool,"-99",Unknown,"-99",Unknown,,,LGATE-016-filtered_points,/Users/293003c/Library/CloudStorage/OneDrive-Curtin/Projects/TCZ-research/water point GIS/Edited-layers/LGATE-016-filtered_points.shp,34.000000000000000,"1",,,
-533215.965732155,-1961947.49034308,"1",WaterBody,Dead Horse Creek,Dead Horse Creek,"200702071939","2",Perennial,"2",Natural,Pool,"-99",Unknown,"3",MinorRiver,,,LGATE-016-filtered_points,/Users/293003c/Library/CloudStorage/OneDrive-Curtin/Projects/TCZ-research/water point GIS/Edited-layers/LGATE-016-filtered_points.shp,42.000000000000000,,,,
-484251.912161938,-1987465.4392419,"1",WaterBody,Mary River,Mary River,"200702071940","2",Perennial,"2",Natural,Pool,"-99",Unknown,"3",MinorRiver,,,LGATE-016-filtered_points,/Users/293003c/Library/CloudStorage/OneDrive-Curtin/Projects/TCZ-research/water point GIS/Edited-layers/LGATE-016-filtered_points.shp,40.000000000000000,,,,
-584826.126927548,-1937568.19526338,"1",WaterBody,,,"200702071940","2",Perennial,"2",Natural,Pool,"-99",Unknown,"3",MinorRiver,,,LGATE-016-filtered_points,/Users/293003c/Library/CloudStorage/OneDrive-Curtin/Projects/TCZ-research/water point GIS/Edited-layers/LGATE-016-filtered_points.shp,41.000000000000000,,,,
-570927.21988518,-1981621.52809697,"1",WaterBody,Margaret River,Margaret River,"200702071940","2",Perennial,"2",Natural,Pool,"-99",Unknown,"2",MajorRiver,,,LGATE-016-filtered_points,/Users/293003c/Library/CloudStorage/OneDrive-Curtin/Projects/TCZ-research/water point GIS/Edited-layers/LGATE-016-filtered_points.shp,37.000000000000000,,,,
-448277.87600098,-1954651.08643008,"1",WaterBody,Elvire River,Elvire River,"200702071940","2",Perennial,"2",Natural,Pool,"-99",Unknown,"3",MinorRiver,,,LGATE-016-filtered_points,/Users/293003c/Library/CloudStorage/OneDrive-Curtin/Projects/TCZ-research/water point GIS/Edited-layers/LGATE-016-filtered_points.shp,41.000000000000000,"1",,,
-552013.581969308,-1936238.71306536,"1",WaterBody,,,"200702071940","2",Perennial,"2",Natural,Pool,"-99",Unknown,"3",MinorRiver,,,LGATE-016-filtered_points,/Users/293003c/Library/CloudStorage/OneDrive-Curtin/Projects/TCZ-research/water point GIS/Edited-layers/LGATE-016-filtered_points.shp,44.000000000000000,,,,
-591365.824952009,-1942382.14855133,"1",WaterBody,,,"200702071939","2",Perennial,"2",Natural,Pool,"-99",Unknown,"3",MinorRiver,,,LGATE-016-filtered_points,/Users/293003c/Library/CloudStorage/OneDrive-Curtin/Projects/TCZ-research/water point GIS/Edited-layers/LGATE-016-filtered_points.shp,43.000000000000000,,,,
-390083.089075986,-1985504.48320889,"1",WaterBody,,,"200702071247","2",Perennial,"2",Natural,Pool,"-99",Unknown,"-99",Unknown,,,LGATE-016-filtered_points,/Users/293003c/Library/CloudStorage/OneDrive-Curtin/Projects/TCZ-research/water point GIS/Edited-layers/LGATE-016-filtered_points.shp,35.000000000000000,"1",,,
-386293.356275706,-1975573.60864718,"1",WaterBody,,,"200702071247","2",Perennial,"1",Manmade,EarthDam,"-99",Unknown,"-99",Unknown,,,LGATE-016-filtered_points,/Users/293003c/Library/CloudStorage/OneDrive-Curtin/Projects/TCZ-research/water point GIS/Edited-layers/LGATE-016-filtered_points.shp,36.000000000000000,"1",,,
-364183.010789496,-1926703.77626814,"1",WaterBody,Nicholson River,Nicholson River,"200702071247","2",Perennial,"2",Natural,Pool,"-99",Unknown,"2",MajorRiver,,,LGATE-016-filtered_points,/Users/293003c/Library/CloudStorage/OneDrive-Curtin/Projects/TCZ-research/water point GIS/Edited-layers/LGATE-016-filtered_points.shp,36.000000000000000,"1",,,
-573586.240830005,-1941411.00028866,"1",WaterBody,,,"200702071940","2",Perennial,"2",Natural,Pool,"-99",Unknown,"3",MinorRiver,,,LGATE-016-filtered_points,/Users/293003c/Library/CloudStorage/OneDrive-Curtin/Projects/TCZ-research/water point GIS/Edited-layers/LGATE-016-filtered_points.shp,43.000000000000000,,,,
-468632.860596565,-2121459.07778041,"1",WaterBody,,,"200702071247","2",Perennial,"2",Natural,Pool,"-99",Unknown,"-99",Unknown,,,LGATE-016-filtered_points,/Users/293003c/Library/CloudStorage/OneDrive-Curtin/Projects/TCZ-research/water point GIS/Edited-layers/LGATE-016-filtered_points.shp,28.000000000000000,,,,
-546488.617443696,-1929138.35089464,"1",WaterBody,,,"200702071939","2",Perennial,"2",Natural,Pool,"-99",Unknown,"3",MinorRiver,,,LGATE-016-filtered_points,/Users/293003c/Library/CloudStorage/OneDrive-Curtin/Projects/TCZ-research/water point GIS/Edited-layers/LGATE-016-filtered_points.shp,44.000000000000000,,,,
-474677.703853654,-1985600.27060524,"1",WaterBody,Mary River,Mary River,"200702071940","2",Perennial,"2",Natural,Pool,"-99",Unknown,"3",MinorRiver,,,LGATE-016-filtered_points,/Users/293003c/Library/CloudStorage/OneDrive-Curtin/Projects/TCZ-research/water point GIS/Edited-layers/LGATE-016-filtered_points.shp,41.000000000000000,,,,
-550879.276911593,-1949206.34647055,"1",WaterBody,,,"200702071939","2",Perennial,"2",Natural,Pool,"-99",Unknown,"3",MinorRiver,,,LGATE-016-filtered_points,/Users/293003c/Library/CloudStorage/OneDrive-Curtin/Projects/TCZ-research/water point GIS/Edited-layers/LGATE-016-filtered_points.shp,44.000000000000000,,,,
-510053.082379895,-1936072.09768235,"1",WaterBody,O'Donnell River,O'Donnell River,"200702071939","2",Perennial,"2",Natural,Pool,"-99",Unknown,"2",MajorRiver,,,LGATE-016-filtered_points,/Users/293003c/Library/CloudStorage/OneDrive-Curtin/Projects/TCZ-research/water point GIS/Edited-layers/LGATE-016-filtered_points.shp,47.000000000000000,,,,
-478437.861261896,-1956656.10302988,"1",WaterBody,,,"200702071939","2",Perennial,"2",Natural,Pool,"-99",Unknown,"3",MinorRiver,,,LGATE-016-filtered_points,/Users/293003c/Library/CloudStorage/OneDrive-Curtin/Projects/TCZ-research/water point GIS/Edited-layers/LGATE-016-filtered_points.shp,43.000000000000000,,,,
-613134.261921792,-1971180.89712717,"1",WaterBody,Margaret River,Margaret River,"200702071940","2",Perennial,"2",Natural,Pool,"-99",Unknown,"2",MajorRiver,,,LGATE-016-filtered_points,/Users/293003c/Library/CloudStorage/OneDrive-Curtin/Projects/TCZ-research/water point GIS/Edited-layers/LGATE-016-filtered_points.shp,36.000000000000000,,,,
-370112.692465843,-1992213.95538061,"1",WaterBody,Button Creek,Button Creek,"200702071247","2",Perennial,"2",Natural,Pool,"-99",Unknown,"-99",Unknown,,,LGATE-016-filtered_points,/Users/293003c/Library/CloudStorage/OneDrive-Curtin/Projects/TCZ-research/water point GIS/Edited-layers/LGATE-016-filtered_points.shp,33.000000000000000,,,,
-351835.104010409,-1940097.52051127,"1",WaterBody,Nicholson River,Nicholson River,"200702071247","2",Perennial,"2",Natural,Pool,"-99",Unknown,"2",MajorRiver,,,LGATE-016-filtered_points,/Users/293003c/Library/CloudStorage/OneDrive-Curtin/Projects/TCZ-research/water point GIS/Edited-layers/LGATE-016-filtered_points.shp,36.000000000000000,"1",,,
-350394.312450196,-1940970.35583123,"1",WaterBody,Nicholson River,Nicholson River,"200702071247","2",Perennial,"2",Natural,Pool,"-99",Unknown,"2",MajorRiver,,,LGATE-016-filtered_points,/Users/293003c/Library/CloudStorage/OneDrive-Curtin/Projects/TCZ-research/water point GIS/Edited-layers/LGATE-016-filtered_points.shp,36.000000000000000,"1",,,
-351426.934786909,-1940168.17118862,"1",WaterBody,Nicholson River,Nicholson River,"200702071247","2",Perennial,"2",Natural,Pool,"-99",Unknown,"2",MajorRiver,,,LGATE-016-filtered_points,/Users/293003c/Library/CloudStorage/OneDrive-Curtin/Projects/TCZ-research/water point GIS/Edited-layers/LGATE-016-filtered_points.shp,36.000000000000000,"1",,,
-553338.169755763,-1959963.32497853,"1",WaterBody,,,"200702071940","2",Perennial,"2",Natural,Pool,"-99",Unknown,"3",MinorRiver,,,LGATE-016-filtered_points,/Users/293003c/Library/CloudStorage/OneDrive-Curtin/Projects/TCZ-research/water point GIS/Edited-layers/LGATE-016-filtered_points.shp,41.000000000000000,,,,
-497752.153151736,-1994135.84252191,"1",WaterBody,Mary River,Mary River,"200702071940","2",Perennial,"2",Natural,Pool,"-99",Unknown,"3",MinorRiver,,,LGATE-016-filtered_points,/Users/293003c/Library/CloudStorage/OneDrive-Curtin/Projects/TCZ-research/water point GIS/Edited-layers/LGATE-016-filtered_points.shp,39.000000000000000,,,,
-567989.439490124,-1936944.2335899,"1",WaterBody,McKinnon Creek,McKinnon Creek,"200702071940","2",Perennial,"2",Natural,Pool,"-99",Unknown,"3",MinorRiver,,,LGATE-016-filtered_points,/Users/293003c/Library/CloudStorage/OneDrive-Curtin/Projects/TCZ-research/water point GIS/Edited-layers/LGATE-016-filtered_points.shp,42.000000000000000,,,,
-438168.452526147,-1965078.3687447,"1",WaterBody,,,"200702071939","2",Perennial,"2",Natural,Pool,"-99",Unknown,"3",MinorRiver,,,LGATE-016-filtered_points,/Users/293003c/Library/CloudStorage/OneDrive-Curtin/Projects/TCZ-research/water point GIS/Edited-layers/LGATE-016-filtered_points.shp,37.000000000000000,"1",,,
-611096.151913322,-1967456.7098167,"1",WaterBody,Margaret River,Margaret River,"200702071939","2",Perennial,"2",Natural,Pool,"-99",Unknown,"2",MajorRiver,,,LGATE-016-filtered_points,/Users/293003c/Library/CloudStorage/OneDrive-Curtin/Projects/TCZ-research/water point GIS/Edited-layers/LGATE-016-filtered_points.shp,36.000000000000000,,,,
-574275.99276289,-1935692.90318045,"1",WaterBody,Little Gold River,Little Gold River,"200702071940","2",Perennial,"2",Natural,Pool,"-99",Unknown,"3",MinorRiver,,,LGATE-016-filtered_points,/Users/293003c/Library/CloudStorage/OneDrive-Curtin/Projects/TCZ-research/water point GIS/Edited-layers/LGATE-016-filtered_points.shp,42.000000000000000,,,,
-513676.650755216,-2023287.03479181,"1",WaterBody,Willy Willy Creek,Willy Willy Creek,"200702071940","2",Perennial,"2",Natural,Pool,"-99",Unknown,"3",MinorRiver,,,LGATE-016-filtered_points,/Users/293003c/Library/CloudStorage/OneDrive-Curtin/Projects/TCZ-research/water point GIS/Edited-layers/LGATE-016-filtered_points.shp,37.000000000000000,,,,
-575961.782541228,-1937061.34509003,"1",WaterBody,Little Gold River,Little Gold River,"200702071939","2",Perennial,"2",Natural,Pool,"-99",Unknown,"3",MinorRiver,,,LGATE-016-filtered_points,/Users/293003c/Library/CloudStorage/OneDrive-Curtin/Projects/TCZ-research/water point GIS/Edited-layers/LGATE-016-filtered_points.shp,42.000000000000000,,,,
-501070.669230376,-2000819.57501215,"1",WaterBody,Garden Creek,Garden Creek,"200702071940","2",Perennial,"2",Natural,Pool,"-99",Unknown,"3",MinorRiver,,,LGATE-016-filtered_points,/Users/293003c/Library/CloudStorage/OneDrive-Curtin/Projects/TCZ-research/water point GIS/Edited-layers/LGATE-016-filtered_points.shp,39.000000000000000,,,,
-529927.423430256,-2009547.1957961,"1",WaterBody,Oollumarra Soak,Oollumarra Soak,"200702071939","2",Perennial,"2",Natural,Pool,"-99",Unknown,"3",MinorRiver,,,LGATE-016-filtered_points,/Users/293003c/Library/CloudStorage/OneDrive-Curtin/Projects/TCZ-research/water point GIS/Edited-layers/LGATE-016-filtered_points.shp,38.000000000000000,,,,
-530085.641966116,-2009585.05821518,"1",WaterBody,Oollumarra Soak,Oollumarra Soak,"200702071939","2",Perennial,"2",Natural,Pool,"-99",Unknown,"3",MinorRiver,,,LGATE-016-filtered_points,/Users/293003c/Library/CloudStorage/OneDrive-Curtin/Projects/TCZ-research/water point GIS/Edited-layers/LGATE-016-filtered_points.shp,38.000000000000000,,,,
-580688.570780605,-1945379.9711992,"1",WaterBody,,,"200702071940","2",Perennial,"2",Natural,Pool,"-99",Unknown,"3",MinorRiver,,,LGATE-016-filtered_points,/Users/293003c/Library/CloudStorage/OneDrive-Curtin/Projects/TCZ-research/water point GIS/Edited-layers/LGATE-016-filtered_points.shp,41.000000000000000,,,,
-530997.83373227,-2026666.77476284,"1",WaterBody,,,"200702071940","2",Perennial,"2",Natural,Pool,"-99",Unknown,"3",MinorRiver,,,LGATE-016-filtered_points,/Users/293003c/Library/CloudStorage/OneDrive-Curtin/Projects/TCZ-research/water point GIS/Edited-layers/LGATE-016-filtered_points.shp,37.000000000000000,,,,
-553162.411975021,-1968443.14750074,"1",WaterBody,,,"200702071940","2",Perennial,"2",Natural,Pool,"-99",Unknown,"3",MinorRiver,,,LGATE-016-filtered_points,/Users/293003c/Library/CloudStorage/OneDrive-Curtin/Projects/TCZ-research/water point GIS/Edited-layers/LGATE-016-filtered_points.shp,40.000000000000000,,,,
-498309.742722151,-1991246.52896873,"1",WaterBody,,,"200702071939","2",Perennial,"1",Manmade,EarthDam,"-99",Unknown,"3",MinorRiver,,,LGATE-016-filtered_points,/Users/293003c/Library/CloudStorage/OneDrive-Curtin/Projects/TCZ-research/water point GIS/Edited-layers/LGATE-016-filtered_points.shp,40.000000000000000,,,,
-606796.233362131,-1952158.62643632,"1",WaterBody,Leopold River,Leopold River,"200702071939","2",Perennial,"2",Natural,Pool,"-99",Unknown,"2",MajorRiver,,,LGATE-016-filtered_points,/Users/293003c/Library/CloudStorage/OneDrive-Curtin/Projects/TCZ-research/water point GIS/Edited-layers/LGATE-016-filtered_points.shp,41.000000000000000,,,,
-607661.45389378,-1950908.43555058,"1",WaterBody,Leopold River,Leopold River,"200702071939","2",Perennial,"2",Natural,Pool,"-99",Unknown,"2",MajorRiver,,,LGATE-016-filtered_points,/Users/293003c/Library/CloudStorage/OneDrive-Curtin/Projects/TCZ-research/water point GIS/Edited-layers/LGATE-016-filtered_points.shp,41.000000000000000,,,,
-437523.133779174,-1975144.43549949,"1",WaterBody,,,"200702071940","2",Perennial,"2",Natural,Pool,"-99",Unknown,"2",MajorRiver,,,LGATE-016-filtered_points,/Users/293003c/Library/CloudStorage/OneDrive-Curtin/Projects/TCZ-research/water point GIS/Edited-layers/LGATE-016-filtered_points.shp,37.000000000000000,"1",,,
-570121.646579321,-1977394.05206088,"1",WaterBody,Margaret River,Margaret River,"200702071939","2",Perennial,"2",Natural,Pool,"-99",Unknown,"2",MajorRiver,,,LGATE-016-filtered_points,/Users/293003c/Library/CloudStorage/OneDrive-Curtin/Projects/TCZ-research/water point GIS/Edited-layers/LGATE-016-filtered_points.shp,37.000000000000000,,,,
-581655.327787296,-1944195.74352037,"1",WaterBody,,,"200702071939","2",Perennial,"2",Natural,Pool,"-99",Unknown,"3",MinorRiver,,,LGATE-016-filtered_points,/Users/293003c/Library/CloudStorage/OneDrive-Curtin/Projects/TCZ-research/water point GIS/Edited-layers/LGATE-016-filtered_points.shp,41.000000000000000,,,,
-587802.311021468,-1961145.50156646,"1",WaterBody,,,"200702071939","2",Perennial,"2",Natural,Pool,"-99",Unknown,"3",MinorRiver,,,LGATE-016-filtered_points,/Users/293003c/Library/CloudStorage/OneDrive-Curtin/Projects/TCZ-research/water point GIS/Edited-layers/LGATE-016-filtered_points.shp,41.000000000000000,,,,
-588448.020382955,-1935454.47478515,"1",WaterBody,Leopold River,Leopold River,"200702071940","2",Perennial,"2",Natural,Pool,"-99",Unknown,"2",MajorRiver,,,LGATE-016-filtered_points,/Users/293003c/Library/CloudStorage/OneDrive-Curtin/Projects/TCZ-research/water point GIS/Edited-layers/LGATE-016-filtered_points.shp,40.000000000000000,,,,
-460864.697885366,-1955562.41396634,"1",WaterBody,,,"200702071939","2",Perennial,"1",Manmade,EarthDam,"-99",Unknown,"3",MinorRiver,,,LGATE-016-filtered_points,/Users/293003c/Library/CloudStorage/OneDrive-Curtin/Projects/TCZ-research/water point GIS/Edited-layers/LGATE-016-filtered_points.shp,44.000000000000000,,,,
-583394.425045272,-1948073.9932563,"1",WaterBody,,,"200702071940","2",Perennial,"2",Natural,Pool,"-99",Unknown,"3",MinorRiver,,,LGATE-016-filtered_points,/Users/293003c/Library/CloudStorage/OneDrive-Curtin/Projects/TCZ-research/water point GIS/Edited-layers/LGATE-016-filtered_points.shp,41.000000000000000,,,,
-569634.61349493,-1968712.01533557,"1",WaterBody,,,"200702071940","2",Perennial,"2",Natural,Pool,"-99",Unknown,"3",MinorRiver,,,LGATE-016-filtered_points,/Users/293003c/Library/CloudStorage/OneDrive-Curtin/Projects/TCZ-research/water point GIS/Edited-layers/LGATE-016-filtered_points.shp,38.000000000000000,,,,
-418046.81292986,-1955064.25571148,"1",WaterBody,Elvire River,Elvire River,"200702071247","2",Perennial,"2",Natural,Pool,"-99",Unknown,"2",MajorRiver,,,LGATE-016-filtered_points,/Users/293003c/Library/CloudStorage/OneDrive-Curtin/Projects/TCZ-research/water point GIS/Edited-layers/LGATE-016-filtered_points.shp,37.000000000000000,"1",,,
-440453.932319978,-1966137.97434435,"1",WaterBody,,,"200702071939","2",Perennial,"2",Natural,Pool,"-99",Unknown,"3",MinorRiver,,,LGATE-016-filtered_points,/Users/293003c/Library/CloudStorage/OneDrive-Curtin/Projects/TCZ-research/water point GIS/Edited-layers/LGATE-016-filtered_points.shp,39.000000000000000,"1",,,
-582883.25988661,-1947859.99066196,"1",WaterBody,,,"200702071940","2",Perennial,"2",Natural,Pool,"-99",Unknown,"3",MinorRiver,,,LGATE-016-filtered_points,/Users/293003c/Library/CloudStorage/OneDrive-Curtin/Projects/TCZ-research/water point GIS/Edited-layers/LGATE-016-filtered_points.shp,41.000000000000000,,,,
-523529.17048002,-2010003.39951661,"1",WaterBody,Laura River,Laura River,"200702071940","2",Perennial,"2",Natural,Pool,"-99",Unknown,"3",MinorRiver,,,LGATE-016-filtered_points,/Users/293003c/Library/CloudStorage/OneDrive-Curtin/Projects/TCZ-research/water point GIS/Edited-layers/LGATE-016-filtered_points.shp,38.000000000000000,,,,
-328973.856499192,-1930591.18992936,"1",WaterBody,,,"200702071247","2",Perennial,"2",Natural,Pool,"-99",Unknown,"2",MajorRiver,,,LGATE-016-filtered_points,/Users/293003c/Library/CloudStorage/OneDrive-Curtin/Projects/TCZ-research/water point GIS/Edited-layers/LGATE-016-filtered_points.shp,36.000000000000000,"1",,,
-400205.953486544,-1924811.55492129,"1",WaterBody,Elvire River,Elvire River,"200702071940","2",Perennial,"2",Natural,Pool,"-99",Unknown,"2",MajorRiver,,,LGATE-016-filtered_points,/Users/293003c/Library/CloudStorage/OneDrive-Curtin/Projects/TCZ-research/water point GIS/Edited-layers/LGATE-016-filtered_points.shp,36.000000000000000,"1",,,
-518943.47305005,-2021527.44654462,"1",WaterBody,Willy Willy Creek,Willy Willy Creek,"200702071940","2",Perennial,"2",Natural,Pool,"-99",Unknown,"3",MinorRiver,,,LGATE-016-filtered_points,/Users/293003c/Library/CloudStorage/OneDrive-Curtin/Projects/TCZ-research/water point GIS/Edited-layers/LGATE-016-filtered_points.shp,37.000000000000000,,,,
-516224.241438927,-2023072.85729507,"1",WaterBody,Willy Willy Creek,Willy Willy Creek,"200702071939","2",Perennial,"2",Natural,Pool,"-99",Unknown,"3",MinorRiver,,,LGATE-016-filtered_points,/Users/293003c/Library/CloudStorage/OneDrive-Curtin/Projects/TCZ-research/water point GIS/Edited-layers/LGATE-016-filtered_points.shp,37.000000000000000,,,,
-614591.921361517,-2009554.75363128,"1",WaterBody,Mount Pierre Creek,Mount Pierre Creek,"200702071940","2",Perennial,"2",Natural,Pool,"-99",Unknown,"3",MinorRiver,,,LGATE-016-filtered_points,/Users/293003c/Library/CloudStorage/OneDrive-Curtin/Projects/TCZ-research/water point GIS/Edited-layers/LGATE-016-filtered_points.shp,35.000000000000000,,,,
-376216.091211582,-1987801.44606823,"1",WaterBody,,,"200702071247","2",Perennial,"2",Natural,Pool,"-99",Unknown,"-99",Unknown,,,LGATE-016-filtered_points,/Users/293003c/Library/CloudStorage/OneDrive-Curtin/Projects/TCZ-research/water point GIS/Edited-layers/LGATE-016-filtered_points.shp,34.000000000000000,"1",,,
-554936.361364648,-1957269.44565419,"1",WaterBody,,,"200702071940","2",Perennial,"2",Natural,Pool,"-99",Unknown,"3",MinorRiver,,,LGATE-016-filtered_points,/Users/293003c/Library/CloudStorage/OneDrive-Curtin/Projects/TCZ-research/water point GIS/Edited-layers/LGATE-016-filtered_points.shp,42.000000000000000,,,,
-375444.724048173,-1989857.74195804,"1",WaterBody,Foster Creek,Foster Creek,"200702071247","2",Perennial,"2",Natural,Pool,"-99",Unknown,"-99",Unknown,,,LGATE-016-filtered_points,/Users/293003c/Library/CloudStorage/OneDrive-Curtin/Projects/TCZ-research/water point GIS/Edited-layers/LGATE-016-filtered_points.shp,33.000000000000000,,,,
-575763.23702869,-2028525.26445008,"1",WaterBody,Christmas Creek,Christmas Creek,"200702071940","2",Perennial,"2",Natural,Pool,"-99",Unknown,"2",MajorRiver,,,LGATE-016-filtered_points,/Users/293003c/Library/CloudStorage/OneDrive-Curtin/Projects/TCZ-research/water point GIS/Edited-layers/LGATE-016-filtered_points.shp,35.000000000000000,,,,
-492091.738595415,-1958301.17133474,"1",WaterBody,Station Creek,Station Creek,"200702071939","2",Perennial,"2",Natural,Pool,"-99",Unknown,"3",MinorRiver,,,LGATE-016-filtered_points,/Users/293003c/Library/CloudStorage/OneDrive-Curtin/Projects/TCZ-research/water point GIS/Edited-layers/LGATE-016-filtered_points.shp,43.000000000000000,,,,
-570571.571246962,-1964845.5373522,"1",WaterBody,,,"200702071940","2",Perennial,"2",Natural,Pool,"-99",Unknown,"3",MinorRiver,,,LGATE-016-filtered_points,/Users/293003c/Library/CloudStorage/OneDrive-Curtin/Projects/TCZ-research/water point GIS/Edited-layers/LGATE-016-filtered_points.shp,38.000000000000000,,,,
-356024.246013297,-1938534.97562287,"1",WaterBody,,,"200702071247","2",Perennial,"2",Natural,Pool,"-99",Unknown,"2",MajorRiver,,,LGATE-016-filtered_points,/Users/293003c/Library/CloudStorage/OneDrive-Curtin/Projects/TCZ-research/water point GIS/Edited-layers/LGATE-016-filtered_points.shp,36.000000000000000,"1",,,
-547406.938372376,-1946272.48614814,"1",WaterBody,,,"200702071939","2",Perennial,"2",Natural,Pool,"-99",Unknown,"3",MinorRiver,,,LGATE-016-filtered_points,/Users/293003c/Library/CloudStorage/OneDrive-Curtin/Projects/TCZ-research/water point GIS/Edited-layers/LGATE-016-filtered_points.shp,44.000000000000000,,,,
-423160.974334194,-1963430.54282155,"1",WaterBody,Elvire River,Elvire River,"200702071940","2",Perennial,"2",Natural,Pool,"-99",Unknown,"2",MajorRiver,,,LGATE-016-filtered_points,/Users/293003c/Library/CloudStorage/OneDrive-Curtin/Projects/TCZ-research/water point GIS/Edited-layers/LGATE-016-filtered_points.shp,36.000000000000000,"1",,,
-425279.128847725,-1972706.39266427,"1",WaterBody,,,"200702071939","2",Perennial,"2",Natural,Pool,"-99",Unknown,"3",MinorRiver,,,LGATE-016-filtered_points,/Users/293003c/Library/CloudStorage/OneDrive-Curtin/Projects/TCZ-research/water point GIS/Edited-layers/LGATE-016-filtered_points.shp,36.000000000000000,"1",,,
-582579.078520836,-1941165.43580664,"1",WaterBody,,,"200702071939","2",Perennial,"2",Natural,Pool,"-99",Unknown,"3",MinorRiver,,,LGATE-016-filtered_points,/Users/293003c/Library/CloudStorage/OneDrive-Curtin/Projects/TCZ-research/water point GIS/Edited-layers/LGATE-016-filtered_points.shp,41.000000000000000,,,,
-354407.348453704,-1939242.68555095,"1",WaterBody,Nicholson River,Nicholson River,"200702071247","2",Perennial,"2",Natural,Pool,"-99",Unknown,"2",MajorRiver,,,LGATE-016-filtered_points,/Users/293003c/Library/CloudStorage/OneDrive-Curtin/Projects/TCZ-research/water point GIS/Edited-layers/LGATE-016-filtered_points.shp,36.000000000000000,"1",,,
-549340.380121052,-1937760.3017271,"1",WaterBody,,,"200702071939","2",Perennial,"2",Natural,Pool,"-99",Unknown,"3",MinorRiver,,,LGATE-016-filtered_points,/Users/293003c/Library/CloudStorage/OneDrive-Curtin/Projects/TCZ-research/water point GIS/Edited-layers/LGATE-016-filtered_points.shp,44.000000000000000,,,,
-325395.712695611,-1929285.43147512,"1",WaterBody,,,"200702071247","2",Perennial,"2",Natural,Pool,"-99",Unknown,"2",MajorRiver,,,LGATE-016-filtered_points,/Users/293003c/Library/CloudStorage/OneDrive-Curtin/Projects/TCZ-research/water point GIS/Edited-layers/LGATE-016-filtered_points.shp,36.000000000000000,"1",,,
-547698.643301144,-1945955.72253928,"1",WaterBody,,,"200702071940","2",Perennial,"2",Natural,Pool,"-99",Unknown,"3",MinorRiver,,,LGATE-016-filtered_points,/Users/293003c/Library/CloudStorage/OneDrive-Curtin/Projects/TCZ-research/water point GIS/Edited-layers/LGATE-016-filtered_points.shp,44.000000000000000,,,,
-375714.298781905,-1989827.42915232,"1",WaterBody,,,"200702071247","2",Perennial,"2",Natural,Pool,"-99",Unknown,"-99",Unknown,,,LGATE-016-filtered_points,/Users/293003c/Library/CloudStorage/OneDrive-Curtin/Projects/TCZ-research/water point GIS/Edited-layers/LGATE-016-filtered_points.shp,33.000000000000000,,,,
-565712.425838338,-1940827.57758404,"1",WaterBody,McKinnon Creek,McKinnon Creek,"200702071939","2",Perennial,"2",Natural,Pool,"-99",Unknown,"3",MinorRiver,,,LGATE-016-filtered_points,/Users/293003c/Library/CloudStorage/OneDrive-Curtin/Projects/TCZ-research/water point GIS/Edited-layers/LGATE-016-filtered_points.shp,43.000000000000000,,,,
-459720.056593733,-1977152.99516609,"1",WaterBody,,,"200702071939","2",Perennial,"1",Manmade,EarthDam,"-99",Unknown,"3",MinorRiver,,,LGATE-016-filtered_points,/Users/293003c/Library/CloudStorage/OneDrive-Curtin/Projects/TCZ-research/water point GIS/Edited-layers/LGATE-016-filtered_points.shp,41.000000000000000,,,,
-325880.258122429,-2066449.57163299,"1",WaterBody,Slatey Creek,Slatey Creek,"200702071247","2",Perennial,"2",Natural,Pool,"-99",Unknown,"-99",Unknown,,,LGATE-016-filtered_points,/Users/293003c/Library/CloudStorage/OneDrive-Curtin/Projects/TCZ-research/water point GIS/Edited-layers/LGATE-016-filtered_points.shp,32.000000000000000,,,,
-606809.985158714,-2036468.23579537,"1",WaterBody,Christmas Creek,Christmas Creek,"200702071939","2",Perennial,"2",Natural,Pool,"-99",Unknown,"2",MajorRiver,,,LGATE-016-filtered_points,/Users/293003c/Library/CloudStorage/OneDrive-Curtin/Projects/TCZ-research/water point GIS/Edited-layers/LGATE-016-filtered_points.shp,33.000000000000000,,,,
-460042.031369657,-1965876.30449967,"1",WaterBody,,,"200702071939","2",Perennial,"1",Manmade,EarthDam,"-99",Unknown,"3",MinorRiver,,,LGATE-016-filtered_points,/Users/293003c/Library/CloudStorage/OneDrive-Curtin/Projects/TCZ-research/water point GIS/Edited-layers/LGATE-016-filtered_points.shp,41.000000000000000,,,,
-601801.553358082,-1980261.90043675,"1",WaterBody,,,"200702071940","2",Perennial,"2",Natural,Pool,"-99",Unknown,"3",MinorRiver,,,LGATE-016-filtered_points,/Users/293003c/Library/CloudStorage/OneDrive-Curtin/Projects/TCZ-research/water point GIS/Edited-layers/LGATE-016-filtered_points.shp,40.000000000000000,,,,
-568213.463229155,-1935013.52090287,"1",WaterBody,Little Gold River,Little Gold River,"200702071939","2",Perennial,"2",Natural,Pool,"-99",Unknown,"3",MinorRiver,,,LGATE-016-filtered_points,/Users/293003c/Library/CloudStorage/OneDrive-Curtin/Projects/TCZ-research/water point GIS/Edited-layers/LGATE-016-filtered_points.shp,42.000000000000000,,,,
-450182.100148755,-1971176.3905309,"1",WaterBody,,,"200702071939","2",Perennial,"2",Natural,Pool,"-99",Unknown,"3",MinorRiver,,,LGATE-016-filtered_points,/Users/293003c/Library/CloudStorage/OneDrive-Curtin/Projects/TCZ-research/water point GIS/Edited-layers/LGATE-016-filtered_points.shp,39.000000000000000,"1",,,
-403167.469286887,-1942374.14800063,"1",WaterBody,Elvire River,Elvire River,"200702071247","2",Perennial,"2",Natural,Pool,"-99",Unknown,"2",MajorRiver,,,LGATE-016-filtered_points,/Users/293003c/Library/CloudStorage/OneDrive-Curtin/Projects/TCZ-research/water point GIS/Edited-layers/LGATE-016-filtered_points.shp,35.000000000000000,"1",,,
-507876.912415347,-2005771.18029899,"1",WaterBody,Mary River,Mary River,"200702071939","2",Perennial,"2",Natural,Pool,"-99",Unknown,"3",MinorRiver,,,LGATE-016-filtered_points,/Users/293003c/Library/CloudStorage/OneDrive-Curtin/Projects/TCZ-research/water point GIS/Edited-layers/LGATE-016-filtered_points.shp,38.000000000000000,,,,
-575178.680677197,-1946789.13344759,"1",WaterBody,,,"200702071939","2",Perennial,"2",Natural,Pool,"-99",Unknown,"3",MinorRiver,,,LGATE-016-filtered_points,/Users/293003c/Library/CloudStorage/OneDrive-Curtin/Projects/TCZ-research/water point GIS/Edited-layers/LGATE-016-filtered_points.shp,43.000000000000000,,,,
-428521.03611291,-1960843.5886206,"1",WaterBody,Elvire River,Elvire River,"200702071940","2",Perennial,"2",Natural,Pool,"-99",Unknown,"2",MajorRiver,,,LGATE-016-filtered_points,/Users/293003c/Library/CloudStorage/OneDrive-Curtin/Projects/TCZ-research/water point GIS/Edited-layers/LGATE-016-filtered_points.shp,37.000000000000000,"1",,,
-595015.335275198,-1955598.64161779,"1",WaterBody,,,"200702071939","2",Perennial,"2",Natural,Pool,"-99",Unknown,"3",MinorRiver,,,LGATE-016-filtered_points,/Users/293003c/Library/CloudStorage/OneDrive-Curtin/Projects/TCZ-research/water point GIS/Edited-layers/LGATE-016-filtered_points.shp,41.000000000000000,,,,
-461052.209616525,-2116657.40931806,"1",WaterBody,Sturt Creek,Sturt Creek,"200702071247","2",Perennial,"2",Natural,Pool,"-99",Unknown,"-99",Unknown,,,LGATE-016-filtered_points,/Users/293003c/Library/CloudStorage/OneDrive-Curtin/Projects/TCZ-research/water point GIS/Edited-layers/LGATE-016-filtered_points.shp,28.000000000000000,,,,
-550946.397771527,-1931480.73728655,"1",WaterBody,Little Gold River,Little Gold River,"200702071939","2",Perennial,"2",Natural,Pool,"-99",Unknown,"3",MinorRiver,,,LGATE-016-filtered_points,/Users/293003c/Library/CloudStorage/OneDrive-Curtin/Projects/TCZ-research/water point GIS/Edited-layers/LGATE-016-filtered_points.shp,44.000000000000000,,,,
-504624.891066227,-2001780.0621056,"1",WaterBody,Mary River,Mary River,"200702071939","2",Perennial,"2",Natural,Pool,"-99",Unknown,"3",MinorRiver,,,LGATE-016-filtered_points,/Users/293003c/Library/CloudStorage/OneDrive-Curtin/Projects/TCZ-research/water point GIS/Edited-layers/LGATE-016-filtered_points.shp,39.000000000000000,,,,
-593312.897782503,-1951173.9078311,"1",WaterBody,,,"200702071939","2",Perennial,"2",Natural,Pool,"-99",Unknown,"3",MinorRiver,,,LGATE-016-filtered_points,/Users/293003c/Library/CloudStorage/OneDrive-Curtin/Projects/TCZ-research/water point GIS/Edited-layers/LGATE-016-filtered_points.shp,43.000000000000000,,,,
-553542.828495784,-1959795.76916768,"1",WaterBody,,,"200702071940","2",Perennial,"2",Natural,Pool,"-99",Unknown,"3",MinorRiver,,,LGATE-016-filtered_points,/Users/293003c/Library/CloudStorage/OneDrive-Curtin/Projects/TCZ-research/water point GIS/Edited-layers/LGATE-016-filtered_points.shp,41.000000000000000,,,,
-352533.524870567,-1940036.21773551,"1",WaterBody,Nicholson River,Nicholson River,"200702071247","2",Perennial,"2",Natural,Pool,"-99",Unknown,"2",MajorRiver,,,LGATE-016-filtered_points,/Users/293003c/Library/CloudStorage/OneDrive-Curtin/Projects/TCZ-research/water point GIS/Edited-layers/LGATE-016-filtered_points.shp,36.000000000000000,"1",,,
-475903.310122901,-1999758.40487997,"1",WaterBody,,,"200702071940","2",Perennial,"2",Natural,Pool,"-99",Unknown,"3",MinorRiver,,,LGATE-016-filtered_points,/Users/293003c/Library/CloudStorage/OneDrive-Curtin/Projects/TCZ-research/water point GIS/Edited-layers/LGATE-016-filtered_points.shp,40.000000000000000,,,,
-547458.986668006,-1945580.33080951,"1",WaterBody,,,"200702071939","2",Perennial,"2",Natural,Pool,"-99",Unknown,"3",MinorRiver,,,LGATE-016-filtered_points,/Users/293003c/Library/CloudStorage/OneDrive-Curtin/Projects/TCZ-research/water point GIS/Edited-layers/LGATE-016-filtered_points.shp,44.000000000000000,,,,
-511636.114769503,-2017662.72421179,"1",WaterBody,,,"200702071939","2",Perennial,"2",Natural,Pool,"-99",Unknown,"3",MinorRiver,,,LGATE-016-filtered_points,/Users/293003c/Library/CloudStorage/OneDrive-Curtin/Projects/TCZ-research/water point GIS/Edited-layers/LGATE-016-filtered_points.shp,37.000000000000000,,,,
-364749.44546309,-1934208.83411464,"1",WaterBody,Bamboo Creek,Bamboo Creek,"200702071247","2",Perennial,"2",Natural,Pool,"-99",Unknown,"-99",Unknown,,,LGATE-016-filtered_points,/Users/293003c/Library/CloudStorage/OneDrive-Curtin/Projects/TCZ-research/water point GIS/Edited-layers/LGATE-016-filtered_points.shp,36.000000000000000,"1",,,
-515164.304808143,-2010300.88779392,"1",WaterBody,Mary River,Mary River,"200702071940","2",Perennial,"2",Natural,Pool,"-99",Unknown,"3",MinorRiver,,,LGATE-016-filtered_points,/Users/293003c/Library/CloudStorage/OneDrive-Curtin/Projects/TCZ-research/water point GIS/Edited-layers/LGATE-016-filtered_points.shp,38.000000000000000,,,,
-546794.957911989,-1960660.47580219,"1",WaterBody,O'Donnell River,O'Donnell River,"200702071940","2",Perennial,"2",Natural,Pool,"-99",Unknown,"2",MajorRiver,,,LGATE-016-filtered_points,/Users/293003c/Library/CloudStorage/OneDrive-Curtin/Projects/TCZ-research/water point GIS/Edited-layers/LGATE-016-filtered_points.shp,41.000000000000000,,,,
-595242.981402279,-1955787.10218044,"1",WaterBody,,,"200702071940","2",Perennial,"2",Natural,Pool,"-99",Unknown,"3",MinorRiver,,,LGATE-016-filtered_points,/Users/293003c/Library/CloudStorage/OneDrive-Curtin/Projects/TCZ-research/water point GIS/Edited-layers/LGATE-016-filtered_points.shp,41.000000000000000,,,,
-549651.170683652,-1956813.6973784,"1",WaterBody,,,"200702071940","2",Perennial,"2",Natural,Pool,"-99",Unknown,"3",MinorRiver,,,LGATE-016-filtered_points,/Users/293003c/Library/CloudStorage/OneDrive-Curtin/Projects/TCZ-research/water point GIS/Edited-layers/LGATE-016-filtered_points.shp,41.000000000000000,,,,
-575990.631622035,-1959016.4459597,"1",WaterBody,,,"200702071940","2",Perennial,"2",Natural,Pool,"-99",Unknown,"3",MinorRiver,,,LGATE-016-filtered_points,/Users/293003c/Library/CloudStorage/OneDrive-Curtin/Projects/TCZ-research/water point GIS/Edited-layers/LGATE-016-filtered_points.shp,41.000000000000000,,,,
-599739.683449555,-1934836.0889419,"1",WaterBody,,,"200702071939","2",Perennial,"2",Natural,Pool,"-99",Unknown,"2",MajorRiver,,,LGATE-016-filtered_points,/Users/293003c/Library/CloudStorage/OneDrive-Curtin/Projects/TCZ-research/water point GIS/Edited-layers/LGATE-016-filtered_points.shp,40.000000000000000,,,,
-599540.997127834,-1934810.17937563,"1",WaterBody,,,"200702071939","2",Perennial,"2",Natural,Pool,"-99",Unknown,"2",MajorRiver,,,LGATE-016-filtered_points,/Users/293003c/Library/CloudStorage/OneDrive-Curtin/Projects/TCZ-research/water point GIS/Edited-layers/LGATE-016-filtered_points.shp,40.000000000000000,,,,
-537893.000461548,-1952842.62805364,"1",WaterBody,O'Donnell River,O'Donnell River,"200702071939","2",Perennial,"2",Natural,Pool,"-99",Unknown,"2",MajorRiver,,,LGATE-016-filtered_points,/Users/293003c/Library/CloudStorage/OneDrive-Curtin/Projects/TCZ-research/water point GIS/Edited-layers/LGATE-016-filtered_points.shp,41.000000000000000,,,,
-537771.550929037,-1953608.84374871,"1",WaterBody,O'Donnell River,O'Donnell River,"200702071939","2",Perennial,"2",Natural,Pool,"-99",Unknown,"2",MajorRiver,,,LGATE-016-filtered_points,/Users/293003c/Library/CloudStorage/OneDrive-Curtin/Projects/TCZ-research/water point GIS/Edited-layers/LGATE-016-filtered_points.shp,41.000000000000000,,,,
-502885.693700595,-1964480.68397595,"1",WaterBody,Lilly Lagoon,Lilly Lagoon,"200702071940","2",Perennial,"2",Natural,Pool,"-99",Unknown,"3",MinorRiver,,,LGATE-016-filtered_points,/Users/293003c/Library/CloudStorage/OneDrive-Curtin/Projects/TCZ-research/water point GIS/Edited-layers/LGATE-016-filtered_points.shp,42.000000000000000,,,,
-600222.945755053,-1964545.56327979,"1",WaterBody,,,"200702071940","2",Perennial,"2",Natural,Pool,"-99",Unknown,"3",MinorRiver,,,LGATE-016-filtered_points,/Users/293003c/Library/CloudStorage/OneDrive-Curtin/Projects/TCZ-research/water point GIS/Edited-layers/LGATE-016-filtered_points.shp,41.000000000000000,,,,
-372900.134020486,-2015289.51064516,"1",WaterBody,,,"200702071247","2",Perennial,"2",Natural,Pool,"-99",Unknown,"-99",Unknown,,,LGATE-016-filtered_points,/Users/293003c/Library/CloudStorage/OneDrive-Curtin/Projects/TCZ-research/water point GIS/Edited-layers/LGATE-016-filtered_points.shp,32.000000000000000,,,,
-595140.944484976,-1978250.74972174,"1",WaterBody,,,"200702071940","2",Perennial,"2",Natural,Pool,"-99",Unknown,"3",MinorRiver,,,LGATE-016-filtered_points,/Users/293003c/Library/CloudStorage/OneDrive-Curtin/Projects/TCZ-research/water point GIS/Edited-layers/LGATE-016-filtered_points.shp,41.000000000000000,,,,
-565515.318605906,-1967857.17938322,"1",WaterBody,O'Donnell River,O'Donnell River,"200702071940","2",Perennial,"2",Natural,Pool,"-99",Unknown,"2",MajorRiver,,,LGATE-016-filtered_points,/Users/293003c/Library/CloudStorage/OneDrive-Curtin/Projects/TCZ-research/water point GIS/Edited-layers/LGATE-016-filtered_points.shp,38.000000000000000,,,,
-550010.813258785,-1958753.04636752,"1",WaterBody,,,"200702071940","2",Perennial,"2",Natural,Pool,"-99",Unknown,"3",MinorRiver,,,LGATE-016-filtered_points,/Users/293003c/Library/CloudStorage/OneDrive-Curtin/Projects/TCZ-research/water point GIS/Edited-layers/LGATE-016-filtered_points.shp,41.000000000000000,,,,
-500277.212636353,-2167683.16959058,"1",WaterBody,,,"200702071247","2",Perennial,"2",Natural,Lake,"-99",Unknown,"-99",Unknown,,,LGATE-016-filtered_points,/Users/293003c/Library/CloudStorage/OneDrive-Curtin/Projects/TCZ-research/water point GIS/Edited-layers/LGATE-016-filtered_points.shp,27.000000000000000,,,,
-539841.030410626,-1958344.07386853,"1",WaterBody,O'Donnell River,O'Donnell River,"200702071939","2",Perennial,"2",Natural,Pool,"-99",Unknown,"2",MajorRiver,,,LGATE-016-filtered_points,/Users/293003c/Library/CloudStorage/OneDrive-Curtin/Projects/TCZ-research/water point GIS/Edited-layers/LGATE-016-filtered_points.shp,41.000000000000000,,,,
-539714.420451011,-1958330.2285605,"1",WaterBody,O'Donnell River,O'Donnell River,"200702071939","2",Perennial,"2",Natural,Pool,"-99",Unknown,"2",MajorRiver,,,LGATE-016-filtered_points,/Users/293003c/Library/CloudStorage/OneDrive-Curtin/Projects/TCZ-research/water point GIS/Edited-layers/LGATE-016-filtered_points.shp,41.000000000000000,,,,
-522598.038524565,-2019000.12968451,"1",WaterBody,Willy Willy Creek,Willy Willy Creek,"200702071940","2",Perennial,"2",Natural,Pool,"-99",Unknown,"3",MinorRiver,,,LGATE-016-filtered_points,/Users/293003c/Library/CloudStorage/OneDrive-Curtin/Projects/TCZ-research/water point GIS/Edited-layers/LGATE-016-filtered_points.shp,37.000000000000000,,,,
-509860.624698178,-2007151.55012995,"1",WaterBody,Mary River,Mary River,"200702071940","2",Perennial,"2",Natural,Pool,"-99",Unknown,"3",MinorRiver,,,LGATE-016-filtered_points,/Users/293003c/Library/CloudStorage/OneDrive-Curtin/Projects/TCZ-research/water point GIS/Edited-layers/LGATE-016-filtered_points.shp,38.000000000000000,,,,
-507227.434158297,-2004175.6341109,"1",WaterBody,Mary River,Mary River,"200702071939","2",Perennial,"2",Natural,Pool,"-99",Unknown,"3",MinorRiver,,,LGATE-016-filtered_points,/Users/293003c/Library/CloudStorage/OneDrive-Curtin/Projects/TCZ-research/water point GIS/Edited-layers/LGATE-016-filtered_points.shp,38.000000000000000,,,,
-363168.517880004,-1928226.00284879,"1",WaterBody,Nicholson River,Nicholson River,"200702071247","2",Perennial,"2",Natural,Pool,"-99",Unknown,"2",MajorRiver,,,LGATE-016-filtered_points,/Users/293003c/Library/CloudStorage/OneDrive-Curtin/Projects/TCZ-research/water point GIS/Edited-layers/LGATE-016-filtered_points.shp,36.000000000000000,"1",,,
-582022.144203417,-1936018.79661983,"1",WaterBody,Little Gold River,Little Gold River,"200702071940","2",Perennial,"2",Natural,Pool,"-99",Unknown,"3",MinorRiver,,,LGATE-016-filtered_points,/Users/293003c/Library/CloudStorage/OneDrive-Curtin/Projects/TCZ-research/water point GIS/Edited-layers/LGATE-016-filtered_points.shp,41.000000000000000,,,,
-553930.297268478,-1956539.81789326,"1",WaterBody,,,"200702071940","2",Perennial,"2",Natural,Pool,"-99",Unknown,"3",MinorRiver,,,LGATE-016-filtered_points,/Users/293003c/Library/CloudStorage/OneDrive-Curtin/Projects/TCZ-research/water point GIS/Edited-layers/LGATE-016-filtered_points.shp,41.000000000000000,,,,
-564474.793647378,-2002433.62889789,"1",WaterBody,Margaret River,Margaret River,"200702071940","2",Perennial,"2",Natural,Pool,"-99",Unknown,"2",MajorRiver,,,LGATE-016-filtered_points,/Users/293003c/Library/CloudStorage/OneDrive-Curtin/Projects/TCZ-research/water point GIS/Edited-layers/LGATE-016-filtered_points.shp,37.000000000000000,,,,
-575041.83151234,-1947867.06666568,"1",WaterBody,,,"200702071940","2",Perennial,"2",Natural,Pool,"-99",Unknown,"3",MinorRiver,,,LGATE-016-filtered_points,/Users/293003c/Library/CloudStorage/OneDrive-Curtin/Projects/TCZ-research/water point GIS/Edited-layers/LGATE-016-filtered_points.shp,43.000000000000000,,,,
-421617.851116762,-1958515.90817103,"1",WaterBody,,,"200702071247","2",Perennial,"2",Natural,Pool,"-99",Unknown,"2",MajorRiver,,,LGATE-016-filtered_points,/Users/293003c/Library/CloudStorage/OneDrive-Curtin/Projects/TCZ-research/water point GIS/Edited-layers/LGATE-016-filtered_points.shp,36.000000000000000,"1",,,
-421604.8256786,-1958190.92585605,"1",WaterBody,,,"200702071247","2",Perennial,"2",Natural,Pool,"-99",Unknown,"2",MajorRiver,,,LGATE-016-filtered_points,/Users/293003c/Library/CloudStorage/OneDrive-Curtin/Projects/TCZ-research/water point GIS/Edited-layers/LGATE-016-filtered_points.shp,36.000000000000000,"1",,,
-477105.321069946,-1998789.19187168,"1",WaterBody,,,"200702071940","2",Perennial,"2",Natural,Pool,"-99",Unknown,"3",MinorRiver,,,LGATE-016-filtered_points,/Users/293003c/Library/CloudStorage/OneDrive-Curtin/Projects/TCZ-research/water point GIS/Edited-layers/LGATE-016-filtered_points.shp,40.000000000000000,,,,
-553208.380792123,-2041442.60306392,"1",WaterBody,Christmas Creek,Christmas Creek,"200702071940","2",Perennial,"2",Natural,Pool,"-99",Unknown,"2",MajorRiver,,,LGATE-016-filtered_points,/Users/293003c/Library/CloudStorage/OneDrive-Curtin/Projects/TCZ-research/water point GIS/Edited-layers/LGATE-016-filtered_points.shp,35.000000000000000,,,,
-474864.404533547,-1985790.57598846,"1",WaterBody,Mary River,Mary River,"200702071939","2",Perennial,"2",Natural,Pool,"-99",Unknown,"3",MinorRiver,,,LGATE-016-filtered_points,/Users/293003c/Library/CloudStorage/OneDrive-Curtin/Projects/TCZ-research/water point GIS/Edited-layers/LGATE-016-filtered_points.shp,41.000000000000000,,,,
-395738.667361782,-1985213.97847813,"1",WaterBody,Cow Creek,Cow Creek,"200702071247","2",Perennial,"2",Natural,Pool,"-99",Unknown,"-99",Unknown,,,LGATE-016-filtered_points,/Users/293003c/Library/CloudStorage/OneDrive-Curtin/Projects/TCZ-research/water point GIS/Edited-layers/LGATE-016-filtered_points.shp,36.000000000000000,"1",,,
-583490.285420154,-1948256.38955311,"1",WaterBody,,,"200702071939","2",Perennial,"2",Natural,Pool,"-99",Unknown,"3",MinorRiver,,,LGATE-016-filtered_points,/Users/293003c/Library/CloudStorage/OneDrive-Curtin/Projects/TCZ-research/water point GIS/Edited-layers/LGATE-016-filtered_points.shp,41.000000000000000,,,,
-506369.63575254,-2002860.36116943,"1",WaterBody,Mary River,Mary River,"200702071940","2",Perennial,"2",Natural,Pool,"-99",Unknown,"3",MinorRiver,,,LGATE-016-filtered_points,/Users/293003c/Library/CloudStorage/OneDrive-Curtin/Projects/TCZ-research/water point GIS/Edited-layers/LGATE-016-filtered_points.shp,39.000000000000000,,,,
-480490.212297003,-1997612.01200159,"1",WaterBody,,,"200702071939","2",Perennial,"2",Natural,Pool,"-99",Unknown,"3",MinorRiver,,,LGATE-016-filtered_points,/Users/293003c/Library/CloudStorage/OneDrive-Curtin/Projects/TCZ-research/water point GIS/Edited-layers/LGATE-016-filtered_points.shp,39.000000000000000,,,,
-553614.170744569,-2036643.85868064,"1",WaterBody,,,"200702071940","2",Perennial,"2",Natural,Pool,"-99",Unknown,"3",MinorRiver,,,LGATE-016-filtered_points,/Users/293003c/Library/CloudStorage/OneDrive-Curtin/Projects/TCZ-research/water point GIS/Edited-layers/LGATE-016-filtered_points.shp,35.000000000000000,,,,
-590417.072218476,-2029881.68905737,"1",WaterBody,Christmas Creek,Christmas Creek,"200702071940","2",Perennial,"2",Natural,Pool,"-99",Unknown,"2",MajorRiver,,,LGATE-016-filtered_points,/Users/293003c/Library/CloudStorage/OneDrive-Curtin/Projects/TCZ-research/water point GIS/Edited-layers/LGATE-016-filtered_points.shp,35.000000000000000,,,,
-581998.286898365,-2028534.03204406,"1",WaterBody,Christmas Creek,Christmas Creek,"200702071939","2",Perennial,"2",Natural,Pool,"-99",Unknown,"2",MajorRiver,,,LGATE-016-filtered_points,/Users/293003c/Library/CloudStorage/OneDrive-Curtin/Projects/TCZ-research/water point GIS/Edited-layers/LGATE-016-filtered_points.shp,35.000000000000000,,,,
-422774.404749311,-1955693.08975665,"1",WaterBody,Brim Creek,Brim Creek,"200702071940","2",Perennial,"2",Natural,Pool,"-99",Unknown,"3",MinorRiver,,,LGATE-016-filtered_points,/Users/293003c/Library/CloudStorage/OneDrive-Curtin/Projects/TCZ-research/water point GIS/Edited-layers/LGATE-016-filtered_points.shp,37.000000000000000,"1",,,
-551562.61161558,-1989262.38553609,"1",WaterBody,,,"200702071940","2",Perennial,"2",Natural,Pool,"-99",Unknown,"3",MinorRiver,,,LGATE-016-filtered_points,/Users/293003c/Library/CloudStorage/OneDrive-Curtin/Projects/TCZ-research/water point GIS/Edited-layers/LGATE-016-filtered_points.shp,38.000000000000000,,,,
-566635.372795903,-1940530.95194365,"1",WaterBody,McKinnon Creek,McKinnon Creek,"200702071939","2",Perennial,"2",Natural,Pool,"-99",Unknown,"3",MinorRiver,,,LGATE-016-filtered_points,/Users/293003c/Library/CloudStorage/OneDrive-Curtin/Projects/TCZ-research/water point GIS/Edited-layers/LGATE-016-filtered_points.shp,43.000000000000000,,,,
-380847.744581078,-1985238.91773729,"1",WaterBody,Foster Creek,Foster Creek,"200702071247","2",Perennial,"2",Natural,Pool,"-99",Unknown,"-99",Unknown,,,LGATE-016-filtered_points,/Users/293003c/Library/CloudStorage/OneDrive-Curtin/Projects/TCZ-research/water point GIS/Edited-layers/LGATE-016-filtered_points.shp,34.000000000000000,"1",,,
-609754.330153367,-2039533.17169848,"1",WaterBody,Christmas Creek,Christmas Creek,"200702071940","2",Perennial,"2",Natural,Pool,"-99",Unknown,"2",MajorRiver,,,LGATE-016-filtered_points,/Users/293003c/Library/CloudStorage/OneDrive-Curtin/Projects/TCZ-research/water point GIS/Edited-layers/LGATE-016-filtered_points.shp,33.000000000000000,,,,
-620053.669679214,-1974255.275152,"1",WaterBody,Margaret River,Margaret River,"200702071940","2",Perennial,"2",Natural,Pool,"-99",Unknown,"2",MajorRiver,,,LGATE-016-filtered_points,/Users/293003c/Library/CloudStorage/OneDrive-Curtin/Projects/TCZ-research/water point GIS/Edited-layers/LGATE-016-filtered_points.shp,37.000000000000000,,,,
-573651.210766308,-1937411.84220056,"1",WaterBody,,,"200702071939","2",Perennial,"2",Natural,Pool,"-99",Unknown,"3",MinorRiver,,,LGATE-016-filtered_points,/Users/293003c/Library/CloudStorage/OneDrive-Curtin/Projects/TCZ-research/water point GIS/Edited-layers/LGATE-016-filtered_points.shp,42.000000000000000,,,,
-552020.211274141,-1935542.30699801,"1",WaterBody,,,"200702071940","2",Perennial,"2",Natural,Pool,"-99",Unknown,"3",MinorRiver,,,LGATE-016-filtered_points,/Users/293003c/Library/CloudStorage/OneDrive-Curtin/Projects/TCZ-research/water point GIS/Edited-layers/LGATE-016-filtered_points.shp,44.000000000000000,,,,
-594944.701355643,-1939946.95278848,"1",WaterBody,,,"200702071939","2",Perennial,"2",Natural,Pool,"-99",Unknown,"3",MinorRiver,,,LGATE-016-filtered_points,/Users/293003c/Library/CloudStorage/OneDrive-Curtin/Projects/TCZ-research/water point GIS/Edited-layers/LGATE-016-filtered_points.shp,40.000000000000000,,,,
-549714.065585871,-1955842.01674798,"1",WaterBody,,,"200702071940","2",Perennial,"2",Natural,Pool,"-99",Unknown,"3",MinorRiver,,,LGATE-016-filtered_points,/Users/293003c/Library/CloudStorage/OneDrive-Curtin/Projects/TCZ-research/water point GIS/Edited-layers/LGATE-016-filtered_points.shp,41.000000000000000,,,,
-585898.827094999,-1955823.67034226,"1",WaterBody,,,"200702071939","2",Perennial,"2",Natural,Pool,"-99",Unknown,"3",MinorRiver,,,LGATE-016-filtered_points,/Users/293003c/Library/CloudStorage/OneDrive-Curtin/Projects/TCZ-research/water point GIS/Edited-layers/LGATE-016-filtered_points.shp,41.000000000000000,,,,
-540756.071336067,-2013094.03674612,"1",WaterBody,Mary River,Mary River,"200702071939","2",Perennial,"2",Natural,Pool,"-99",Unknown,"3",MinorRiver,,,LGATE-016-filtered_points,/Users/293003c/Library/CloudStorage/OneDrive-Curtin/Projects/TCZ-research/water point GIS/Edited-layers/LGATE-016-filtered_points.shp,38.000000000000000,,,,
-541205.694459269,-2012917.83423646,"1",WaterBody,Mary River,Mary River,"200702071939","2",Perennial,"2",Natural,Pool,"-99",Unknown,"3",MinorRiver,,,LGATE-016-filtered_points,/Users/293003c/Library/CloudStorage/OneDrive-Curtin/Projects/TCZ-research/water point GIS/Edited-layers/LGATE-016-filtered_points.shp,38.000000000000000,,,,
-556589.82587466,-2010954.34709708,"1",WaterBody,Margaret River,Margaret River,"200702071940","2",Perennial,"2",Natural,Pool,"-99",Unknown,"2",MajorRiver,,,LGATE-016-filtered_points,/Users/293003c/Library/CloudStorage/OneDrive-Curtin/Projects/TCZ-research/water point GIS/Edited-layers/LGATE-016-filtered_points.shp,35.000000000000000,,,,
-552906.401079364,-1987984.50382238,"1",WaterBody,Gliddon River,Gliddon River,"200702071940","2",Perennial,"2",Natural,Pool,"-99",Unknown,"3",MinorRiver,,,LGATE-016-filtered_points,/Users/293003c/Library/CloudStorage/OneDrive-Curtin/Projects/TCZ-research/water point GIS/Edited-layers/LGATE-016-filtered_points.shp,38.000000000000000,,,,
-423606.278883047,-1962487.0786381,"1",WaterBody,,,"200702071940","2",Perennial,"2",Natural,Pool,"-99",Unknown,"2",MajorRiver,,,LGATE-016-filtered_points,/Users/293003c/Library/CloudStorage/OneDrive-Curtin/Projects/TCZ-research/water point GIS/Edited-layers/LGATE-016-filtered_points.shp,36.000000000000000,"1",,,
-534307.233259993,-1949053.77257155,"1",WaterBody,O'Donnell River,O'Donnell River,"200702071940","2",Perennial,"2",Natural,Pool,"-99",Unknown,"2",MajorRiver,,,LGATE-016-filtered_points,/Users/293003c/Library/CloudStorage/OneDrive-Curtin/Projects/TCZ-research/water point GIS/Edited-layers/LGATE-016-filtered_points.shp,44.000000000000000,,,,
-573268.643603775,-1940452.48308837,"1",WaterBody,,,"200702071940","2",Perennial,"2",Natural,Pool,"-99",Unknown,"3",MinorRiver,,,LGATE-016-filtered_points,/Users/293003c/Library/CloudStorage/OneDrive-Curtin/Projects/TCZ-research/water point GIS/Edited-layers/LGATE-016-filtered_points.shp,43.000000000000000,,,,
-568520.029968627,-1968520.86323646,"1",WaterBody,,,"200702071940","2",Perennial,"2",Natural,Pool,"-99",Unknown,"3",MinorRiver,,,LGATE-016-filtered_points,/Users/293003c/Library/CloudStorage/OneDrive-Curtin/Projects/TCZ-research/water point GIS/Edited-layers/LGATE-016-filtered_points.shp,38.000000000000000,,,,
-590995.416652973,-1938271.20220129,"1",WaterBody,,,"200702071939","2",Perennial,"2",Natural,Pool,"-99",Unknown,"3",MinorRiver,,,LGATE-016-filtered_points,/Users/293003c/Library/CloudStorage/OneDrive-Curtin/Projects/TCZ-research/water point GIS/Edited-layers/LGATE-016-filtered_points.shp,40.000000000000000,,,,
-577397.664867212,-2028331.72758296,"1",WaterBody,Christmas Creek,Christmas Creek,"200702071940","2",Perennial,"2",Natural,Pool,"-99",Unknown,"2",MajorRiver,,,LGATE-016-filtered_points,/Users/293003c/Library/CloudStorage/OneDrive-Curtin/Projects/TCZ-research/water point GIS/Edited-layers/LGATE-016-filtered_points.shp,35.000000000000000,,,,
-325420.528712723,-2066736.46507093,"1",WaterBody,Slatey Creek,Slatey Creek,"200702071247","2",Perennial,"2",Natural,Pool,"-99",Unknown,"-99",Unknown,,,LGATE-016-filtered_points,/Users/293003c/Library/CloudStorage/OneDrive-Curtin/Projects/TCZ-research/water point GIS/Edited-layers/LGATE-016-filtered_points.shp,32.000000000000000,,,,
-474614.004038123,-2000400.87423756,"1",WaterBody,,,"200702071940","2",Perennial,"2",Natural,Pool,"-99",Unknown,"3",MinorRiver,,,LGATE-016-filtered_points,/Users/293003c/Library/CloudStorage/OneDrive-Curtin/Projects/TCZ-research/water point GIS/Edited-layers/LGATE-016-filtered_points.shp,40.000000000000000,,,,
-572689.227770796,-1961001.34406736,"1",WaterBody,,,"200702071940","2",Perennial,"2",Natural,Pool,"-99",Unknown,"3",MinorRiver,,,LGATE-016-filtered_points,/Users/293003c/Library/CloudStorage/OneDrive-Curtin/Projects/TCZ-research/water point GIS/Edited-layers/LGATE-016-filtered_points.shp,42.000000000000000,,,,
-582005.597220213,-1944429.93697297,"1",WaterBody,,,"200702071939","2",Perennial,"2",Natural,Pool,"-99",Unknown,"3",MinorRiver,,,LGATE-016-filtered_points,/Users/293003c/Library/CloudStorage/OneDrive-Curtin/Projects/TCZ-research/water point GIS/Edited-layers/LGATE-016-filtered_points.shp,41.000000000000000,,,,
-550159.460232383,-1990845.52850607,"1",WaterBody,,,"200702071940","2",Perennial,"2",Natural,Pool,"-99",Unknown,"3",MinorRiver,,,LGATE-016-filtered_points,/Users/293003c/Library/CloudStorage/OneDrive-Curtin/Projects/TCZ-research/water point GIS/Edited-layers/LGATE-016-filtered_points.shp,38.000000000000000,,,,
-484044.769600195,-2163508.87433494,"1",WaterBody,,,"200702071247","2",Perennial,"2",Natural,Lake,"-99",Unknown,"-99",Unknown,,,LGATE-016-filtered_points,/Users/293003c/Library/CloudStorage/OneDrive-Curtin/Projects/TCZ-research/water point GIS/Edited-layers/LGATE-016-filtered_points.shp,26.000000000000000,,,,
-596768.761884703,-1964427.33208838,"1",WaterBody,Margaret River,Margaret River,"200702071940","2",Perennial,"2",Natural,Pool,"-99",Unknown,"2",MajorRiver,,,LGATE-016-filtered_points,/Users/293003c/Library/CloudStorage/OneDrive-Curtin/Projects/TCZ-research/water point GIS/Edited-layers/LGATE-016-filtered_points.shp,38.000000000000000,,,,
-596593.516984715,-1964297.92506256,"1",WaterBody,Margaret River,Margaret River,"200702071940","2",Perennial,"2",Natural,Pool,"-99",Unknown,"2",MajorRiver,,,LGATE-016-filtered_points,/Users/293003c/Library/CloudStorage/OneDrive-Curtin/Projects/TCZ-research/water point GIS/Edited-layers/LGATE-016-filtered_points.shp,38.000000000000000,,,,
-576879.137972203,-2028415.13416232,"1",WaterBody,Christmas Creek,Christmas Creek,"200702071940","2",Perennial,"2",Natural,Pool,"-99",Unknown,"2",MajorRiver,,,LGATE-016-filtered_points,/Users/293003c/Library/CloudStorage/OneDrive-Curtin/Projects/TCZ-research/water point GIS/Edited-layers/LGATE-016-filtered_points.shp,35.000000000000000,,,,
-569991.075410331,-1984682.10750918,"1",WaterBody,Margaret River,Margaret River,"200702071939","2",Perennial,"2",Natural,Pool,"-99",Unknown,"2",MajorRiver,,,LGATE-016-filtered_points,/Users/293003c/Library/CloudStorage/OneDrive-Curtin/Projects/TCZ-research/water point GIS/Edited-layers/LGATE-016-filtered_points.shp,37.000000000000000,,,,
-573104.839772075,-1938373.86223312,"1",WaterBody,,,"200702071940","2",Perennial,"2",Natural,Pool,"-99",Unknown,"3",MinorRiver,,,LGATE-016-filtered_points,/Users/293003c/Library/CloudStorage/OneDrive-Curtin/Projects/TCZ-research/water point GIS/Edited-layers/LGATE-016-filtered_points.shp,42.000000000000000,,,,
-582154.526650038,-1935828.93846381,"1",WaterBody,Little Gold River,Little Gold River,"200702071940","2",Perennial,"2",Natural,Pool,"-99",Unknown,"3",MinorRiver,,,LGATE-016-filtered_points,/Users/293003c/Library/CloudStorage/OneDrive-Curtin/Projects/TCZ-research/water point GIS/Edited-layers/LGATE-016-filtered_points.shp,41.000000000000000,,,,
-593662.165298063,-1964361.84199446,"1",WaterBody,Margaret River,Margaret River,"200702071940","2",Perennial,"2",Natural,Pool,"-99",Unknown,"2",MajorRiver,,,LGATE-016-filtered_points,/Users/293003c/Library/CloudStorage/OneDrive-Curtin/Projects/TCZ-research/water point GIS/Edited-layers/LGATE-016-filtered_points.shp,38.000000000000000,,,,
-443541.947421406,-1970901.98390103,"1",WaterBody,,,"200702071939","2",Perennial,"1",Manmade,EarthDam,"-99",Unknown,"3",MinorRiver,,,LGATE-016-filtered_points,/Users/293003c/Library/CloudStorage/OneDrive-Curtin/Projects/TCZ-research/water point GIS/Edited-layers/LGATE-016-filtered_points.shp,38.000000000000000,"1",,,
-443655.739192188,-1970159.57900844,"1",WaterBody,,,"200702071939","2",Perennial,"1",Manmade,EarthDam,"-99",Unknown,"3",MinorRiver,,,LGATE-016-filtered_points,/Users/293003c/Library/CloudStorage/OneDrive-Curtin/Projects/TCZ-research/water point GIS/Edited-layers/LGATE-016-filtered_points.shp,38.000000000000000,"1",,,
-443456.676761383,-1969930.62068506,"1",WaterBody,,,"200702071939","2",Perennial,"1",Manmade,EarthDam,"-99",Unknown,"3",MinorRiver,,,LGATE-016-filtered_points,/Users/293003c/Library/CloudStorage/OneDrive-Curtin/Projects/TCZ-research/water point GIS/Edited-layers/LGATE-016-filtered_points.shp,38.000000000000000,"1",,,
-443209.956230662,-1969626.96207316,"1",WaterBody,,,"200702071939","2",Perennial,"1",Manmade,EarthDam,"-99",Unknown,"3",MinorRiver,,,LGATE-016-filtered_points,/Users/293003c/Library/CloudStorage/OneDrive-Curtin/Projects/TCZ-research/water point GIS/Edited-layers/LGATE-016-filtered_points.shp,38.000000000000000,"1",,,
-443111.696810632,-1969563.18037669,"1",WaterBody,,,"200702071939","2",Perennial,"1",Manmade,EarthDam,"-99",Unknown,"3",MinorRiver,,,LGATE-016-filtered_points,/Users/293003c/Library/CloudStorage/OneDrive-Curtin/Projects/TCZ-research/water point GIS/Edited-layers/LGATE-016-filtered_points.shp,38.000000000000000,"1",,,
-443176.959112091,-1970713.7061899,"1",WaterBody,,,"200702071939","2",Perennial,"1",Manmade,EarthDam,"-99",Unknown,"3",MinorRiver,,,LGATE-016-filtered_points,/Users/293003c/Library/CloudStorage/OneDrive-Curtin/Projects/TCZ-research/water point GIS/Edited-layers/LGATE-016-filtered_points.shp,38.000000000000000,"1",,,
-616171.658317705,-1974404.36042839,"1",WaterBody,,,"200702071940","2",Perennial,"2",Natural,Pool,"-99",Unknown,"3",MinorRiver,,,LGATE-016-filtered_points,/Users/293003c/Library/CloudStorage/OneDrive-Curtin/Projects/TCZ-research/water point GIS/Edited-layers/LGATE-016-filtered_points.shp,36.000000000000000,,,,
-479753.888081633,-1998030.24111414,"1",WaterBody,,,"200702071939","2",Perennial,"2",Natural,Pool,"-99",Unknown,"3",MinorRiver,,,LGATE-016-filtered_points,/Users/293003c/Library/CloudStorage/OneDrive-Curtin/Projects/TCZ-research/water point GIS/Edited-layers/LGATE-016-filtered_points.shp,39.000000000000000,,,,
-582478.904658176,-1946086.68208197,"1",WaterBody,,,"200702071940","2",Perennial,"2",Natural,Pool,"-99",Unknown,"3",MinorRiver,,,LGATE-016-filtered_points,/Users/293003c/Library/CloudStorage/OneDrive-Curtin/Projects/TCZ-research/water point GIS/Edited-layers/LGATE-016-filtered_points.shp,41.000000000000000,,,,
-603168.313010646,-1976737.02875888,"1",WaterBody,,,"200702071940","2",Perennial,"2",Natural,Pool,"-99",Unknown,"3",MinorRiver,,,LGATE-016-filtered_points,/Users/293003c/Library/CloudStorage/OneDrive-Curtin/Projects/TCZ-research/water point GIS/Edited-layers/LGATE-016-filtered_points.shp,40.000000000000000,,,,
-583262.999844739,-1989534.20100054,"1",WaterBody,Palm Spring Creek,Palm Spring Creek,"200702071940","2",Perennial,"2",Natural,Pool,"-99",Unknown,"3",MinorRiver,,,LGATE-016-filtered_points,/Users/293003c/Library/CloudStorage/OneDrive-Curtin/Projects/TCZ-research/water point GIS/Edited-layers/LGATE-016-filtered_points.shp,37.000000000000000,,,,
-543374.463360728,-1957664.36211654,"1",WaterBody,O'Donnell River,O'Donnell River,"200702071940","2",Perennial,"2",Natural,Pool,"-99",Unknown,"2",MajorRiver,,,LGATE-016-filtered_points,/Users/293003c/Library/CloudStorage/OneDrive-Curtin/Projects/TCZ-research/water point GIS/Edited-layers/LGATE-016-filtered_points.shp,41.000000000000000,,,,
-538268.537165315,-1957762.10935173,"1",WaterBody,O'Donnell River,O'Donnell River,"200702071940","2",Perennial,"2",Natural,Pool,"-99",Unknown,"2",MajorRiver,,,LGATE-016-filtered_points,/Users/293003c/Library/CloudStorage/OneDrive-Curtin/Projects/TCZ-research/water point GIS/Edited-layers/LGATE-016-filtered_points.shp,41.000000000000000,,,,
-581584.933003329,-2021842.86556294,"1",WaterBody,,,"200702071939","2",Perennial,"2",Natural,Pool,"-99",Unknown,"3",MinorRiver,,,LGATE-016-filtered_points,/Users/293003c/Library/CloudStorage/OneDrive-Curtin/Projects/TCZ-research/water point GIS/Edited-layers/LGATE-016-filtered_points.shp,35.000000000000000,,,,
-441042.12880797,-1976618.88764205,"1",WaterBody,Black Elvire River,Black Elvire River,"200702071940","2",Perennial,"2",Natural,Pool,"-99",Unknown,"2",MajorRiver,,,LGATE-016-filtered_points,/Users/293003c/Library/CloudStorage/OneDrive-Curtin/Projects/TCZ-research/water point GIS/Edited-layers/LGATE-016-filtered_points.shp,38.000000000000000,"1",,,
-563250.329947727,-1936147.96692303,"1",WaterBody,Little Gold River,Little Gold River,"200702071940","2",Perennial,"2",Natural,Pool,"-99",Unknown,"3",MinorRiver,,,LGATE-016-filtered_points,/Users/293003c/Library/CloudStorage/OneDrive-Curtin/Projects/TCZ-research/water point GIS/Edited-layers/LGATE-016-filtered_points.shp,42.000000000000000,,,,
-617024.594221321,-1975143.57097082,"1",WaterBody,,,"200702071940","2",Perennial,"2",Natural,Pool,"-99",Unknown,"3",MinorRiver,,,LGATE-016-filtered_points,/Users/293003c/Library/CloudStorage/OneDrive-Curtin/Projects/TCZ-research/water point GIS/Edited-layers/LGATE-016-filtered_points.shp,37.000000000000000,,,,
-454778.274554045,-1957092.62164715,"1",WaterBody,,,"200702071939","2",Perennial,"1",Manmade,EarthDam,"-99",Unknown,"3",MinorRiver,,,LGATE-016-filtered_points,/Users/293003c/Library/CloudStorage/OneDrive-Curtin/Projects/TCZ-research/water point GIS/Edited-layers/LGATE-016-filtered_points.shp,41.000000000000000,"1",,,
-582478.605543314,-1946371.51755167,"1",WaterBody,,,"200702071939","2",Perennial,"2",Natural,Pool,"-99",Unknown,"3",MinorRiver,,,LGATE-016-filtered_points,/Users/293003c/Library/CloudStorage/OneDrive-Curtin/Projects/TCZ-research/water point GIS/Edited-layers/LGATE-016-filtered_points.shp,41.000000000000000,,,,
-567567.950311252,-1936746.93638419,"1",WaterBody,McKinnon Creek,McKinnon Creek,"200702071940","2",Perennial,"2",Natural,Pool,"-99",Unknown,"3",MinorRiver,,,LGATE-016-filtered_points,/Users/293003c/Library/CloudStorage/OneDrive-Curtin/Projects/TCZ-research/water point GIS/Edited-layers/LGATE-016-filtered_points.shp,42.000000000000000,,,,
-482249.065805851,-1997692.3653553,"1",WaterBody,,,"200702071940","2",Perennial,"2",Natural,Pool,"-99",Unknown,"3",MinorRiver,,,LGATE-016-filtered_points,/Users/293003c/Library/CloudStorage/OneDrive-Curtin/Projects/TCZ-research/water point GIS/Edited-layers/LGATE-016-filtered_points.shp,39.000000000000000,,,,
-329075.109873493,-1930289.41046913,"1",WaterBody,,,"200702071247","2",Perennial,"2",Natural,Pool,"-99",Unknown,"-99",Unknown,,,LGATE-016-filtered_points,/Users/293003c/Library/CloudStorage/OneDrive-Curtin/Projects/TCZ-research/water point GIS/Edited-layers/LGATE-016-filtered_points.shp,36.000000000000000,"1",,,
-505302.458135765,-1965336.63287093,"1",WaterBody,Margaret River,Margaret River,"200702071939","2",Perennial,"2",Natural,Pool,"-99",Unknown,"3",MinorRiver,,,LGATE-016-filtered_points,/Users/293003c/Library/CloudStorage/OneDrive-Curtin/Projects/TCZ-research/water point GIS/Edited-layers/LGATE-016-filtered_points.shp,42.000000000000000,,,,
-385692.255869024,-1929516.13967463,"1",WaterBody,Turner River,Turner River,"200702071247","2",Perennial,"2",Natural,Pool,"-99",Unknown,"-99",Unknown,,,LGATE-016-filtered_points,/Users/293003c/Library/CloudStorage/OneDrive-Curtin/Projects/TCZ-research/water point GIS/Edited-layers/LGATE-016-filtered_points.shp,36.000000000000000,"1",,,
-515963.086802744,-1969513.33860515,"1",WaterBody,,,"200702071939","2",Perennial,"1",Manmade,EarthDam,"-99",Unknown,"3",MinorRiver,,,LGATE-016-filtered_points,/Users/293003c/Library/CloudStorage/OneDrive-Curtin/Projects/TCZ-research/water point GIS/Edited-layers/LGATE-016-filtered_points.shp,43.000000000000000,,,,
-515715.160381308,-1969149.84821519,"1",WaterBody,,,"200702071939","2",Perennial,"1",Manmade,EarthDam,"-99",Unknown,"3",MinorRiver,,,LGATE-016-filtered_points,/Users/293003c/Library/CloudStorage/OneDrive-Curtin/Projects/TCZ-research/water point GIS/Edited-layers/LGATE-016-filtered_points.shp,43.000000000000000,,,,
-495768.408147493,-2015851.18906303,"1",WaterBody,Hangman Creek,Hangman Creek,"200702071940","2",Perennial,"2",Natural,Pool,"-99",Unknown,"3",MinorRiver,,,LGATE-016-filtered_points,/Users/293003c/Library/CloudStorage/OneDrive-Curtin/Projects/TCZ-research/water point GIS/Edited-layers/LGATE-016-filtered_points.shp,38.000000000000000,,,,
-559080.961870733,-1957840.8719079,"1",WaterBody,,,"200702071940","2",Perennial,"2",Natural,Pool,"-99",Unknown,"3",MinorRiver,,,LGATE-016-filtered_points,/Users/293003c/Library/CloudStorage/OneDrive-Curtin/Projects/TCZ-research/water point GIS/Edited-layers/LGATE-016-filtered_points.shp,42.000000000000000,,,,
-550377.495581803,-1980362.19484342,"1",WaterBody,Dead Horse Creek,Dead Horse Creek,"200702071939","2",Perennial,"2",Natural,Pool,"-99",Unknown,"3",MinorRiver,,,LGATE-016-filtered_points,/Users/293003c/Library/CloudStorage/OneDrive-Curtin/Projects/TCZ-research/water point GIS/Edited-layers/LGATE-016-filtered_points.shp,40.000000000000000,,,,
-511084.184641507,-1933748.9215356,"1",WaterBody,Watery River,Watery River,"200702071939","2",Perennial,"2",Natural,Pool,"-99",Unknown,"3",MinorRiver,,,LGATE-016-filtered_points,/Users/293003c/Library/CloudStorage/OneDrive-Curtin/Projects/TCZ-research/water point GIS/Edited-layers/LGATE-016-filtered_points.shp,47.000000000000000,,,,
-511228.143418859,-1932778.72792944,"1",WaterBody,Watery River,Watery River,"200702071939","2",Perennial,"2",Natural,Pool,"-99",Unknown,"3",MinorRiver,,,LGATE-016-filtered_points,/Users/293003c/Library/CloudStorage/OneDrive-Curtin/Projects/TCZ-research/water point GIS/Edited-layers/LGATE-016-filtered_points.shp,47.000000000000000,,,,
-582600.95860791,-1946808.12929408,"1",WaterBody,,,"200702071940","2",Perennial,"2",Natural,Pool,"-99",Unknown,"3",MinorRiver,,,LGATE-016-filtered_points,/Users/293003c/Library/CloudStorage/OneDrive-Curtin/Projects/TCZ-research/water point GIS/Edited-layers/LGATE-016-filtered_points.shp,41.000000000000000,,,,
-497698.158203701,-1993842.2902325,"1",WaterBody,Mary River,Mary River,"200702071940","2",Perennial,"2",Natural,Pool,"-99",Unknown,"3",MinorRiver,,,LGATE-016-filtered_points,/Users/293003c/Library/CloudStorage/OneDrive-Curtin/Projects/TCZ-research/water point GIS/Edited-layers/LGATE-016-filtered_points.shp,39.000000000000000,,,,
-441656.033218987,-2159600.32315684,"1",WaterBody,,,"200702071247","2",Perennial,"2",Natural,Lake,"-99",Unknown,"-99",Unknown,,,LGATE-016-filtered_points,/Users/293003c/Library/CloudStorage/OneDrive-Curtin/Projects/TCZ-research/water point GIS/Edited-layers/LGATE-016-filtered_points.shp,26.000000000000000,,,,
-574317.570288263,-1958555.06974464,"1",WaterBody,,,"200702071940","2",Perennial,"2",Natural,Pool,"-99",Unknown,"3",MinorRiver,,,LGATE-016-filtered_points,/Users/293003c/Library/CloudStorage/OneDrive-Curtin/Projects/TCZ-research/water point GIS/Edited-layers/LGATE-016-filtered_points.shp,42.000000000000000,,,,
-567068.746669888,-1936139.80006071,"1",WaterBody,Little Gold River,Little Gold River,"200702071939","2",Perennial,"2",Natural,Pool,"-99",Unknown,"3",MinorRiver,,,LGATE-016-filtered_points,/Users/293003c/Library/CloudStorage/OneDrive-Curtin/Projects/TCZ-research/water point GIS/Edited-layers/LGATE-016-filtered_points.shp,42.000000000000000,,,,
-566949.9489313,-1936208.31055366,"1",WaterBody,Little Gold River,Little Gold River,"200702071939","2",Perennial,"2",Natural,Pool,"-99",Unknown,"3",MinorRiver,,,LGATE-016-filtered_points,/Users/293003c/Library/CloudStorage/OneDrive-Curtin/Projects/TCZ-research/water point GIS/Edited-layers/LGATE-016-filtered_points.shp,42.000000000000000,,,,
-510028.367521683,-1936277.1853853,"1",WaterBody,O'Donnell River,O'Donnell River,"200702071939","2",Perennial,"2",Natural,Pool,"-99",Unknown,"2",MajorRiver,,,LGATE-016-filtered_points,/Users/293003c/Library/CloudStorage/OneDrive-Curtin/Projects/TCZ-research/water point GIS/Edited-layers/LGATE-016-filtered_points.shp,47.000000000000000,,,,
-570523.185880807,-1971852.26453947,"1",WaterBody,Margaret River,Margaret River,"200702071940","2",Perennial,"2",Natural,Pool,"-99",Unknown,"2",MajorRiver,,,LGATE-016-filtered_points,/Users/293003c/Library/CloudStorage/OneDrive-Curtin/Projects/TCZ-research/water point GIS/Edited-layers/LGATE-016-filtered_points.shp,38.000000000000000,,,,
-456811.911436909,-2117629.49628117,"1",WaterBody,,,"200702071247","2",Perennial,"2",Natural,Pool,"-99",Unknown,"-99",Unknown,,,LGATE-016-filtered_points,/Users/293003c/Library/CloudStorage/OneDrive-Curtin/Projects/TCZ-research/water point GIS/Edited-layers/LGATE-016-filtered_points.shp,28.000000000000000,,,,
-497628.948729331,-1991813.45338101,"1",WaterBody,,,"200702071940","2",Perennial,"2",Natural,Pool,"-99",Unknown,"3",MinorRiver,,,LGATE-016-filtered_points,/Users/293003c/Library/CloudStorage/OneDrive-Curtin/Projects/TCZ-research/water point GIS/Edited-layers/LGATE-016-filtered_points.shp,40.000000000000000,,,,
-549491.872707534,-1948412.68821311,"1",WaterBody,,,"200702071940","2",Perennial,"2",Natural,Pool,"-99",Unknown,"3",MinorRiver,,,LGATE-016-filtered_points,/Users/293003c/Library/CloudStorage/OneDrive-Curtin/Projects/TCZ-research/water point GIS/Edited-layers/LGATE-016-filtered_points.shp,44.000000000000000,,,,
-436778.08668537,-1969919.08962204,"1",WaterBody,,,"200702071940","2",Perennial,"2",Natural,Pool,"-99",Unknown,"2",MajorRiver,,,LGATE-016-filtered_points,/Users/293003c/Library/CloudStorage/OneDrive-Curtin/Projects/TCZ-research/water point GIS/Edited-layers/LGATE-016-filtered_points.shp,37.000000000000000,"1",,,
-598638.143127925,-1937850.46567279,"1",WaterBody,,,"200702071939","2",Perennial,"2",Natural,Pool,"-99",Unknown,"3",MinorRiver,,,LGATE-016-filtered_points,/Users/293003c/Library/CloudStorage/OneDrive-Curtin/Projects/TCZ-research/water point GIS/Edited-layers/LGATE-016-filtered_points.shp,40.000000000000000,,,,
-590949.616233506,-1936501.86183894,"1",WaterBody,,,"200702071940","2",Perennial,"2",Natural,Pool,"-99",Unknown,"3",MinorRiver,,,LGATE-016-filtered_points,/Users/293003c/Library/CloudStorage/OneDrive-Curtin/Projects/TCZ-research/water point GIS/Edited-layers/LGATE-016-filtered_points.shp,40.000000000000000,,,,
-359704.222271171,-1933219.59312587,"1",WaterBody,Nicholson River,Nicholson River,"200702071247","2",Perennial,"2",Natural,Pool,"-99",Unknown,"2",MajorRiver,,,LGATE-016-filtered_points,/Users/293003c/Library/CloudStorage/OneDrive-Curtin/Projects/TCZ-research/water point GIS/Edited-layers/LGATE-016-filtered_points.shp,36.000000000000000,"1",,,
-543761.039578655,-1958577.01459378,"1",WaterBody,O'Donnell River,O'Donnell River,"200702071940","2",Perennial,"2",Natural,Pool,"-99",Unknown,"2",MajorRiver,,,LGATE-016-filtered_points,/Users/293003c/Library/CloudStorage/OneDrive-Curtin/Projects/TCZ-research/water point GIS/Edited-layers/LGATE-016-filtered_points.shp,41.000000000000000,,,,
-554155.385661622,-1966571.47633006,"1",WaterBody,,,"200702071940","2",Perennial,"2",Natural,Pool,"-99",Unknown,"3",MinorRiver,,,LGATE-016-filtered_points,/Users/293003c/Library/CloudStorage/OneDrive-Curtin/Projects/TCZ-research/water point GIS/Edited-layers/LGATE-016-filtered_points.shp,40.000000000000000,,,,
-589882.745079852,-1964859.56504427,"1",WaterBody,Margaret River,Margaret River,"200702071940","2",Perennial,"2",Natural,Pool,"-99",Unknown,"2",MajorRiver,,,LGATE-016-filtered_points,/Users/293003c/Library/CloudStorage/OneDrive-Curtin/Projects/TCZ-research/water point GIS/Edited-layers/LGATE-016-filtered_points.shp,38.000000000000000,,,,
-588547.578285038,-1965789.73962804,"1",WaterBody,Margaret River,Margaret River,"200702071940","2",Perennial,"2",Natural,Pool,"-99",Unknown,"2",MajorRiver,,,LGATE-016-filtered_points,/Users/293003c/Library/CloudStorage/OneDrive-Curtin/Projects/TCZ-research/water point GIS/Edited-layers/LGATE-016-filtered_points.shp,38.000000000000000,,,,
-587916.38484026,-1967546.77440861,"1",WaterBody,Margaret River,Margaret River,"200702071940","2",Perennial,"2",Natural,Pool,"-99",Unknown,"2",MajorRiver,,,LGATE-016-filtered_points,/Users/293003c/Library/CloudStorage/OneDrive-Curtin/Projects/TCZ-research/water point GIS/Edited-layers/LGATE-016-filtered_points.shp,38.000000000000000,,,,
-586499.896838764,-1968745.40772803,"1",WaterBody,Margaret River,Margaret River,"200702071940","2",Perennial,"2",Natural,Pool,"-99",Unknown,"2",MajorRiver,,,LGATE-016-filtered_points,/Users/293003c/Library/CloudStorage/OneDrive-Curtin/Projects/TCZ-research/water point GIS/Edited-layers/LGATE-016-filtered_points.shp,38.000000000000000,,,,
-584953.534739313,-1969110.16774782,"1",WaterBody,Margaret River,Margaret River,"200702071940","2",Perennial,"2",Natural,Pool,"-99",Unknown,"2",MajorRiver,,,LGATE-016-filtered_points,/Users/293003c/Library/CloudStorage/OneDrive-Curtin/Projects/TCZ-research/water point GIS/Edited-layers/LGATE-016-filtered_points.shp,37.000000000000000,,,,
-586551.334847025,-1968854.43538244,"1",WaterBody,Margaret River,Margaret River,"200702071940","2",Perennial,"2",Natural,Pool,"-99",Unknown,"2",MajorRiver,,,LGATE-016-filtered_points,/Users/293003c/Library/CloudStorage/OneDrive-Curtin/Projects/TCZ-research/water point GIS/Edited-layers/LGATE-016-filtered_points.shp,38.000000000000000,,,,
-587949.779245944,-1967654.20798074,"1",WaterBody,Margaret River,Margaret River,"200702071940","2",Perennial,"2",Natural,Pool,"-99",Unknown,"2",MajorRiver,,,LGATE-016-filtered_points,/Users/293003c/Library/CloudStorage/OneDrive-Curtin/Projects/TCZ-research/water point GIS/Edited-layers/LGATE-016-filtered_points.shp,38.000000000000000,,,,
-588632.921490311,-1965856.36883392,"1",WaterBody,Margaret River,Margaret River,"200702071940","2",Perennial,"2",Natural,Pool,"-99",Unknown,"2",MajorRiver,,,LGATE-016-filtered_points,/Users/293003c/Library/CloudStorage/OneDrive-Curtin/Projects/TCZ-research/water point GIS/Edited-layers/LGATE-016-filtered_points.shp,38.000000000000000,,,,
-589926.000402339,-1964894.23419564,"1",WaterBody,Margaret River,Margaret River,"200702071940","2",Perennial,"2",Natural,Pool,"-99",Unknown,"2",MajorRiver,,,LGATE-016-filtered_points,/Users/293003c/Library/CloudStorage/OneDrive-Curtin/Projects/TCZ-research/water point GIS/Edited-layers/LGATE-016-filtered_points.shp,38.000000000000000,,,,
-509791.133535798,-2007069.33542776,"1",WaterBody,Mary River,Mary River,"200702071940","2",Perennial,"2",Natural,Pool,"-99",Unknown,"3",MinorRiver,,,LGATE-016-filtered_points,/Users/293003c/Library/CloudStorage/OneDrive-Curtin/Projects/TCZ-research/water point GIS/Edited-layers/LGATE-016-filtered_points.shp,38.000000000000000,,,,
-507735.259391561,-2027787.39975032,"1",WaterBody,Willy Willy Creek,Willy Willy Creek,"200702071940","2",Perennial,"2",Natural,Pool,"-99",Unknown,"3",MinorRiver,,,LGATE-016-filtered_points,/Users/293003c/Library/CloudStorage/OneDrive-Curtin/Projects/TCZ-research/water point GIS/Edited-layers/LGATE-016-filtered_points.shp,37.000000000000000,,,,
-594989.215804965,-1939531.95386382,"1",WaterBody,,,"200702071940","2",Perennial,"2",Natural,Pool,"-99",Unknown,"3",MinorRiver,,,LGATE-016-filtered_points,/Users/293003c/Library/CloudStorage/OneDrive-Curtin/Projects/TCZ-research/water point GIS/Edited-layers/LGATE-016-filtered_points.shp,40.000000000000000,,,,
-574772.574570558,-1958672.52149221,"1",WaterBody,,,"200702071940","2",Perennial,"2",Natural,Pool,"-99",Unknown,"3",MinorRiver,,,LGATE-016-filtered_points,/Users/293003c/Library/CloudStorage/OneDrive-Curtin/Projects/TCZ-research/water point GIS/Edited-layers/LGATE-016-filtered_points.shp,42.000000000000000,,,,
-550126.631327831,-1936585.63520242,"1",WaterBody,,,"200702071939","2",Perennial,"2",Natural,Pool,"-99",Unknown,"3",MinorRiver,,,LGATE-016-filtered_points,/Users/293003c/Library/CloudStorage/OneDrive-Curtin/Projects/TCZ-research/water point GIS/Edited-layers/LGATE-016-filtered_points.shp,44.000000000000000,,,,
-571197.751262058,-1982325.43941727,"1",WaterBody,Margaret River,Margaret River,"200702071939","2",Perennial,"2",Natural,Pool,"-99",Unknown,"2",MajorRiver,,,LGATE-016-filtered_points,/Users/293003c/Library/CloudStorage/OneDrive-Curtin/Projects/TCZ-research/water point GIS/Edited-layers/LGATE-016-filtered_points.shp,37.000000000000000,,,,
-552985.913500383,-1960992.52113977,"1",WaterBody,O'Donnell River,O'Donnell River,"200702071939","2",Perennial,"2",Natural,Pool,"-99",Unknown,"2",MajorRiver,,,LGATE-016-filtered_points,/Users/293003c/Library/CloudStorage/OneDrive-Curtin/Projects/TCZ-research/water point GIS/Edited-layers/LGATE-016-filtered_points.shp,41.000000000000000,,,,
-554957.629527036,-1957374.59837796,"1",WaterBody,,,"200702071940","2",Perennial,"2",Natural,Pool,"-99",Unknown,"3",MinorRiver,,,LGATE-016-filtered_points,/Users/293003c/Library/CloudStorage/OneDrive-Curtin/Projects/TCZ-research/water point GIS/Edited-layers/LGATE-016-filtered_points.shp,42.000000000000000,,,,
-583698.503216797,-1949450.70540858,"1",WaterBody,,,"200702071940","2",Perennial,"2",Natural,Pool,"-99",Unknown,"3",MinorRiver,,,LGATE-016-filtered_points,/Users/293003c/Library/CloudStorage/OneDrive-Curtin/Projects/TCZ-research/water point GIS/Edited-layers/LGATE-016-filtered_points.shp,41.000000000000000,,,,
-512079.818048704,-1929559.23470907,"1",WaterBody,Watery River,Watery River,"200702071939","2",Perennial,"2",Natural,Pool,"-99",Unknown,"3",MinorRiver,,,LGATE-016-filtered_points,/Users/293003c/Library/CloudStorage/OneDrive-Curtin/Projects/TCZ-research/water point GIS/Edited-layers/LGATE-016-filtered_points.shp,47.000000000000000,,,,
-412090.809040321,-2064365.7439451,"1",WaterBody,,,"200702071247","2",Perennial,"2",Natural,Pool,"-99",Unknown,"-99",Unknown,,,LGATE-016-filtered_points,/Users/293003c/Library/CloudStorage/OneDrive-Curtin/Projects/TCZ-research/water point GIS/Edited-layers/LGATE-016-filtered_points.shp,29.000000000000000,,,,
-569787.463344677,-1978477.73386881,"1",WaterBody,Margaret River,Margaret River,"200702071939","2",Perennial,"2",Natural,Pool,"-99",Unknown,"2",MajorRiver,,,LGATE-016-filtered_points,/Users/293003c/Library/CloudStorage/OneDrive-Curtin/Projects/TCZ-research/water point GIS/Edited-layers/LGATE-016-filtered_points.shp,37.000000000000000,,,,
-569825.290090127,-1978426.57188427,"1",WaterBody,Margaret River,Margaret River,"200702071939","2",Perennial,"2",Natural,Pool,"-99",Unknown,"2",MajorRiver,,,LGATE-016-filtered_points,/Users/293003c/Library/CloudStorage/OneDrive-Curtin/Projects/TCZ-research/water point GIS/Edited-layers/LGATE-016-filtered_points.shp,37.000000000000000,,,,
-547621.386658509,-1946458.75250415,"1",WaterBody,,,"200702071940","2",Perennial,"2",Natural,Pool,"-99",Unknown,"3",MinorRiver,,,LGATE-016-filtered_points,/Users/293003c/Library/CloudStorage/OneDrive-Curtin/Projects/TCZ-research/water point GIS/Edited-layers/LGATE-016-filtered_points.shp,44.000000000000000,,,,
-512941.004869179,-2023761.01150167,"1",WaterBody,Willy Willy Creek,Willy Willy Creek,"200702071939","2",Perennial,"2",Natural,Pool,"-99",Unknown,"3",MinorRiver,,,LGATE-016-filtered_points,/Users/293003c/Library/CloudStorage/OneDrive-Curtin/Projects/TCZ-research/water point GIS/Edited-layers/LGATE-016-filtered_points.shp,37.000000000000000,,,,
-553409.130163067,-1961739.17193045,"1",WaterBody,O'Donnell River,O'Donnell River,"200702071939","2",Perennial,"2",Natural,Pool,"-99",Unknown,"2",MajorRiver,,,LGATE-016-filtered_points,/Users/293003c/Library/CloudStorage/OneDrive-Curtin/Projects/TCZ-research/water point GIS/Edited-layers/LGATE-016-filtered_points.shp,40.000000000000000,,,,
-488659.233707236,-1969318.36058374,"1",WaterBody,,,"200702071940","2",Perennial,"2",Natural,Lake,"-99",Unknown,"3",MinorRiver,,,LGATE-016-filtered_points,/Users/293003c/Library/CloudStorage/OneDrive-Curtin/Projects/TCZ-research/water point GIS/Edited-layers/LGATE-016-filtered_points.shp,42.000000000000000,,,,
-571455.433410139,-1935132.731044,"1",WaterBody,Little Gold River,Little Gold River,"200702071939","2",Perennial,"2",Natural,Pool,"-99",Unknown,"3",MinorRiver,,,LGATE-016-filtered_points,/Users/293003c/Library/CloudStorage/OneDrive-Curtin/Projects/TCZ-research/water point GIS/Edited-layers/LGATE-016-filtered_points.shp,42.000000000000000,,,,
-570810.615015147,-1935144.84742877,"1",WaterBody,Little Gold River,Little Gold River,"200702071939","2",Perennial,"2",Natural,Pool,"-99",Unknown,"3",MinorRiver,,,LGATE-016-filtered_points,/Users/293003c/Library/CloudStorage/OneDrive-Curtin/Projects/TCZ-research/water point GIS/Edited-layers/LGATE-016-filtered_points.shp,42.000000000000000,,,,
-487196.061300239,-1968123.10244802,"1",WaterBody,,,"200702071940","2",Perennial,"2",Natural,Lake,"-99",Unknown,"3",MinorRiver,,,LGATE-016-filtered_points,/Users/293003c/Library/CloudStorage/OneDrive-Curtin/Projects/TCZ-research/water point GIS/Edited-layers/LGATE-016-filtered_points.shp,42.000000000000000,,,,
-498078.107067185,-2001686.20532194,"1",WaterBody,Garden Creek,Garden Creek,"200702071940","2",Perennial,"2",Natural,Pool,"-99",Unknown,"3",MinorRiver,,,LGATE-016-filtered_points,/Users/293003c/Library/CloudStorage/OneDrive-Curtin/Projects/TCZ-research/water point GIS/Edited-layers/LGATE-016-filtered_points.shp,39.000000000000000,,,,
-397410.878926958,-1927866.14159181,"1",WaterBody,Elvire River,Elvire River,"200702071940","2",Perennial,"2",Natural,Pool,"-99",Unknown,"3",MinorRiver,,,LGATE-016-filtered_points,/Users/293003c/Library/CloudStorage/OneDrive-Curtin/Projects/TCZ-research/water point GIS/Edited-layers/LGATE-016-filtered_points.shp,36.000000000000000,"1",,,
-551535.479859466,-1960991.61159491,"1",WaterBody,O'Donnell River,O'Donnell River,"200702071939","2",Perennial,"2",Natural,Pool,"-99",Unknown,"2",MajorRiver,,,LGATE-016-filtered_points,/Users/293003c/Library/CloudStorage/OneDrive-Curtin/Projects/TCZ-research/water point GIS/Edited-layers/LGATE-016-filtered_points.shp,41.000000000000000,,,,
-591546.393528062,-1939944.1627845,"1",WaterBody,,,"200702071940","2",Perennial,"2",Natural,Pool,"-99",Unknown,"3",MinorRiver,,,LGATE-016-filtered_points,/Users/293003c/Library/CloudStorage/OneDrive-Curtin/Projects/TCZ-research/water point GIS/Edited-layers/LGATE-016-filtered_points.shp,40.000000000000000,,,,
-437093.6584162,-1970506.08384842,"1",WaterBody,Black Elvire River,Black Elvire River,"200702071939","2",Perennial,"2",Natural,Pool,"-99",Unknown,"2",MajorRiver,,,LGATE-016-filtered_points,/Users/293003c/Library/CloudStorage/OneDrive-Curtin/Projects/TCZ-research/water point GIS/Edited-layers/LGATE-016-filtered_points.shp,37.000000000000000,"1",,,
-586019.935500805,-1959344.66865424,"1",WaterBody,,,"200702071939","2",Perennial,"2",Natural,Pool,"-99",Unknown,"3",MinorRiver,,,LGATE-016-filtered_points,/Users/293003c/Library/CloudStorage/OneDrive-Curtin/Projects/TCZ-research/water point GIS/Edited-layers/LGATE-016-filtered_points.shp,41.000000000000000,,,,
-430344.480965419,-1962721.62161205,"1",WaterBody,Black Elvire River,Black Elvire River,"200702071939","2",Perennial,"2",Natural,Pool,"-99",Unknown,"2",MajorRiver,,,LGATE-016-filtered_points,/Users/293003c/Library/CloudStorage/OneDrive-Curtin/Projects/TCZ-research/water point GIS/Edited-layers/LGATE-016-filtered_points.shp,37.000000000000000,"1",,,
-388554.824453838,-1986011.224217,"1",WaterBody,Cow Creek,Cow Creek,"200702071247","2",Perennial,"2",Natural,Pool,"-99",Unknown,"-99",Unknown,,,LGATE-016-filtered_points,/Users/293003c/Library/CloudStorage/OneDrive-Curtin/Projects/TCZ-research/water point GIS/Edited-layers/LGATE-016-filtered_points.shp,35.000000000000000,"1",,,
-477074.26691795,-1998877.28999896,"1",WaterBody,,,"200702071940","2",Perennial,"2",Natural,Pool,"-99",Unknown,"3",MinorRiver,,,LGATE-016-filtered_points,/Users/293003c/Library/CloudStorage/OneDrive-Curtin/Projects/TCZ-research/water point GIS/Edited-layers/LGATE-016-filtered_points.shp,40.000000000000000,,,,
-511474.565061851,-2018049.0808518,"1",WaterBody,,,"200702071940","2",Perennial,"2",Natural,Pool,"-99",Unknown,"3",MinorRiver,,,LGATE-016-filtered_points,/Users/293003c/Library/CloudStorage/OneDrive-Curtin/Projects/TCZ-research/water point GIS/Edited-layers/LGATE-016-filtered_points.shp,37.000000000000000,,,,
-573195.471105241,-1959441.42725544,"1",WaterBody,,,"200702071939","2",Perennial,"2",Natural,Pool,"-99",Unknown,"3",MinorRiver,,,LGATE-016-filtered_points,/Users/293003c/Library/CloudStorage/OneDrive-Curtin/Projects/TCZ-research/water point GIS/Edited-layers/LGATE-016-filtered_points.shp,42.000000000000000,,,,
-478237.300453592,-1998505.6450824,"1",WaterBody,,,"200702071940","2",Perennial,"2",Natural,Pool,"-99",Unknown,"3",MinorRiver,,,LGATE-016-filtered_points,/Users/293003c/Library/CloudStorage/OneDrive-Curtin/Projects/TCZ-research/water point GIS/Edited-layers/LGATE-016-filtered_points.shp,40.000000000000000,,,,
-407695.468198055,-1948023.8542728,"1",WaterBody,,,"200702071247","2",Perennial,"2",Natural,Pool,"-99",Unknown,"2",MajorRiver,,,LGATE-016-filtered_points,/Users/293003c/Library/CloudStorage/OneDrive-Curtin/Projects/TCZ-research/water point GIS/Edited-layers/LGATE-016-filtered_points.shp,36.000000000000000,"1",,,
-364282.312785779,-1932578.81805983,"1",WaterBody,Bamboo Creek,Bamboo Creek,"200702071247","2",Perennial,"2",Natural,Pool,"-99",Unknown,"-99",Unknown,,,LGATE-016-filtered_points,/Users/293003c/Library/CloudStorage/OneDrive-Curtin/Projects/TCZ-research/water point GIS/Edited-layers/LGATE-016-filtered_points.shp,36.000000000000000,"1",,,
-551770.228404475,-1988743.48865595,"1",WaterBody,Gliddon River,Gliddon River,"200702071940","2",Perennial,"2",Natural,Pool,"-99",Unknown,"3",MinorRiver,,,LGATE-016-filtered_points,/Users/293003c/Library/CloudStorage/OneDrive-Curtin/Projects/TCZ-research/water point GIS/Edited-layers/LGATE-016-filtered_points.shp,38.000000000000000,,,,
-486657.208777506,-1948152.50338888,"1",WaterBody,,,"200702071939","2",Perennial,"1",Manmade,EarthDam,"-99",Unknown,"3",MinorRiver,,,LGATE-016-filtered_points,/Users/293003c/Library/CloudStorage/OneDrive-Curtin/Projects/TCZ-research/water point GIS/Edited-layers/LGATE-016-filtered_points.shp,43.000000000000000,,,,
-519584.560373474,-2011136.47383866,"1",WaterBody,Mary River,Mary River,"200702071939","2",Perennial,"2",Natural,Pool,"-99",Unknown,"3",MinorRiver,,,LGATE-016-filtered_points,/Users/293003c/Library/CloudStorage/OneDrive-Curtin/Projects/TCZ-research/water point GIS/Edited-layers/LGATE-016-filtered_points.shp,38.000000000000000,,,,
-439643.408335518,-1975657.93914767,"1",WaterBody,,,"200702071939","2",Perennial,"2",Natural,Pool,"-99",Unknown,"3",MinorRiver,,,LGATE-016-filtered_points,/Users/293003c/Library/CloudStorage/OneDrive-Curtin/Projects/TCZ-research/water point GIS/Edited-layers/LGATE-016-filtered_points.shp,38.000000000000000,"1",,,
-519477.497538739,-2003315.09520082,"1",WaterBody,Laura River,Laura River,"200702071939","2",Perennial,"2",Natural,Pool,"-99",Unknown,"3",MinorRiver,,,LGATE-016-filtered_points,/Users/293003c/Library/CloudStorage/OneDrive-Curtin/Projects/TCZ-research/water point GIS/Edited-layers/LGATE-016-filtered_points.shp,39.000000000000000,,,,
-355199.58205234,-1924800.35741059,"1",WaterBody,Lighthouse Rockhole,Lighthouse Rockhole,"200702071247","2",Perennial,"2",Natural,Pool,"-99",Unknown,"-99",Unknown,,,LGATE-016-filtered_points,/Users/293003c/Library/CloudStorage/OneDrive-Curtin/Projects/TCZ-research/water point GIS/Edited-layers/LGATE-016-filtered_points.shp,36.000000000000000,"1",,,
-496244.32358612,-2001381.81273369,"1",WaterBody,Garden Creek,Garden Creek,"200702071940","2",Perennial,"2",Natural,Pool,"-99",Unknown,"3",MinorRiver,,,LGATE-016-filtered_points,/Users/293003c/Library/CloudStorage/OneDrive-Curtin/Projects/TCZ-research/water point GIS/Edited-layers/LGATE-016-filtered_points.shp,39.000000000000000,,,,
-585735.94660633,-1957942.82246839,"1",WaterBody,,,"200702071940","2",Perennial,"2",Natural,Pool,"-99",Unknown,"3",MinorRiver,,,LGATE-016-filtered_points,/Users/293003c/Library/CloudStorage/OneDrive-Curtin/Projects/TCZ-research/water point GIS/Edited-layers/LGATE-016-filtered_points.shp,41.000000000000000,,,,
-514181.157182299,-2008743.83538338,"1",WaterBody,,,"200702071939","2",Perennial,"2",Natural,Pool,"-99",Unknown,"3",MinorRiver,,,LGATE-016-filtered_points,/Users/293003c/Library/CloudStorage/OneDrive-Curtin/Projects/TCZ-research/water point GIS/Edited-layers/LGATE-016-filtered_points.shp,38.000000000000000,,,,
-495088.998991003,-2158591.52871863,"1",WaterBody,,,"200702071247","2",Perennial,"2",Natural,Lake,"-99",Unknown,"-99",Unknown,,,LGATE-016-filtered_points,/Users/293003c/Library/CloudStorage/OneDrive-Curtin/Projects/TCZ-research/water point GIS/Edited-layers/LGATE-016-filtered_points.shp,27.000000000000000,,,,
-483884.204096321,-1986904.03083804,"1",WaterBody,Mary River,Mary River,"200702071940","2",Perennial,"2",Natural,Pool,"-99",Unknown,"3",MinorRiver,,,LGATE-016-filtered_points,/Users/293003c/Library/CloudStorage/OneDrive-Curtin/Projects/TCZ-research/water point GIS/Edited-layers/LGATE-016-filtered_points.shp,40.000000000000000,,,,
-476692.266617186,-1953420.98474213,"1",WaterBody,Station Creek,Station Creek,"200702071939","2",Perennial,"2",Natural,Pool,"-99",Unknown,"3",MinorRiver,,,LGATE-016-filtered_points,/Users/293003c/Library/CloudStorage/OneDrive-Curtin/Projects/TCZ-research/water point GIS/Edited-layers/LGATE-016-filtered_points.shp,43.000000000000000,,,,
-379026.928266353,-1985803.38222754,"1",WaterBody,,,"200702071247","2",Perennial,"2",Natural,Pool,"-99",Unknown,"-99",Unknown,,,LGATE-016-filtered_points,/Users/293003c/Library/CloudStorage/OneDrive-Curtin/Projects/TCZ-research/water point GIS/Edited-layers/LGATE-016-filtered_points.shp,34.000000000000000,"1",,,
-564511.743958263,-1966884.09005518,"1",WaterBody,O'Donnell River,O'Donnell River,"200702071939","2",Perennial,"2",Natural,Pool,"-99",Unknown,"2",MajorRiver,,,LGATE-016-filtered_points,/Users/293003c/Library/CloudStorage/OneDrive-Curtin/Projects/TCZ-research/water point GIS/Edited-layers/LGATE-016-filtered_points.shp,38.000000000000000,,,,
-507449.866488173,-2004476.73830066,"1",WaterBody,Mary River,Mary River,"200702071940","2",Perennial,"2",Natural,Pool,"-99",Unknown,"3",MinorRiver,,,LGATE-016-filtered_points,/Users/293003c/Library/CloudStorage/OneDrive-Curtin/Projects/TCZ-research/water point GIS/Edited-layers/LGATE-016-filtered_points.shp,38.000000000000000,,,,
-469280.656983597,-2122476.11267433,"1",WaterBody,,,"200702071247","2",Perennial,"2",Natural,Pool,"-99",Unknown,"-99",Unknown,,,LGATE-016-filtered_points,/Users/293003c/Library/CloudStorage/OneDrive-Curtin/Projects/TCZ-research/water point GIS/Edited-layers/LGATE-016-filtered_points.shp,28.000000000000000,,,,
-428602.731744609,-1960670.18161907,"1",WaterBody,Elvire River,Elvire River,"200702071939","2",Perennial,"2",Natural,Pool,"-99",Unknown,"2",MajorRiver,,,LGATE-016-filtered_points,/Users/293003c/Library/CloudStorage/OneDrive-Curtin/Projects/TCZ-research/water point GIS/Edited-layers/LGATE-016-filtered_points.shp,37.000000000000000,"1",,,
-442098.184326267,-2017709.20208854,"1",WaterBody,,,"200702071247","2",Perennial,"2",Natural,Pool,"-99",Unknown,"-99",Unknown,,,LGATE-016-filtered_points,/Users/293003c/Library/CloudStorage/OneDrive-Curtin/Projects/TCZ-research/water point GIS/Edited-layers/LGATE-016-filtered_points.shp,36.000000000000000,,,,
-436375.629310584,-1969477.7539315,"1",WaterBody,Black Elvire River,Black Elvire River,"200702071940","2",Perennial,"2",Natural,Pool,"-99",Unknown,"2",MajorRiver,,,LGATE-016-filtered_points,/Users/293003c/Library/CloudStorage/OneDrive-Curtin/Projects/TCZ-research/water point GIS/Edited-layers/LGATE-016-filtered_points.shp,37.000000000000000,"1",,,
-353558.477115934,-1939550.77217462,"1",WaterBody,Nicholson River,Nicholson River,"200702071247","2",Perennial,"2",Natural,Pool,"-99",Unknown,"2",MajorRiver,,,LGATE-016-filtered_points,/Users/293003c/Library/CloudStorage/OneDrive-Curtin/Projects/TCZ-research/water point GIS/Edited-layers/LGATE-016-filtered_points.shp,36.000000000000000,"1",,,
-363917.529175133,-1927716.68792554,"1",WaterBody,Bamboo Creek,Bamboo Creek,"200702071247","2",Perennial,"2",Natural,Pool,"-99",Unknown,"-99",Unknown,,,LGATE-016-filtered_points,/Users/293003c/Library/CloudStorage/OneDrive-Curtin/Projects/TCZ-research/water point GIS/Edited-layers/LGATE-016-filtered_points.shp,36.000000000000000,"1",,,
-364236.631058306,-1928737.5920716,"1",WaterBody,Bamboo Creek,Bamboo Creek,"200702071247","2",Perennial,"2",Natural,Pool,"-99",Unknown,"-99",Unknown,,,LGATE-016-filtered_points,/Users/293003c/Library/CloudStorage/OneDrive-Curtin/Projects/TCZ-research/water point GIS/Edited-layers/LGATE-016-filtered_points.shp,36.000000000000000,"1",,,
-482169.932098131,-1997704.84298319,"1",WaterBody,,,"200702071939","2",Perennial,"2",Natural,Pool,"-99",Unknown,"3",MinorRiver,,,LGATE-016-filtered_points,/Users/293003c/Library/CloudStorage/OneDrive-Curtin/Projects/TCZ-research/water point GIS/Edited-layers/LGATE-016-filtered_points.shp,39.000000000000000,,,,
-389514.37267628,-1985643.21284386,"1",WaterBody,Cow Creek,Cow Creek,"200702071247","2",Perennial,"2",Natural,Pool,"-99",Unknown,"-99",Unknown,,,LGATE-016-filtered_points,/Users/293003c/Library/CloudStorage/OneDrive-Curtin/Projects/TCZ-research/water point GIS/Edited-layers/LGATE-016-filtered_points.shp,35.000000000000000,"1",,,
-606303.469959075,-1976550.88525327,"1",WaterBody,,,"200702071940","2",Perennial,"2",Natural,Pool,"-99",Unknown,"3",MinorRiver,,,LGATE-016-filtered_points,/Users/293003c/Library/CloudStorage/OneDrive-Curtin/Projects/TCZ-research/water point GIS/Edited-layers/LGATE-016-filtered_points.shp,40.000000000000000,,,,
-586942.046963678,-1960180.33125806,"1",WaterBody,,,"200702071940","2",Perennial,"2",Natural,Pool,"-99",Unknown,"3",MinorRiver,,,LGATE-016-filtered_points,/Users/293003c/Library/CloudStorage/OneDrive-Curtin/Projects/TCZ-research/water point GIS/Edited-layers/LGATE-016-filtered_points.shp,41.000000000000000,,,,
-541466.518494432,-2002622.2691565,"1",WaterBody,Margaret River,Margaret River,"200702071940","2",Perennial,"2",Natural,Pool,"-99",Unknown,"2",MajorRiver,,,LGATE-016-filtered_points,/Users/293003c/Library/CloudStorage/OneDrive-Curtin/Projects/TCZ-research/water point GIS/Edited-layers/LGATE-016-filtered_points.shp,39.000000000000000,,,,
-514891.502400749,-2009715.0721981,"1",WaterBody,,,"200702071940","2",Perennial,"2",Natural,Pool,"-99",Unknown,"3",MinorRiver,,,LGATE-016-filtered_points,/Users/293003c/Library/CloudStorage/OneDrive-Curtin/Projects/TCZ-research/water point GIS/Edited-layers/LGATE-016-filtered_points.shp,38.000000000000000,,,,
-590106.173595714,-1961817.81033969,"1",WaterBody,,,"200702071940","2",Perennial,"2",Natural,Pool,"-99",Unknown,"3",MinorRiver,,,LGATE-016-filtered_points,/Users/293003c/Library/CloudStorage/OneDrive-Curtin/Projects/TCZ-research/water point GIS/Edited-layers/LGATE-016-filtered_points.shp,41.000000000000000,,,,
-549386.290294504,-1951747.56222528,"1",WaterBody,,,"200702071939","2",Perennial,"2",Natural,Pool,"-99",Unknown,"3",MinorRiver,,,LGATE-016-filtered_points,/Users/293003c/Library/CloudStorage/OneDrive-Curtin/Projects/TCZ-research/water point GIS/Edited-layers/LGATE-016-filtered_points.shp,41.000000000000000,,,,
-553639.887958344,-1956336.01198711,"1",WaterBody,,,"200702071939","2",Perennial,"2",Natural,Pool,"-99",Unknown,"3",MinorRiver,,,LGATE-016-filtered_points,/Users/293003c/Library/CloudStorage/OneDrive-Curtin/Projects/TCZ-research/water point GIS/Edited-layers/LGATE-016-filtered_points.shp,41.000000000000000,,,,
-573008.228375489,-1939781.04448384,"1",WaterBody,,,"200702071939","2",Perennial,"2",Natural,Pool,"-99",Unknown,"3",MinorRiver,,,LGATE-016-filtered_points,/Users/293003c/Library/CloudStorage/OneDrive-Curtin/Projects/TCZ-research/water point GIS/Edited-layers/LGATE-016-filtered_points.shp,42.000000000000000,,,,
-488892.770238299,-1968802.09964446,"1",WaterBody,,,"200702071940","2",Perennial,"2",Natural,Lake,"-99",Unknown,"3",MinorRiver,,,LGATE-016-filtered_points,/Users/293003c/Library/CloudStorage/OneDrive-Curtin/Projects/TCZ-research/water point GIS/Edited-layers/LGATE-016-filtered_points.shp,42.000000000000000,,,,
-481965.019870251,-1997756.17526277,"1",WaterBody,,,"200702071939","2",Perennial,"2",Natural,Pool,"-99",Unknown,"3",MinorRiver,,,LGATE-016-filtered_points,/Users/293003c/Library/CloudStorage/OneDrive-Curtin/Projects/TCZ-research/water point GIS/Edited-layers/LGATE-016-filtered_points.shp,39.000000000000000,,,,
-572845.332903358,-1942029.73905312,"1",WaterBody,,,"200702071940","2",Perennial,"2",Natural,Pool,"-99",Unknown,"3",MinorRiver,,,LGATE-016-filtered_points,/Users/293003c/Library/CloudStorage/OneDrive-Curtin/Projects/TCZ-research/water point GIS/Edited-layers/LGATE-016-filtered_points.shp,43.000000000000000,,,,
-547288.259046565,-1946517.10387041,"1",WaterBody,,,"200702071940","2",Perennial,"2",Natural,Pool,"-99",Unknown,"3",MinorRiver,,,LGATE-016-filtered_points,/Users/293003c/Library/CloudStorage/OneDrive-Curtin/Projects/TCZ-research/water point GIS/Edited-layers/LGATE-016-filtered_points.shp,44.000000000000000,,,,
-447624.981987491,-2087598.63526034,"1",WaterBody,Sturt Creek,Sturt Creek,"200702071247","2",Perennial,"2",Natural,Pool,"-99",Unknown,"-99",Unknown,,,LGATE-016-filtered_points,/Users/293003c/Library/CloudStorage/OneDrive-Curtin/Projects/TCZ-research/water point GIS/Edited-layers/LGATE-016-filtered_points.shp,30.000000000000000,,,,
-591073.226328608,-1943663.14637029,"1",WaterBody,,,"200702071940","2",Perennial,"2",Natural,Pool,"-99",Unknown,"3",MinorRiver,,,LGATE-016-filtered_points,/Users/293003c/Library/CloudStorage/OneDrive-Curtin/Projects/TCZ-research/water point GIS/Edited-layers/LGATE-016-filtered_points.shp,43.000000000000000,,,,
-551969.320337895,-1946125.53880417,"1",WaterBody,,,"200702071940","2",Perennial,"2",Natural,Pool,"-99",Unknown,"3",MinorRiver,,,LGATE-016-filtered_points,/Users/293003c/Library/CloudStorage/OneDrive-Curtin/Projects/TCZ-research/water point GIS/Edited-layers/LGATE-016-filtered_points.shp,44.000000000000000,,,,
-499721.024411287,-2001287.1420836,"1",WaterBody,Garden Creek,Garden Creek,"200702071940","2",Perennial,"2",Natural,Pool,"-99",Unknown,"3",MinorRiver,,,LGATE-016-filtered_points,/Users/293003c/Library/CloudStorage/OneDrive-Curtin/Projects/TCZ-research/water point GIS/Edited-layers/LGATE-016-filtered_points.shp,39.000000000000000,,,,
-424717.099854203,-1981664.30257757,"1",WaterBody,Duerdin Creek,Duerdin Creek,"200702071940","2",Perennial,"2",Natural,Pool,"-99",Unknown,"3",MinorRiver,,,LGATE-016-filtered_points,/Users/293003c/Library/CloudStorage/OneDrive-Curtin/Projects/TCZ-research/water point GIS/Edited-layers/LGATE-016-filtered_points.shp,35.000000000000000,"1",,,
-546324.886988183,-1960599.00405331,"1",WaterBody,O'Donnell River,O'Donnell River,"200702071940","2",Perennial,"2",Natural,Pool,"-99",Unknown,"2",MajorRiver,,,LGATE-016-filtered_points,/Users/293003c/Library/CloudStorage/OneDrive-Curtin/Projects/TCZ-research/water point GIS/Edited-layers/LGATE-016-filtered_points.shp,41.000000000000000,,,,
-554072.684742913,-1967280.43960264,"1",WaterBody,,,"200702071939","2",Perennial,"2",Natural,Pool,"-99",Unknown,"3",MinorRiver,,,LGATE-016-filtered_points,/Users/293003c/Library/CloudStorage/OneDrive-Curtin/Projects/TCZ-research/water point GIS/Edited-layers/LGATE-016-filtered_points.shp,40.000000000000000,,,,
-568615.734662724,-1970077.79547153,"1",WaterBody,O'Donnell River,O'Donnell River,"200702071939","2",Perennial,"2",Natural,Pool,"-99",Unknown,"2",MajorRiver,,,LGATE-016-filtered_points,/Users/293003c/Library/CloudStorage/OneDrive-Curtin/Projects/TCZ-research/water point GIS/Edited-layers/LGATE-016-filtered_points.shp,38.000000000000000,,,,
-569465.487441559,-1971568.32209612,"1",WaterBody,O'Donnell River,O'Donnell River,"200702071939","2",Perennial,"2",Natural,Pool,"-99",Unknown,"2",MajorRiver,,,LGATE-016-filtered_points,/Users/293003c/Library/CloudStorage/OneDrive-Curtin/Projects/TCZ-research/water point GIS/Edited-layers/LGATE-016-filtered_points.shp,38.000000000000000,,,,
-591375.312018942,-1944833.99440502,"1",WaterBody,,,"200702071940","2",Perennial,"2",Natural,Pool,"-99",Unknown,"3",MinorRiver,,,LGATE-016-filtered_points,/Users/293003c/Library/CloudStorage/OneDrive-Curtin/Projects/TCZ-research/water point GIS/Edited-layers/LGATE-016-filtered_points.shp,43.000000000000000,,,,
-601595.521064319,-1976417.97716534,"1",WaterBody,,,"200702071939","2",Perennial,"2",Natural,Pool,"-99",Unknown,"3",MinorRiver,,,LGATE-016-filtered_points,/Users/293003c/Library/CloudStorage/OneDrive-Curtin/Projects/TCZ-research/water point GIS/Edited-layers/LGATE-016-filtered_points.shp,40.000000000000000,,,,
-511772.527206606,-2009228.56660486,"1",WaterBody,Mary River,Mary River,"200702071940","2",Perennial,"2",Natural,Pool,"-99",Unknown,"3",MinorRiver,,,LGATE-016-filtered_points,/Users/293003c/Library/CloudStorage/OneDrive-Curtin/Projects/TCZ-research/water point GIS/Edited-layers/LGATE-016-filtered_points.shp,38.000000000000000,,,,
-507491.132894961,-2022287.0002685,"1",WaterBody,,,"200702071940","2",Perennial,"2",Natural,Pool,"-99",Unknown,"3",MinorRiver,,,LGATE-016-filtered_points,/Users/293003c/Library/CloudStorage/OneDrive-Curtin/Projects/TCZ-research/water point GIS/Edited-layers/LGATE-016-filtered_points.shp,40.000000000000000,,,,
-586075.338439678,-1959744.40114562,"1",WaterBody,,,"200702071939","2",Perennial,"2",Natural,Pool,"-99",Unknown,"3",MinorRiver,,,LGATE-016-filtered_points,/Users/293003c/Library/CloudStorage/OneDrive-Curtin/Projects/TCZ-research/water point GIS/Edited-layers/LGATE-016-filtered_points.shp,41.000000000000000,,,,
-474742.77041693,-2004063.09281836,"1",WaterBody,,,"200702071939","2",Perennial,"2",Natural,Pool,"-99",Unknown,"3",MinorRiver,,,LGATE-016-filtered_points,/Users/293003c/Library/CloudStorage/OneDrive-Curtin/Projects/TCZ-research/water point GIS/Edited-layers/LGATE-016-filtered_points.shp,38.000000000000000,,,,
-608232.564878888,-2037579.37146866,"1",WaterBody,Christmas Creek,Christmas Creek,"200702071939","2",Perennial,"2",Natural,Pool,"-99",Unknown,"2",MajorRiver,,,LGATE-016-filtered_points,/Users/293003c/Library/CloudStorage/OneDrive-Curtin/Projects/TCZ-research/water point GIS/Edited-layers/LGATE-016-filtered_points.shp,33.000000000000000,,,,
-569749.158352034,-1972332.01780511,"1",WaterBody,Margaret River,Margaret River,"200702071939","2",Perennial,"2",Natural,Pool,"-99",Unknown,"2",MajorRiver,,,LGATE-016-filtered_points,/Users/293003c/Library/CloudStorage/OneDrive-Curtin/Projects/TCZ-research/water point GIS/Edited-layers/LGATE-016-filtered_points.shp,38.000000000000000,,,,
-545714.531311341,-1929228.96790304,"1",WaterBody,,,"200702071939","2",Perennial,"2",Natural,Pool,"-99",Unknown,"3",MinorRiver,,,LGATE-016-filtered_points,/Users/293003c/Library/CloudStorage/OneDrive-Curtin/Projects/TCZ-research/water point GIS/Edited-layers/LGATE-016-filtered_points.shp,44.000000000000000,,,,
-568577.002753345,-1935518.62897801,"1",WaterBody,Little Gold River,Little Gold River,"200702071939","2",Perennial,"2",Natural,Pool,"-99",Unknown,"3",MinorRiver,,,LGATE-016-filtered_points,/Users/293003c/Library/CloudStorage/OneDrive-Curtin/Projects/TCZ-research/water point GIS/Edited-layers/LGATE-016-filtered_points.shp,42.000000000000000,,,,
-577521.220747587,-1958398.50360479,"1",WaterBody,,,"200702071940","2",Perennial,"2",Natural,Pool,"-99",Unknown,"3",MinorRiver,,,LGATE-016-filtered_points,/Users/293003c/Library/CloudStorage/OneDrive-Curtin/Projects/TCZ-research/water point GIS/Edited-layers/LGATE-016-filtered_points.shp,41.000000000000000,,,,
-582230.540965251,-1943789.15644091,"1",WaterBody,,,"200702071940","2",Perennial,"2",Natural,Pool,"-99",Unknown,"3",MinorRiver,,,LGATE-016-filtered_points,/Users/293003c/Library/CloudStorage/OneDrive-Curtin/Projects/TCZ-research/water point GIS/Edited-layers/LGATE-016-filtered_points.shp,41.000000000000000,,,,
-579472.462314053,-1936498.54050804,"1",WaterBody,Little Gold River,Little Gold River,"200702071940","2",Perennial,"2",Natural,Pool,"-99",Unknown,"3",MinorRiver,,,LGATE-016-filtered_points,/Users/293003c/Library/CloudStorage/OneDrive-Curtin/Projects/TCZ-research/water point GIS/Edited-layers/LGATE-016-filtered_points.shp,41.000000000000000,,,,
-482983.760238932,-1997947.88579871,"1",WaterBody,,,"200702071940","2",Perennial,"2",Natural,Pool,"-99",Unknown,"3",MinorRiver,,,LGATE-016-filtered_points,/Users/293003c/Library/CloudStorage/OneDrive-Curtin/Projects/TCZ-research/water point GIS/Edited-layers/LGATE-016-filtered_points.shp,39.000000000000000,,,,
-484387.988767409,-2131039.43541109,"1",WaterBody,Overflow Creek,Overflow Creek,"200702071247","2",Perennial,"2",Natural,Pool,"-99",Unknown,"-99",Unknown,,,LGATE-016-filtered_points,/Users/293003c/Library/CloudStorage/OneDrive-Curtin/Projects/TCZ-research/water point GIS/Edited-layers/LGATE-016-filtered_points.shp,28.000000000000000,,,,
-485437.095796043,-2131182.03071655,"1",WaterBody,Overflow Creek,Overflow Creek,"200702071247","2",Perennial,"2",Natural,Pool,"-99",Unknown,"-99",Unknown,,,LGATE-016-filtered_points,/Users/293003c/Library/CloudStorage/OneDrive-Curtin/Projects/TCZ-research/water point GIS/Edited-layers/LGATE-016-filtered_points.shp,28.000000000000000,,,,
-499025.083840979,-2012162.73981375,"1",WaterBody,Hangman Creek,Hangman Creek,"200702071940","2",Perennial,"2",Natural,Pool,"-99",Unknown,"3",MinorRiver,,,LGATE-016-filtered_points,/Users/293003c/Library/CloudStorage/OneDrive-Curtin/Projects/TCZ-research/water point GIS/Edited-layers/LGATE-016-filtered_points.shp,39.000000000000000,,,,
-521538.221204713,-2011417.54593081,"1",WaterBody,Mary River,Mary River,"200702071940","2",Perennial,"2",Natural,Pool,"-99",Unknown,"3",MinorRiver,,,LGATE-016-filtered_points,/Users/293003c/Library/CloudStorage/OneDrive-Curtin/Projects/TCZ-research/water point GIS/Edited-layers/LGATE-016-filtered_points.shp,38.000000000000000,,,,
-391087.827509469,-1984377.03269029,"1",WaterBody,,,"200702071247","2",Perennial,"2",Natural,Pool,"-99",Unknown,"-99",Unknown,,,LGATE-016-filtered_points,/Users/293003c/Library/CloudStorage/OneDrive-Curtin/Projects/TCZ-research/water point GIS/Edited-layers/LGATE-016-filtered_points.shp,35.000000000000000,"1",,,
-582242.98932716,-1945465.58928026,"1",WaterBody,,,"200702071939","2",Perennial,"2",Natural,Pool,"-99",Unknown,"3",MinorRiver,,,LGATE-016-filtered_points,/Users/293003c/Library/CloudStorage/OneDrive-Curtin/Projects/TCZ-research/water point GIS/Edited-layers/LGATE-016-filtered_points.shp,41.000000000000000,,,,
-575383.300206161,-1946242.91900061,"1",WaterBody,,,"200702071940","2",Perennial,"2",Natural,Pool,"-99",Unknown,"3",MinorRiver,,,LGATE-016-filtered_points,/Users/293003c/Library/CloudStorage/OneDrive-Curtin/Projects/TCZ-research/water point GIS/Edited-layers/LGATE-016-filtered_points.shp,43.000000000000000,,,,
-570528.538745016,-1964074.34668287,"1",WaterBody,,,"200702071940","2",Perennial,"2",Natural,Pool,"-99",Unknown,"3",MinorRiver,,,LGATE-016-filtered_points,/Users/293003c/Library/CloudStorage/OneDrive-Curtin/Projects/TCZ-research/water point GIS/Edited-layers/LGATE-016-filtered_points.shp,38.000000000000000,,,,
-582661.360755979,-1942814.44291145,"1",WaterBody,,,"200702071939","2",Perennial,"2",Natural,Pool,"-99",Unknown,"3",MinorRiver,,,LGATE-016-filtered_points,/Users/293003c/Library/CloudStorage/OneDrive-Curtin/Projects/TCZ-research/water point GIS/Edited-layers/LGATE-016-filtered_points.shp,41.000000000000000,,,,
-511773.499850541,-2017176.11821419,"1",WaterBody,,,"200702071939","2",Perennial,"2",Natural,Pool,"-99",Unknown,"3",MinorRiver,,,LGATE-016-filtered_points,/Users/293003c/Library/CloudStorage/OneDrive-Curtin/Projects/TCZ-research/water point GIS/Edited-layers/LGATE-016-filtered_points.shp,37.000000000000000,,,,
-569818.792676384,-1968495.59258571,"1",WaterBody,,,"200702071940","2",Perennial,"2",Natural,Pool,"-99",Unknown,"3",MinorRiver,,,LGATE-016-filtered_points,/Users/293003c/Library/CloudStorage/OneDrive-Curtin/Projects/TCZ-research/water point GIS/Edited-layers/LGATE-016-filtered_points.shp,38.000000000000000,,,,
-507967.257597098,-2021354.20879089,"1",WaterBody,,,"200702071940","2",Perennial,"2",Natural,Pool,"-99",Unknown,"3",MinorRiver,,,LGATE-016-filtered_points,/Users/293003c/Library/CloudStorage/OneDrive-Curtin/Projects/TCZ-research/water point GIS/Edited-layers/LGATE-016-filtered_points.shp,40.000000000000000,,,,
-581529.281768676,-1970719.43922002,"1",WaterBody,Margaret River,Margaret River,"200702071940","2",Perennial,"2",Natural,Pool,"-99",Unknown,"2",MajorRiver,,,LGATE-016-filtered_points,/Users/293003c/Library/CloudStorage/OneDrive-Curtin/Projects/TCZ-research/water point GIS/Edited-layers/LGATE-016-filtered_points.shp,37.000000000000000,,,,
-318250.101549471,-1927674.09796883,"1",WaterBody,,,"200702071247","2",Perennial,"2",Natural,Pool,"-99",Unknown,"2",MajorRiver,,,LGATE-016-filtered_points,/Users/293003c/Library/CloudStorage/OneDrive-Curtin/Projects/TCZ-research/water point GIS/Edited-layers/LGATE-016-filtered_points.shp,36.000000000000000,"1",,,
-540746.513334329,-1957313.55322937,"1",WaterBody,O'Donnell River,O'Donnell River,"200702071940","2",Perennial,"2",Natural,Pool,"-99",Unknown,"2",MajorRiver,,,LGATE-016-filtered_points,/Users/293003c/Library/CloudStorage/OneDrive-Curtin/Projects/TCZ-research/water point GIS/Edited-layers/LGATE-016-filtered_points.shp,41.000000000000000,,,,
-506287.137880186,-2027917.54237116,"1",WaterBody,Willy Willy Creek,Willy Willy Creek,"200702071940","2",Perennial,"2",Natural,Pool,"-99",Unknown,"3",MinorRiver,,,LGATE-016-filtered_points,/Users/293003c/Library/CloudStorage/OneDrive-Curtin/Projects/TCZ-research/water point GIS/Edited-layers/LGATE-016-filtered_points.shp,37.000000000000000,,,,
-404645.444483663,-1945729.20211993,"1",WaterBody,,,"200702071247","2",Perennial,"2",Natural,Pool,"-99",Unknown,"2",MajorRiver,,,LGATE-016-filtered_points,/Users/293003c/Library/CloudStorage/OneDrive-Curtin/Projects/TCZ-research/water point GIS/Edited-layers/LGATE-016-filtered_points.shp,36.000000000000000,"1",,,
-614203.85140262,-1971910.54783091,"1",WaterBody,Margaret River,Margaret River,"200702071940","2",Perennial,"2",Natural,Pool,"-99",Unknown,"2",MajorRiver,,,LGATE-016-filtered_points,/Users/293003c/Library/CloudStorage/OneDrive-Curtin/Projects/TCZ-research/water point GIS/Edited-layers/LGATE-016-filtered_points.shp,36.000000000000000,,,,
-500012.809168199,-1941683.23772287,"1",WaterBody,,,"200702071939","2",Perennial,"1",Manmade,EarthDam,"-99",Unknown,"3",MinorRiver,,,LGATE-016-filtered_points,/Users/293003c/Library/CloudStorage/OneDrive-Curtin/Projects/TCZ-research/water point GIS/Edited-layers/LGATE-016-filtered_points.shp,44.000000000000000,,,,
-361356.259137394,-1932226.1125363,"1",WaterBody,,,"200702071247","2",Perennial,"2",Natural,Pool,"-99",Unknown,"2",MajorRiver,,,LGATE-016-filtered_points,/Users/293003c/Library/CloudStorage/OneDrive-Curtin/Projects/TCZ-research/water point GIS/Edited-layers/LGATE-016-filtered_points.shp,36.000000000000000,"1",,,
-392544.318044347,-1985655.67552039,"1",WaterBody,Cow Creek,Cow Creek,"200702071247","2",Perennial,"2",Natural,Pool,"-99",Unknown,"-99",Unknown,,,LGATE-016-filtered_points,/Users/293003c/Library/CloudStorage/OneDrive-Curtin/Projects/TCZ-research/water point GIS/Edited-layers/LGATE-016-filtered_points.shp,35.000000000000000,"1",,,
-510652.691359265,-1934018.38079037,"1",WaterBody,Watery River,Watery River,"200702071939","2",Perennial,"2",Natural,Pool,"-99",Unknown,"3",MinorRiver,,,LGATE-016-filtered_points,/Users/293003c/Library/CloudStorage/OneDrive-Curtin/Projects/TCZ-research/water point GIS/Edited-layers/LGATE-016-filtered_points.shp,47.000000000000000,,,,
-382045.26070203,-1983346.59431859,"1",WaterBody,,,"200702071247","2",Perennial,"2",Natural,Pool,"-99",Unknown,"-99",Unknown,,,LGATE-016-filtered_points,/Users/293003c/Library/CloudStorage/OneDrive-Curtin/Projects/TCZ-research/water point GIS/Edited-layers/LGATE-016-filtered_points.shp,34.000000000000000,"1",,,
-554228.926091169,-1966238.57342264,"1",WaterBody,,,"200702071940","2",Perennial,"2",Natural,Pool,"-99",Unknown,"3",MinorRiver,,,LGATE-016-filtered_points,/Users/293003c/Library/CloudStorage/OneDrive-Curtin/Projects/TCZ-research/water point GIS/Edited-layers/LGATE-016-filtered_points.shp,40.000000000000000,,,,
-549813.176253533,-1958475.77411124,"1",WaterBody,,,"200702071940","2",Perennial,"2",Natural,Pool,"-99",Unknown,"3",MinorRiver,,,LGATE-016-filtered_points,/Users/293003c/Library/CloudStorage/OneDrive-Curtin/Projects/TCZ-research/water point GIS/Edited-layers/LGATE-016-filtered_points.shp,41.000000000000000,,,,
-555140.415553624,-1957827.07867596,"1",WaterBody,,,"200702071940","2",Perennial,"2",Natural,Pool,"-99",Unknown,"3",MinorRiver,,,LGATE-016-filtered_points,/Users/293003c/Library/CloudStorage/OneDrive-Curtin/Projects/TCZ-research/water point GIS/Edited-layers/LGATE-016-filtered_points.shp,42.000000000000000,,,,
-567068.746669888,-1936139.80006071,"1",WaterBody,McKinnon Creek,McKinnon Creek,"201106021920","2",Perennial,"2",Natural,Pool,"-99",Unknown,"3",MinorRiver,,,LGATE-016-filtered_points,/Users/293003c/Library/CloudStorage/OneDrive-Curtin/Projects/TCZ-research/water point GIS/Edited-layers/LGATE-016-filtered_points.shp,42.000000000000000,,,,
-361752.765907843,-1931224.83212253,"1",WaterBody,,,"200702071247","2",Perennial,"2",Natural,Pool,"-99",Unknown,"2",MajorRiver,,,LGATE-016-filtered_points,/Users/293003c/Library/CloudStorage/OneDrive-Curtin/Projects/TCZ-research/water point GIS/Edited-layers/LGATE-016-filtered_points.shp,36.000000000000000,"1",,,
-503603.6218135,-2000973.41018556,"1",WaterBody,Mary River,Mary River,"200702071939","2",Perennial,"2",Natural,Pool,"-99",Unknown,"3",MinorRiver,,,LGATE-016-filtered_points,/Users/293003c/Library/CloudStorage/OneDrive-Curtin/Projects/TCZ-research/water point GIS/Edited-layers/LGATE-016-filtered_points.shp,39.000000000000000,,,,
-372267.613338474,-2016891.52229394,"1",WaterBody,,,"200702071247","2",Perennial,"2",Natural,Pool,"-99",Unknown,"-99",Unknown,,,LGATE-016-filtered_points,/Users/293003c/Library/CloudStorage/OneDrive-Curtin/Projects/TCZ-research/water point GIS/Edited-layers/LGATE-016-filtered_points.shp,32.000000000000000,,,,
-403161.546762869,-2057167.93807953,"1",WaterBody,Sturt Creek,Sturt Creek,"200702071247","2",Perennial,"2",Natural,Pool,"-99",Unknown,"2",MajorRiver,,,LGATE-016-filtered_points,/Users/293003c/Library/CloudStorage/OneDrive-Curtin/Projects/TCZ-research/water point GIS/Edited-layers/LGATE-016-filtered_points.shp,30.000000000000000,,,,
-403961.251802517,-2058014.56279727,"1",WaterBody,Sturt Creek,Sturt Creek,"200702071247","2",Perennial,"2",Natural,Pool,"-99",Unknown,"2",MajorRiver,,,LGATE-016-filtered_points,/Users/293003c/Library/CloudStorage/OneDrive-Curtin/Projects/TCZ-research/water point GIS/Edited-layers/LGATE-016-filtered_points.shp,29.000000000000000,,,,
-403016.021184454,-2056825.46882953,"1",WaterBody,Sturt Creek,Sturt Creek,"200702071247","2",Perennial,"2",Natural,Pool,"-99",Unknown,"2",MajorRiver,,,LGATE-016-filtered_points,/Users/293003c/Library/CloudStorage/OneDrive-Curtin/Projects/TCZ-research/water point GIS/Edited-layers/LGATE-016-filtered_points.shp,30.000000000000000,,,,
-401489.081342183,-2056085.03012956,"1",WaterBody,Sturt Creek,Sturt Creek,"200702071247","2",Perennial,"2",Natural,Pool,"-99",Unknown,"2",MajorRiver,,,LGATE-016-filtered_points,/Users/293003c/Library/CloudStorage/OneDrive-Curtin/Projects/TCZ-research/water point GIS/Edited-layers/LGATE-016-filtered_points.shp,30.000000000000000,,,,
-399721.453422532,-2056004.67916588,"1",WaterBody,Sturt Creek,Sturt Creek,"200702071247","2",Perennial,"2",Natural,Pool,"-99",Unknown,"2",MajorRiver,,,LGATE-016-filtered_points,/Users/293003c/Library/CloudStorage/OneDrive-Curtin/Projects/TCZ-research/water point GIS/Edited-layers/LGATE-016-filtered_points.shp,30.000000000000000,,,,
-398915.169259465,-2056481.12320293,"1",WaterBody,Sturt Creek,Sturt Creek,"200702071247","2",Perennial,"2",Natural,Pool,"-99",Unknown,"2",MajorRiver,,,LGATE-016-filtered_points,/Users/293003c/Library/CloudStorage/OneDrive-Curtin/Projects/TCZ-research/water point GIS/Edited-layers/LGATE-016-filtered_points.shp,30.000000000000000,,,,
-400766.066216523,-2056064.43222762,"1",WaterBody,Sturt Creek,Sturt Creek,"200702071247","2",Perennial,"2",Natural,Pool,"-99",Unknown,"2",MajorRiver,,,LGATE-016-filtered_points,/Users/293003c/Library/CloudStorage/OneDrive-Curtin/Projects/TCZ-research/water point GIS/Edited-layers/LGATE-016-filtered_points.shp,30.000000000000000,,,,
-402475.179318576,-2056728.64864019,"1",WaterBody,Sturt Creek,Sturt Creek,"200702071247","2",Perennial,"2",Natural,Pool,"-99",Unknown,"2",MajorRiver,,,LGATE-016-filtered_points,/Users/293003c/Library/CloudStorage/OneDrive-Curtin/Projects/TCZ-research/water point GIS/Edited-layers/LGATE-016-filtered_points.shp,30.000000000000000,,,,
-500499.007727246,-2010854.385999,"1",WaterBody,Hangman Creek,Hangman Creek,"200702071940","2",Perennial,"2",Natural,Pool,"-99",Unknown,"3",MinorRiver,,,LGATE-016-filtered_points,/Users/293003c/Library/CloudStorage/OneDrive-Curtin/Projects/TCZ-research/water point GIS/Edited-layers/LGATE-016-filtered_points.shp,38.000000000000000,,,,
-416069.639698655,-1954316.66806922,"1",WaterBody,Elvire River,Elvire River,"200702071247","2",Perennial,"2",Natural,Pool,"-99",Unknown,"2",MajorRiver,,,LGATE-016-filtered_points,/Users/293003c/Library/CloudStorage/OneDrive-Curtin/Projects/TCZ-research/water point GIS/Edited-layers/LGATE-016-filtered_points.shp,36.000000000000000,"1",,,
-416347.199508714,-1954436.58317998,"1",WaterBody,Elvire River,Elvire River,"200702071247","2",Perennial,"2",Natural,Pool,"-99",Unknown,"2",MajorRiver,,,LGATE-016-filtered_points,/Users/293003c/Library/CloudStorage/OneDrive-Curtin/Projects/TCZ-research/water point GIS/Edited-layers/LGATE-016-filtered_points.shp,36.000000000000000,"1",,,
-548684.723851179,-1948127.21494843,"1",WaterBody,,,"200702071940","2",Perennial,"2",Natural,Pool,"-99",Unknown,"3",MinorRiver,,,LGATE-016-filtered_points,/Users/293003c/Library/CloudStorage/OneDrive-Curtin/Projects/TCZ-research/water point GIS/Edited-layers/LGATE-016-filtered_points.shp,44.000000000000000,,,,
-563694.552160842,-2041579.94209641,"1",WaterBody,,,"200702071940","2",Perennial,"2",Natural,Pool,"-99",Unknown,"3",MinorRiver,,,LGATE-016-filtered_points,/Users/293003c/Library/CloudStorage/OneDrive-Curtin/Projects/TCZ-research/water point GIS/Edited-layers/LGATE-016-filtered_points.shp,36.000000000000000,,,,
-511227.0651124,-2025436.49314378,"1",WaterBody,Willy Willy Creek,Willy Willy Creek,"200702071940","2",Perennial,"2",Natural,Pool,"-99",Unknown,"3",MinorRiver,,,LGATE-016-filtered_points,/Users/293003c/Library/CloudStorage/OneDrive-Curtin/Projects/TCZ-research/water point GIS/Edited-layers/LGATE-016-filtered_points.shp,37.000000000000000,,,,
-555149.358418236,-1933580.85996463,"1",WaterBody,Little Gold River,Little Gold River,"200702071939","2",Perennial,"2",Natural,Pool,"-99",Unknown,"3",MinorRiver,,,LGATE-016-filtered_points,/Users/293003c/Library/CloudStorage/OneDrive-Curtin/Projects/TCZ-research/water point GIS/Edited-layers/LGATE-016-filtered_points.shp,44.000000000000000,,,,
-553378.089553307,-1933337.68837087,"1",WaterBody,Little Gold River,Little Gold River,"200702071939","2",Perennial,"2",Natural,Pool,"-99",Unknown,"3",MinorRiver,,,LGATE-016-filtered_points,/Users/293003c/Library/CloudStorage/OneDrive-Curtin/Projects/TCZ-research/water point GIS/Edited-layers/LGATE-016-filtered_points.shp,44.000000000000000,,,,
-552598.758775657,-1932395.17973069,"1",WaterBody,Little Gold River,Little Gold River,"200702071939","2",Perennial,"2",Natural,Pool,"-99",Unknown,"3",MinorRiver,,,LGATE-016-filtered_points,/Users/293003c/Library/CloudStorage/OneDrive-Curtin/Projects/TCZ-research/water point GIS/Edited-layers/LGATE-016-filtered_points.shp,44.000000000000000,,,,
-553815.352319549,-1933469.86265991,"1",WaterBody,Little Gold River,Little Gold River,"200702071939","2",Perennial,"2",Natural,Pool,"-99",Unknown,"3",MinorRiver,,,LGATE-016-filtered_points,/Users/293003c/Library/CloudStorage/OneDrive-Curtin/Projects/TCZ-research/water point GIS/Edited-layers/LGATE-016-filtered_points.shp,44.000000000000000,,,,
-511256.852144424,-2018104.75722662,"1",WaterBody,,,"200702071939","2",Perennial,"2",Natural,Pool,"-99",Unknown,"3",MinorRiver,,,LGATE-016-filtered_points,/Users/293003c/Library/CloudStorage/OneDrive-Curtin/Projects/TCZ-research/water point GIS/Edited-layers/LGATE-016-filtered_points.shp,37.000000000000000,,,,
-570194.464125494,-1980674.38625874,"1",WaterBody,Margaret River,Margaret River,"200702071939","2",Perennial,"2",Natural,Pool,"-99",Unknown,"2",MajorRiver,,,LGATE-016-filtered_points,/Users/293003c/Library/CloudStorage/OneDrive-Curtin/Projects/TCZ-research/water point GIS/Edited-layers/LGATE-016-filtered_points.shp,37.000000000000000,,,,
-485946.59902325,-1997161.34974344,"1",WaterBody,,,"200702071940","2",Perennial,"2",Natural,Pool,"-99",Unknown,"3",MinorRiver,,,LGATE-016-filtered_points,/Users/293003c/Library/CloudStorage/OneDrive-Curtin/Projects/TCZ-research/water point GIS/Edited-layers/LGATE-016-filtered_points.shp,39.000000000000000,,,,
-582240.085249187,-1943914.20090941,"1",WaterBody,,,"200702071939","2",Perennial,"2",Natural,Pool,"-99",Unknown,"3",MinorRiver,,,LGATE-016-filtered_points,/Users/293003c/Library/CloudStorage/OneDrive-Curtin/Projects/TCZ-research/water point GIS/Edited-layers/LGATE-016-filtered_points.shp,41.000000000000000,,,,
-614654.444702076,-2009415.14262693,"1",WaterBody,Mount Pierre Creek,Mount Pierre Creek,"200702071940","2",Perennial,"2",Natural,Pool,"-99",Unknown,"3",MinorRiver,,,LGATE-016-filtered_points,/Users/293003c/Library/CloudStorage/OneDrive-Curtin/Projects/TCZ-research/water point GIS/Edited-layers/LGATE-016-filtered_points.shp,35.000000000000000,,,,
-493153.392901441,-1990274.55292983,"1",WaterBody,Mary River,Mary River,"200702071939","2",Perennial,"2",Natural,Pool,"-99",Unknown,"3",MinorRiver,,,LGATE-016-filtered_points,/Users/293003c/Library/CloudStorage/OneDrive-Curtin/Projects/TCZ-research/water point GIS/Edited-layers/LGATE-016-filtered_points.shp,40.000000000000000,,,,
-498496.840716946,-2001714.74257215,"1",WaterBody,Garden Creek,Garden Creek,"200702071939","2",Perennial,"2",Natural,Pool,"-99",Unknown,"3",MinorRiver,,,LGATE-016-filtered_points,/Users/293003c/Library/CloudStorage/OneDrive-Curtin/Projects/TCZ-research/water point GIS/Edited-layers/LGATE-016-filtered_points.shp,39.000000000000000,,,,
-498880.123877175,-2001579.98526818,"1",WaterBody,Garden Creek,Garden Creek,"200702071939","2",Perennial,"2",Natural,Pool,"-99",Unknown,"3",MinorRiver,,,LGATE-016-filtered_points,/Users/293003c/Library/CloudStorage/OneDrive-Curtin/Projects/TCZ-research/water point GIS/Edited-layers/LGATE-016-filtered_points.shp,39.000000000000000,,,,
-554335.374220448,-1957038.83762686,"1",WaterBody,,,"200702071940","2",Perennial,"2",Natural,Pool,"-99",Unknown,"3",MinorRiver,,,LGATE-016-filtered_points,/Users/293003c/Library/CloudStorage/OneDrive-Curtin/Projects/TCZ-research/water point GIS/Edited-layers/LGATE-016-filtered_points.shp,41.000000000000000,,,,
-505052.254096926,-2007968.10786093,"1",WaterBody,Hangman Creek,Hangman Creek,"200702071940","2",Perennial,"2",Natural,Pool,"-99",Unknown,"3",MinorRiver,,,LGATE-016-filtered_points,/Users/293003c/Library/CloudStorage/OneDrive-Curtin/Projects/TCZ-research/water point GIS/Edited-layers/LGATE-016-filtered_points.shp,38.000000000000000,,,,
-510555.178467032,-2018552.78332004,"1",WaterBody,,,"200702071940","2",Perennial,"2",Natural,Pool,"-99",Unknown,"3",MinorRiver,,,LGATE-016-filtered_points,/Users/293003c/Library/CloudStorage/OneDrive-Curtin/Projects/TCZ-research/water point GIS/Edited-layers/LGATE-016-filtered_points.shp,37.000000000000000,,,,
-436158.080163789,-1972651.54048251,"1",WaterBody,Black Elvire River,Black Elvire River,"200702071940","2",Perennial,"2",Natural,Pool,"-99",Unknown,"2",MajorRiver,,,LGATE-016-filtered_points,/Users/293003c/Library/CloudStorage/OneDrive-Curtin/Projects/TCZ-research/water point GIS/Edited-layers/LGATE-016-filtered_points.shp,37.000000000000000,"1",,,
-590606.968524968,-2030122.56630362,"1",WaterBody,Christmas Creek,Christmas Creek,"200702071940","2",Perennial,"2",Natural,Pool,"-99",Unknown,"2",MajorRiver,,,LGATE-016-filtered_points,/Users/293003c/Library/CloudStorage/OneDrive-Curtin/Projects/TCZ-research/water point GIS/Edited-layers/LGATE-016-filtered_points.shp,35.000000000000000,,,,
-514226.453695718,-2009718.66050334,"1",WaterBody,Mary River,Mary River,"200702071940","2",Perennial,"2",Natural,Pool,"-99",Unknown,"3",MinorRiver,,,LGATE-016-filtered_points,/Users/293003c/Library/CloudStorage/OneDrive-Curtin/Projects/TCZ-research/water point GIS/Edited-layers/LGATE-016-filtered_points.shp,38.000000000000000,,,,
-358951.755812143,-1933296.80117601,"1",WaterBody,Nicholson River,Nicholson River,"200702071247","2",Perennial,"2",Natural,Pool,"-99",Unknown,"2",MajorRiver,,,LGATE-016-filtered_points,/Users/293003c/Library/CloudStorage/OneDrive-Curtin/Projects/TCZ-research/water point GIS/Edited-layers/LGATE-016-filtered_points.shp,36.000000000000000,"1",,,
-500778.610605467,-2001236.83453195,"1",WaterBody,Garden Creek,Garden Creek,"200702071940","2",Perennial,"2",Natural,Pool,"-99",Unknown,"3",MinorRiver,,,LGATE-016-filtered_points,/Users/293003c/Library/CloudStorage/OneDrive-Curtin/Projects/TCZ-research/water point GIS/Edited-layers/LGATE-016-filtered_points.shp,39.000000000000000,,,,
-575807.501716521,-1936725.31507129,"1",WaterBody,Little Gold River,Little Gold River,"200702071940","2",Perennial,"2",Natural,Pool,"-99",Unknown,"3",MinorRiver,,,LGATE-016-filtered_points,/Users/293003c/Library/CloudStorage/OneDrive-Curtin/Projects/TCZ-research/water point GIS/Edited-layers/LGATE-016-filtered_points.shp,42.000000000000000,,,,
-573368.65145373,-1959237.16463096,"1",WaterBody,,,"200702071940","2",Perennial,"2",Natural,Pool,"-99",Unknown,"3",MinorRiver,,,LGATE-016-filtered_points,/Users/293003c/Library/CloudStorage/OneDrive-Curtin/Projects/TCZ-research/water point GIS/Edited-layers/LGATE-016-filtered_points.shp,42.000000000000000,,,,
-574223.876486802,-1937066.12751813,"1",WaterBody,,,"200702071939","2",Perennial,"2",Natural,Pool,"-99",Unknown,"3",MinorRiver,,,LGATE-016-filtered_points,/Users/293003c/Library/CloudStorage/OneDrive-Curtin/Projects/TCZ-research/water point GIS/Edited-layers/LGATE-016-filtered_points.shp,42.000000000000000,,,,
-382272.026075568,-2008184.43831599,"1",WaterBody,,,"200702071247","2",Perennial,"2",Natural,Pool,"-99",Unknown,"-99",Unknown,,,LGATE-016-filtered_points,/Users/293003c/Library/CloudStorage/OneDrive-Curtin/Projects/TCZ-research/water point GIS/Edited-layers/LGATE-016-filtered_points.shp,32.000000000000000,,,,
-599356.252155473,-1977319.18196642,"1",WaterBody,,,"200702071940","2",Perennial,"2",Natural,Pool,"-99",Unknown,"3",MinorRiver,,,LGATE-016-filtered_points,/Users/293003c/Library/CloudStorage/OneDrive-Curtin/Projects/TCZ-research/water point GIS/Edited-layers/LGATE-016-filtered_points.shp,40.000000000000000,,,,
-552361.521311486,-1965399.60080471,"1",WaterBody,,,"200702071939","2",Perennial,"2",Natural,Pool,"-99",Unknown,"3",MinorRiver,,,LGATE-016-filtered_points,/Users/293003c/Library/CloudStorage/OneDrive-Curtin/Projects/TCZ-research/water point GIS/Edited-layers/LGATE-016-filtered_points.shp,40.000000000000000,,,,
-550946.003463978,-1954201.05845102,"1",WaterBody,,,"200702071940","2",Perennial,"2",Natural,Pool,"-99",Unknown,"3",MinorRiver,,,LGATE-016-filtered_points,/Users/293003c/Library/CloudStorage/OneDrive-Curtin/Projects/TCZ-research/water point GIS/Edited-layers/LGATE-016-filtered_points.shp,41.000000000000000,,,,
-369497.998170872,-1960250.850759,"1",WaterBody,Button Creek,Button Creek,"200702071247","2",Perennial,"2",Natural,Pool,"-99",Unknown,"-99",Unknown,,,LGATE-016-filtered_points,/Users/293003c/Library/CloudStorage/OneDrive-Curtin/Projects/TCZ-research/water point GIS/Edited-layers/LGATE-016-filtered_points.shp,35.000000000000000,"1",,,
-590517.947947037,-1961782.04520643,"1",WaterBody,,,"200702071940","2",Perennial,"2",Natural,Pool,"-99",Unknown,"3",MinorRiver,,,LGATE-016-filtered_points,/Users/293003c/Library/CloudStorage/OneDrive-Curtin/Projects/TCZ-research/water point GIS/Edited-layers/LGATE-016-filtered_points.shp,41.000000000000000,,,,
-600765.610988521,-1980271.04174507,"1",WaterBody,,,"200702071939","2",Perennial,"2",Natural,Pool,"-99",Unknown,"3",MinorRiver,,,LGATE-016-filtered_points,/Users/293003c/Library/CloudStorage/OneDrive-Curtin/Projects/TCZ-research/water point GIS/Edited-layers/LGATE-016-filtered_points.shp,40.000000000000000,,,,
-582593.078994843,-1941972.17929597,"1",WaterBody,,,"200702071940","2",Perennial,"2",Natural,Pool,"-99",Unknown,"3",MinorRiver,,,LGATE-016-filtered_points,/Users/293003c/Library/CloudStorage/OneDrive-Curtin/Projects/TCZ-research/water point GIS/Edited-layers/LGATE-016-filtered_points.shp,41.000000000000000,,,,
-582522.402257821,-1941460.37654341,"1",WaterBody,,,"200702071940","2",Perennial,"2",Natural,Pool,"-99",Unknown,"3",MinorRiver,,,LGATE-016-filtered_points,/Users/293003c/Library/CloudStorage/OneDrive-Curtin/Projects/TCZ-research/water point GIS/Edited-layers/LGATE-016-filtered_points.shp,41.000000000000000,,,,
-564719.625223552,-1936122.51887111,"1",WaterBody,Little Gold River,Little Gold River,"200702071939","2",Perennial,"2",Natural,Pool,"-99",Unknown,"3",MinorRiver,,,LGATE-016-filtered_points,/Users/293003c/Library/CloudStorage/OneDrive-Curtin/Projects/TCZ-research/water point GIS/Edited-layers/LGATE-016-filtered_points.shp,42.000000000000000,,,,
-566563.662300691,-1936258.82637997,"1",WaterBody,Little Gold River,Little Gold River,"200702071939","2",Perennial,"2",Natural,Pool,"-99",Unknown,"3",MinorRiver,,,LGATE-016-filtered_points,/Users/293003c/Library/CloudStorage/OneDrive-Curtin/Projects/TCZ-research/water point GIS/Edited-layers/LGATE-016-filtered_points.shp,42.000000000000000,,,,
-564890.502427381,-1936064.7624877,"1",WaterBody,Little Gold River,Little Gold River,"200702071939","2",Perennial,"2",Natural,Pool,"-99",Unknown,"3",MinorRiver,,,LGATE-016-filtered_points,/Users/293003c/Library/CloudStorage/OneDrive-Curtin/Projects/TCZ-research/water point GIS/Edited-layers/LGATE-016-filtered_points.shp,42.000000000000000,,,,
-550408.895440861,-1954688.87749894,"1",WaterBody,,,"200702071940","2",Perennial,"2",Natural,Pool,"-99",Unknown,"3",MinorRiver,,,LGATE-016-filtered_points,/Users/293003c/Library/CloudStorage/OneDrive-Curtin/Projects/TCZ-research/water point GIS/Edited-layers/LGATE-016-filtered_points.shp,41.000000000000000,,,,
-584064.91086927,-1969224.99885533,"1",WaterBody,Margaret River,Margaret River,"200702071939","2",Perennial,"2",Natural,Pool,"-99",Unknown,"2",MajorRiver,,,LGATE-016-filtered_points,/Users/293003c/Library/CloudStorage/OneDrive-Curtin/Projects/TCZ-research/water point GIS/Edited-layers/LGATE-016-filtered_points.shp,37.000000000000000,,,,
-430459.969070945,-1962310.82555258,"1",WaterBody,,,"200702071939","2",Perennial,"2",Natural,Pool,"-99",Unknown,"2",MajorRiver,,,LGATE-016-filtered_points,/Users/293003c/Library/CloudStorage/OneDrive-Curtin/Projects/TCZ-research/water point GIS/Edited-layers/LGATE-016-filtered_points.shp,37.000000000000000,"1",,,
-594870.409385594,-1952338.81603028,"1",WaterBody,,,"200702071940","2",Perennial,"2",Natural,Pool,"-99",Unknown,"3",MinorRiver,,,LGATE-016-filtered_points,/Users/293003c/Library/CloudStorage/OneDrive-Curtin/Projects/TCZ-research/water point GIS/Edited-layers/LGATE-016-filtered_points.shp,41.000000000000000,,,,
-573146.780270593,-1940386.59896026,"1",WaterBody,,,"200702071939","2",Perennial,"2",Natural,Pool,"-99",Unknown,"3",MinorRiver,,,LGATE-016-filtered_points,/Users/293003c/Library/CloudStorage/OneDrive-Curtin/Projects/TCZ-research/water point GIS/Edited-layers/LGATE-016-filtered_points.shp,43.000000000000000,,,,
-483366.626420101,-1938970.03373774,"1",WaterBody,,,"200702071939","2",Perennial,"1",Manmade,EarthDam,"-99",Unknown,"3",MinorRiver,,,LGATE-016-filtered_points,/Users/293003c/Library/CloudStorage/OneDrive-Curtin/Projects/TCZ-research/water point GIS/Edited-layers/LGATE-016-filtered_points.shp,44.000000000000000,,,,
-455340.329169456,-1953956.76548867,"1",WaterBody,,,"200702071939","2",Perennial,"1",Manmade,EarthDam,"-99",Unknown,"3",MinorRiver,,,LGATE-016-filtered_points,/Users/293003c/Library/CloudStorage/OneDrive-Curtin/Projects/TCZ-research/water point GIS/Edited-layers/LGATE-016-filtered_points.shp,41.000000000000000,"1",,,
-407776.178368797,-2060259.97777651,"1",WaterBody,Sturt Creek,Sturt Creek,"200702071247","2",Perennial,"2",Natural,Pool,"-99",Unknown,"2",MajorRiver,,,LGATE-016-filtered_points,/Users/293003c/Library/CloudStorage/OneDrive-Curtin/Projects/TCZ-research/water point GIS/Edited-layers/LGATE-016-filtered_points.shp,29.000000000000000,,,,
-406413.382545149,-2060730.78636182,"1",WaterBody,Sturt Creek,Sturt Creek,"200702071247","2",Perennial,"2",Natural,Pool,"-99",Unknown,"2",MajorRiver,,,LGATE-016-filtered_points,/Users/293003c/Library/CloudStorage/OneDrive-Curtin/Projects/TCZ-research/water point GIS/Edited-layers/LGATE-016-filtered_points.shp,29.000000000000000,,,,
-405751.234373209,-2061058.37486937,"1",WaterBody,Sturt Creek,Sturt Creek,"200702071247","2",Perennial,"2",Natural,Pool,"-99",Unknown,"2",MajorRiver,,,LGATE-016-filtered_points,/Users/293003c/Library/CloudStorage/OneDrive-Curtin/Projects/TCZ-research/water point GIS/Edited-layers/LGATE-016-filtered_points.shp,29.000000000000000,,,,
-407669.080412573,-2060631.42253953,"1",WaterBody,Sturt Creek,Sturt Creek,"200702071247","2",Perennial,"2",Natural,Pool,"-99",Unknown,"2",MajorRiver,,,LGATE-016-filtered_points,/Users/293003c/Library/CloudStorage/OneDrive-Curtin/Projects/TCZ-research/water point GIS/Edited-layers/LGATE-016-filtered_points.shp,29.000000000000000,,,,
-408306.345027334,-2062434.8329233,"1",WaterBody,Sturt Creek,Sturt Creek,"200702071247","2",Perennial,"2",Natural,Pool,"-99",Unknown,"2",MajorRiver,,,LGATE-016-filtered_points,/Users/293003c/Library/CloudStorage/OneDrive-Curtin/Projects/TCZ-research/water point GIS/Edited-layers/LGATE-016-filtered_points.shp,29.000000000000000,,,,
-408119.144276842,-2060744.04212293,"1",WaterBody,Sturt Creek,Sturt Creek,"200702071247","2",Perennial,"2",Natural,Pool,"-99",Unknown,"2",MajorRiver,,,LGATE-016-filtered_points,/Users/293003c/Library/CloudStorage/OneDrive-Curtin/Projects/TCZ-research/water point GIS/Edited-layers/LGATE-016-filtered_points.shp,29.000000000000000,,,,
-535740.621054348,-1940307.80429078,"1",WaterBody,,,"200702071940","2",Perennial,"2",Natural,Pool,"-99",Unknown,"3",MinorRiver,,,LGATE-016-filtered_points,/Users/293003c/Library/CloudStorage/OneDrive-Curtin/Projects/TCZ-research/water point GIS/Edited-layers/LGATE-016-filtered_points.shp,44.000000000000000,,,,
-617553.510392369,-1972651.74269702,"1",WaterBody,Margaret River,Margaret River,"200702071939","2",Perennial,"2",Natural,Pool,"-99",Unknown,"2",MajorRiver,,,LGATE-016-filtered_points,/Users/293003c/Library/CloudStorage/OneDrive-Curtin/Projects/TCZ-research/water point GIS/Edited-layers/LGATE-016-filtered_points.shp,36.000000000000000,,,,
-617871.533957702,-1972854.4593959,"1",WaterBody,Margaret River,Margaret River,"200702071939","2",Perennial,"2",Natural,Pool,"-99",Unknown,"2",MajorRiver,,,LGATE-016-filtered_points,/Users/293003c/Library/CloudStorage/OneDrive-Curtin/Projects/TCZ-research/water point GIS/Edited-layers/LGATE-016-filtered_points.shp,37.000000000000000,,,,
-584723.314431022,-1939963.60001493,"1",WaterBody,,,"200702071940","2",Perennial,"2",Natural,Pool,"-99",Unknown,"3",MinorRiver,,,LGATE-016-filtered_points,/Users/293003c/Library/CloudStorage/OneDrive-Curtin/Projects/TCZ-research/water point GIS/Edited-layers/LGATE-016-filtered_points.shp,41.000000000000000,,,,
-584773.77397569,-1937417.88362841,"1",WaterBody,,,"200702071940","2",Perennial,"2",Natural,Pool,"-99",Unknown,"3",MinorRiver,,,LGATE-016-filtered_points,/Users/293003c/Library/CloudStorage/OneDrive-Curtin/Projects/TCZ-research/water point GIS/Edited-layers/LGATE-016-filtered_points.shp,41.000000000000000,,,,
-554356.828731751,-1956614.90150396,"1",WaterBody,,,"200702071939","2",Perennial,"2",Natural,Pool,"-99",Unknown,"3",MinorRiver,,,LGATE-016-filtered_points,/Users/293003c/Library/CloudStorage/OneDrive-Curtin/Projects/TCZ-research/water point GIS/Edited-layers/LGATE-016-filtered_points.shp,41.000000000000000,,,,
-361302.954074115,-1931451.65831036,"1",WaterBody,,,"200702071247","2",Perennial,"2",Natural,Pool,"-99",Unknown,"2",MajorRiver,,,LGATE-016-filtered_points,/Users/293003c/Library/CloudStorage/OneDrive-Curtin/Projects/TCZ-research/water point GIS/Edited-layers/LGATE-016-filtered_points.shp,36.000000000000000,"1",,,
-615401.239095088,-1971948.03385059,"1",WaterBody,Margaret River,Margaret River,"200702071939","2",Perennial,"2",Natural,Pool,"-99",Unknown,"2",MajorRiver,,,LGATE-016-filtered_points,/Users/293003c/Library/CloudStorage/OneDrive-Curtin/Projects/TCZ-research/water point GIS/Edited-layers/LGATE-016-filtered_points.shp,36.000000000000000,,,,
-584781.773450895,-1937094.39495473,"1",WaterBody,,,"200702071940","2",Perennial,"2",Natural,Pool,"-99",Unknown,"3",MinorRiver,,,LGATE-016-filtered_points,/Users/293003c/Library/CloudStorage/OneDrive-Curtin/Projects/TCZ-research/water point GIS/Edited-layers/LGATE-016-filtered_points.shp,41.000000000000000,,,,
-556858.705569321,-2035739.99012596,"1",WaterBody,Christmas Creek,Christmas Creek,"200702071940","2",Perennial,"2",Natural,Pool,"-99",Unknown,"2",MajorRiver,,,LGATE-016-filtered_points,/Users/293003c/Library/CloudStorage/OneDrive-Curtin/Projects/TCZ-research/water point GIS/Edited-layers/LGATE-016-filtered_points.shp,35.000000000000000,,,,
-370253.935103732,-2001983.24386635,"1",WaterBody,Button Creek,Button Creek,"200702071247","2",Perennial,"2",Natural,Pool,"-99",Unknown,"-99",Unknown,,,LGATE-016-filtered_points,/Users/293003c/Library/CloudStorage/OneDrive-Curtin/Projects/TCZ-research/water point GIS/Edited-layers/LGATE-016-filtered_points.shp,32.000000000000000,,,,
-509149.540195546,-2006640.71461664,"1",WaterBody,Mary River,Mary River,"200702071940","2",Perennial,"2",Natural,Pool,"-99",Unknown,"3",MinorRiver,,,LGATE-016-filtered_points,/Users/293003c/Library/CloudStorage/OneDrive-Curtin/Projects/TCZ-research/water point GIS/Edited-layers/LGATE-016-filtered_points.shp,38.000000000000000,,,,
-478455.34293758,-2126682.03900268,"1",WaterBody,Overflow Creek,Overflow Creek,"200702071247","2",Perennial,"2",Natural,Pool,"-99",Unknown,"-99",Unknown,,,LGATE-016-filtered_points,/Users/293003c/Library/CloudStorage/OneDrive-Curtin/Projects/TCZ-research/water point GIS/Edited-layers/LGATE-016-filtered_points.shp,28.000000000000000,,,,
-508921.652679002,-2033324.93767136,"1",WaterBody,,,"200702071939","2",Perennial,"2",Natural,Pool,"-99",Unknown,"3",MinorRiver,,,LGATE-016-filtered_points,/Users/293003c/Library/CloudStorage/OneDrive-Curtin/Projects/TCZ-research/water point GIS/Edited-layers/LGATE-016-filtered_points.shp,37.000000000000000,,,,
-550695.021752542,-1954252.36164525,"1",WaterBody,,,"200702071940","2",Perennial,"2",Natural,Pool,"-99",Unknown,"3",MinorRiver,,,LGATE-016-filtered_points,/Users/293003c/Library/CloudStorage/OneDrive-Curtin/Projects/TCZ-research/water point GIS/Edited-layers/LGATE-016-filtered_points.shp,41.000000000000000,,,,
-550329.77769402,-1959243.61525216,"1",WaterBody,,,"200702071940","2",Perennial,"2",Natural,Pool,"-99",Unknown,"3",MinorRiver,,,LGATE-016-filtered_points,/Users/293003c/Library/CloudStorage/OneDrive-Curtin/Projects/TCZ-research/water point GIS/Edited-layers/LGATE-016-filtered_points.shp,41.000000000000000,,,,
-583935.92707021,-1962293.33689888,"1",WaterBody,,,"200702071940","2",Perennial,"2",Natural,Pool,"-99",Unknown,"3",MinorRiver,,,LGATE-016-filtered_points,/Users/293003c/Library/CloudStorage/OneDrive-Curtin/Projects/TCZ-research/water point GIS/Edited-layers/LGATE-016-filtered_points.shp,41.000000000000000,,,,
-496005.183376802,-2001375.35366743,"1",WaterBody,Garden Creek,Garden Creek,"200702071940","2",Perennial,"2",Natural,Pool,"-99",Unknown,"3",MinorRiver,,,LGATE-016-filtered_points,/Users/293003c/Library/CloudStorage/OneDrive-Curtin/Projects/TCZ-research/water point GIS/Edited-layers/LGATE-016-filtered_points.shp,39.000000000000000,,,,
-553777.903127108,-2036734.49168594,"1",WaterBody,,,"200702071940","2",Perennial,"2",Natural,Pool,"-99",Unknown,"3",MinorRiver,,,LGATE-016-filtered_points,/Users/293003c/Library/CloudStorage/OneDrive-Curtin/Projects/TCZ-research/water point GIS/Edited-layers/LGATE-016-filtered_points.shp,35.000000000000000,,,,
-602814.193363081,-1979552.4040721,"1",WaterBody,,,"200702071940","2",Perennial,"2",Natural,Pool,"-99",Unknown,"3",MinorRiver,,,LGATE-016-filtered_points,/Users/293003c/Library/CloudStorage/OneDrive-Curtin/Projects/TCZ-research/water point GIS/Edited-layers/LGATE-016-filtered_points.shp,40.000000000000000,,,,
-505123.536496374,-2033765.37660234,"1",WaterBody,,,"200702071940","2",Perennial,"2",Natural,Pool,"-99",Unknown,"3",MinorRiver,,,LGATE-016-filtered_points,/Users/293003c/Library/CloudStorage/OneDrive-Curtin/Projects/TCZ-research/water point GIS/Edited-layers/LGATE-016-filtered_points.shp,37.000000000000000,,,,
-510171.104961593,-1934624.26998249,"1",WaterBody,Watery River,Watery River,"200702071940","2",Perennial,"2",Natural,Pool,"-99",Unknown,"3",MinorRiver,,,LGATE-016-filtered_points,/Users/293003c/Library/CloudStorage/OneDrive-Curtin/Projects/TCZ-research/water point GIS/Edited-layers/LGATE-016-filtered_points.shp,47.000000000000000,,,,
-547538.021489058,-1947355.67925767,"1",WaterBody,,,"200702071940","2",Perennial,"2",Natural,Pool,"-99",Unknown,"3",MinorRiver,,,LGATE-016-filtered_points,/Users/293003c/Library/CloudStorage/OneDrive-Curtin/Projects/TCZ-research/water point GIS/Edited-layers/LGATE-016-filtered_points.shp,44.000000000000000,,,,
-500940.798273102,-2000208.59977709,"1",WaterBody,Mary River,Mary River,"200702071940","2",Perennial,"2",Natural,Pool,"-99",Unknown,"3",MinorRiver,,,LGATE-016-filtered_points,/Users/293003c/Library/CloudStorage/OneDrive-Curtin/Projects/TCZ-research/water point GIS/Edited-layers/LGATE-016-filtered_points.shp,39.000000000000000,,,,
-433808.112294723,-1965729.40531316,"1",WaterBody,,,"200702071940","2",Perennial,"2",Natural,Pool,"-99",Unknown,"2",MajorRiver,,,LGATE-016-filtered_points,/Users/293003c/Library/CloudStorage/OneDrive-Curtin/Projects/TCZ-research/water point GIS/Edited-layers/LGATE-016-filtered_points.shp,37.000000000000000,"1",,,
-584353.276969823,-1938385.38275186,"1",WaterBody,,,"200702071939","2",Perennial,"2",Natural,Pool,"-99",Unknown,"3",MinorRiver,,,LGATE-016-filtered_points,/Users/293003c/Library/CloudStorage/OneDrive-Curtin/Projects/TCZ-research/water point GIS/Edited-layers/LGATE-016-filtered_points.shp,41.000000000000000,,,,
-397588.676711128,-1927282.40287827,"1",WaterBody,Elvire River,Elvire River,"200702071939","2",Perennial,"2",Natural,Pool,"-99",Unknown,"2",MajorRiver,,,LGATE-016-filtered_points,/Users/293003c/Library/CloudStorage/OneDrive-Curtin/Projects/TCZ-research/water point GIS/Edited-layers/LGATE-016-filtered_points.shp,36.000000000000000,"1",,,
-397619.070916231,-1927265.80628652,"1",WaterBody,Elvire River,Elvire River,"200702071939","2",Perennial,"2",Natural,Pool,"-99",Unknown,"2",MajorRiver,,,LGATE-016-filtered_points,/Users/293003c/Library/CloudStorage/OneDrive-Curtin/Projects/TCZ-research/water point GIS/Edited-layers/LGATE-016-filtered_points.shp,36.000000000000000,"1",,,
-464808.860267024,-1978163.64438111,"1",WaterBody,,,"200702071939","2",Perennial,"1",Manmade,EarthDam,"-99",Unknown,"3",MinorRiver,,,LGATE-016-filtered_points,/Users/293003c/Library/CloudStorage/OneDrive-Curtin/Projects/TCZ-research/water point GIS/Edited-layers/LGATE-016-filtered_points.shp,41.000000000000000,,,,
-481555.587596224,-1985869.77065178,"1",WaterBody,Mary River,Mary River,"200702071939","2",Perennial,"2",Natural,Pool,"-99",Unknown,"3",MinorRiver,,,LGATE-016-filtered_points,/Users/293003c/Library/CloudStorage/OneDrive-Curtin/Projects/TCZ-research/water point GIS/Edited-layers/LGATE-016-filtered_points.shp,40.000000000000000,,,,
-588839.536875882,-1990670.58317615,"1",WaterBody,,,"200702071939","2",Perennial,"2",Natural,Pool,"-99",Unknown,"3",MinorRiver,,,LGATE-016-filtered_points,/Users/293003c/Library/CloudStorage/OneDrive-Curtin/Projects/TCZ-research/water point GIS/Edited-layers/LGATE-016-filtered_points.shp,38.000000000000000,,,,
-583154.642517305,-1948983.80006484,"1",WaterBody,,,"200702071940","2",Perennial,"2",Natural,Pool,"-99",Unknown,"3",MinorRiver,,,LGATE-016-filtered_points,/Users/293003c/Library/CloudStorage/OneDrive-Curtin/Projects/TCZ-research/water point GIS/Edited-layers/LGATE-016-filtered_points.shp,41.000000000000000,,,,
-595082.635589604,-1939360.1020712,"1",WaterBody,,,"200702071939","2",Perennial,"2",Natural,Pool,"-99",Unknown,"3",MinorRiver,,,LGATE-016-filtered_points,/Users/293003c/Library/CloudStorage/OneDrive-Curtin/Projects/TCZ-research/water point GIS/Edited-layers/LGATE-016-filtered_points.shp,40.000000000000000,,,,
-397450.130597994,-1927539.0478021,"1",WaterBody,Elvire River,Elvire River,"200702071940","2",Perennial,"2",Natural,Pool,"-99",Unknown,"2",MajorRiver,,,LGATE-016-filtered_points,/Users/293003c/Library/CloudStorage/OneDrive-Curtin/Projects/TCZ-research/water point GIS/Edited-layers/LGATE-016-filtered_points.shp,36.000000000000000,"1",,,
-572354.262735412,-1938786.23711758,"1",WaterBody,,,"200702071940","2",Perennial,"2",Natural,Pool,"-99",Unknown,"3",MinorRiver,,,LGATE-016-filtered_points,/Users/293003c/Library/CloudStorage/OneDrive-Curtin/Projects/TCZ-research/water point GIS/Edited-layers/LGATE-016-filtered_points.shp,42.000000000000000,,,,
-570715.307752589,-1983311.39620435,"1",WaterBody,Margaret River,Margaret River,"200702071939","2",Perennial,"2",Natural,Pool,"-99",Unknown,"2",MajorRiver,,,LGATE-016-filtered_points,/Users/293003c/Library/CloudStorage/OneDrive-Curtin/Projects/TCZ-research/water point GIS/Edited-layers/LGATE-016-filtered_points.shp,37.000000000000000,,,,
-551303.977489188,-1951175.84599682,"1",WaterBody,,,"200702071939","2",Perennial,"2",Natural,Pool,"-99",Unknown,"3",MinorRiver,,,LGATE-016-filtered_points,/Users/293003c/Library/CloudStorage/OneDrive-Curtin/Projects/TCZ-research/water point GIS/Edited-layers/LGATE-016-filtered_points.shp,41.000000000000000,,,,
-537987.447399294,-1955731.63110106,"1",WaterBody,O'Donnell River,O'Donnell River,"200702071940","2",Perennial,"2",Natural,Pool,"-99",Unknown,"2",MajorRiver,,,LGATE-016-filtered_points,/Users/293003c/Library/CloudStorage/OneDrive-Curtin/Projects/TCZ-research/water point GIS/Edited-layers/LGATE-016-filtered_points.shp,41.000000000000000,,,,
-550492.538504951,-1954364.04718097,"1",WaterBody,,,"200702071939","2",Perennial,"2",Natural,Pool,"-99",Unknown,"3",MinorRiver,,,LGATE-016-filtered_points,/Users/293003c/Library/CloudStorage/OneDrive-Curtin/Projects/TCZ-research/water point GIS/Edited-layers/LGATE-016-filtered_points.shp,41.000000000000000,,,,
-535392.599543133,-1943676.14279311,"1",WaterBody,,,"200702071940","2",Perennial,"2",Natural,Pool,"-99",Unknown,"3",MinorRiver,,,LGATE-016-filtered_points,/Users/293003c/Library/CloudStorage/OneDrive-Curtin/Projects/TCZ-research/water point GIS/Edited-layers/LGATE-016-filtered_points.shp,44.000000000000000,,,,
-551811.454788385,-1947378.37088145,"1",WaterBody,,,"200702071939","2",Perennial,"2",Natural,Pool,"-99",Unknown,"3",MinorRiver,,,LGATE-016-filtered_points,/Users/293003c/Library/CloudStorage/OneDrive-Curtin/Projects/TCZ-research/water point GIS/Edited-layers/LGATE-016-filtered_points.shp,44.000000000000000,,,,
-504018.571700042,-2019970.98183331,"1",WaterBody,,,"200702071940","2",Perennial,"2",Natural,Pool,"-99",Unknown,"3",MinorRiver,,,LGATE-016-filtered_points,/Users/293003c/Library/CloudStorage/OneDrive-Curtin/Projects/TCZ-research/water point GIS/Edited-layers/LGATE-016-filtered_points.shp,40.000000000000000,,,,
-374566.720478944,-2010226.11865248,"1",WaterBody,Sturt Creek,Sturt Creek,"200702071247","2",Perennial,"2",Natural,Pool,"-99",Unknown,"2",MajorRiver,,,LGATE-016-filtered_points,/Users/293003c/Library/CloudStorage/OneDrive-Curtin/Projects/TCZ-research/water point GIS/Edited-layers/LGATE-016-filtered_points.shp,32.000000000000000,,,,
-358009.977319976,-1998777.15387768,"1",WaterBody,,,"200702071247","2",Perennial,"2",Natural,Pool,"-99",Unknown,"-99",Unknown,,,LGATE-016-filtered_points,/Users/293003c/Library/CloudStorage/OneDrive-Curtin/Projects/TCZ-research/water point GIS/Edited-layers/LGATE-016-filtered_points.shp,32.000000000000000,,,,
-400056.420392533,-1925062.4739504,"1",WaterBody,Elvire River,Elvire River,"200702071940","2",Perennial,"2",Natural,Pool,"-99",Unknown,"2",MajorRiver,,,LGATE-016-filtered_points,/Users/293003c/Library/CloudStorage/OneDrive-Curtin/Projects/TCZ-research/water point GIS/Edited-layers/LGATE-016-filtered_points.shp,36.000000000000000,"1",,,
-548949.31233975,-1948513.78855871,"1",WaterBody,,,"200702071940","2",Perennial,"2",Natural,Pool,"-99",Unknown,"3",MinorRiver,,,LGATE-016-filtered_points,/Users/293003c/Library/CloudStorage/OneDrive-Curtin/Projects/TCZ-research/water point GIS/Edited-layers/LGATE-016-filtered_points.shp,44.000000000000000,,,,
-588818.808382642,-1961748.94777734,"1",WaterBody,,,"200702071940","2",Perennial,"2",Natural,Pool,"-99",Unknown,"3",MinorRiver,,,LGATE-016-filtered_points,/Users/293003c/Library/CloudStorage/OneDrive-Curtin/Projects/TCZ-research/water point GIS/Edited-layers/LGATE-016-filtered_points.shp,41.000000000000000,,,,
-598220.604046966,-1934602.46226962,"1",WaterBody,,,"200702071939","2",Perennial,"2",Natural,Pool,"-99",Unknown,"2",MajorRiver,,,LGATE-016-filtered_points,/Users/293003c/Library/CloudStorage/OneDrive-Curtin/Projects/TCZ-research/water point GIS/Edited-layers/LGATE-016-filtered_points.shp,40.000000000000000,,,,
-570979.701883544,-1982810.46115628,"1",WaterBody,Margaret River,Margaret River,"200702071940","2",Perennial,"2",Natural,Pool,"-99",Unknown,"2",MajorRiver,,,LGATE-016-filtered_points,/Users/293003c/Library/CloudStorage/OneDrive-Curtin/Projects/TCZ-research/water point GIS/Edited-layers/LGATE-016-filtered_points.shp,37.000000000000000,,,,
-579503.371338102,-1946268.85416401,"1",WaterBody,,,"200702071940","2",Perennial,"2",Natural,Pool,"-99",Unknown,"3",MinorRiver,,,LGATE-016-filtered_points,/Users/293003c/Library/CloudStorage/OneDrive-Curtin/Projects/TCZ-research/water point GIS/Edited-layers/LGATE-016-filtered_points.shp,41.000000000000000,,,,
-585811.822072308,-1957783.46589558,"1",WaterBody,,,"200702071939","2",Perennial,"2",Natural,Pool,"-99",Unknown,"3",MinorRiver,,,LGATE-016-filtered_points,/Users/293003c/Library/CloudStorage/OneDrive-Curtin/Projects/TCZ-research/water point GIS/Edited-layers/LGATE-016-filtered_points.shp,41.000000000000000,,,,
-476337.954794782,-1985763.8888409,"1",WaterBody,Mary River,Mary River,"200702071939","2",Perennial,"2",Natural,Pool,"-99",Unknown,"3",MinorRiver,,,LGATE-016-filtered_points,/Users/293003c/Library/CloudStorage/OneDrive-Curtin/Projects/TCZ-research/water point GIS/Edited-layers/LGATE-016-filtered_points.shp,41.000000000000000,,,,
-548922.825707293,-1930028.43459955,"1",WaterBody,Little Gold River,Little Gold River,"200702071939","2",Perennial,"2",Natural,Pool,"-99",Unknown,"3",MinorRiver,,,LGATE-016-filtered_points,/Users/293003c/Library/CloudStorage/OneDrive-Curtin/Projects/TCZ-research/water point GIS/Edited-layers/LGATE-016-filtered_points.shp,44.000000000000000,,,,
-547688.776467578,-1929402.72165023,"1",WaterBody,Little Gold River,Little Gold River,"200702071939","2",Perennial,"2",Natural,Pool,"-99",Unknown,"3",MinorRiver,,,LGATE-016-filtered_points,/Users/293003c/Library/CloudStorage/OneDrive-Curtin/Projects/TCZ-research/water point GIS/Edited-layers/LGATE-016-filtered_points.shp,44.000000000000000,,,,
-574969.316631392,-1947327.54363623,"1",WaterBody,,,"200702071940","2",Perennial,"2",Natural,Pool,"-99",Unknown,"3",MinorRiver,,,LGATE-016-filtered_points,/Users/293003c/Library/CloudStorage/OneDrive-Curtin/Projects/TCZ-research/water point GIS/Edited-layers/LGATE-016-filtered_points.shp,43.000000000000000,,,,
-329932.384735081,-1931065.07053931,"1",WaterBody,,,"200702071247","2",Perennial,"2",Natural,Pool,"-99",Unknown,"2",MajorRiver,,,LGATE-016-filtered_points,/Users/293003c/Library/CloudStorage/OneDrive-Curtin/Projects/TCZ-research/water point GIS/Edited-layers/LGATE-016-filtered_points.shp,36.000000000000000,"1",,,
-475261.624287777,-1968843.79610828,"1",WaterBody,,,"200702071939","2",Perennial,"1",Manmade,EarthDam,"-99",Unknown,"3",MinorRiver,,,LGATE-016-filtered_points,/Users/293003c/Library/CloudStorage/OneDrive-Curtin/Projects/TCZ-research/water point GIS/Edited-layers/LGATE-016-filtered_points.shp,42.000000000000000,,,,
-490666.210587025,-1991151.62830006,"1",WaterBody,Mary River,Mary River,"200702071940","2",Perennial,"2",Natural,Pool,"-99",Unknown,"3",MinorRiver,,,LGATE-016-filtered_points,/Users/293003c/Library/CloudStorage/OneDrive-Curtin/Projects/TCZ-research/water point GIS/Edited-layers/LGATE-016-filtered_points.shp,40.000000000000000,,,,
-328467.993758248,-1929484.68149853,"1",WaterBody,Clean Skin Creek,Clean Skin Creek,"200702071247","2",Perennial,"2",Natural,Pool,"-99",Unknown,"-99",Unknown,,,LGATE-016-filtered_points,/Users/293003c/Library/CloudStorage/OneDrive-Curtin/Projects/TCZ-research/water point GIS/Edited-layers/LGATE-016-filtered_points.shp,36.000000000000000,"1",,,
-595098.051533536,-1939763.25927906,"1",WaterBody,,,"200702071940","2",Perennial,"2",Natural,Pool,"-99",Unknown,"3",MinorRiver,,,LGATE-016-filtered_points,/Users/293003c/Library/CloudStorage/OneDrive-Curtin/Projects/TCZ-research/water point GIS/Edited-layers/LGATE-016-filtered_points.shp,40.000000000000000,,,,
-432532.013540496,-1979327.30518488,"1",WaterBody,,,"200702071940","2",Perennial,"2",Natural,Pool,"-99",Unknown,"3",MinorRiver,,,LGATE-016-filtered_points,/Users/293003c/Library/CloudStorage/OneDrive-Curtin/Projects/TCZ-research/water point GIS/Edited-layers/LGATE-016-filtered_points.shp,36.000000000000000,"1",,,
-327602.121266884,-1929373.27804572,"1",WaterBody,,,"200702071247","2",Perennial,"2",Natural,Pool,"-99",Unknown,"2",MajorRiver,,,LGATE-016-filtered_points,/Users/293003c/Library/CloudStorage/OneDrive-Curtin/Projects/TCZ-research/water point GIS/Edited-layers/LGATE-016-filtered_points.shp,36.000000000000000,"1",,,
-317761.141886932,-1923097.51317012,"1",WaterBody,,,"200702071247","2",Perennial,"2",Natural,Pool,"-99",Unknown,"-99",Unknown,,,LGATE-016-filtered_points,/Users/293003c/Library/CloudStorage/OneDrive-Curtin/Projects/TCZ-research/water point GIS/Edited-layers/LGATE-016-filtered_points.shp,36.000000000000000,"1",,,
-486947.978220347,-1988901.52034375,"1",WaterBody,Mary River,Mary River,"200702071940","2",Perennial,"2",Natural,Pool,"-99",Unknown,"3",MinorRiver,,,LGATE-016-filtered_points,/Users/293003c/Library/CloudStorage/OneDrive-Curtin/Projects/TCZ-research/water point GIS/Edited-layers/LGATE-016-filtered_points.shp,40.000000000000000,,,,
-415660.327755594,-1953824.13827631,"1",WaterBody,Elvire River,Elvire River,"200702071247","2",Perennial,"2",Natural,Pool,"-99",Unknown,"2",MajorRiver,,,LGATE-016-filtered_points,/Users/293003c/Library/CloudStorage/OneDrive-Curtin/Projects/TCZ-research/water point GIS/Edited-layers/LGATE-016-filtered_points.shp,36.000000000000000,"1",,,
-482023.384143799,-1956353.5450592,"1",WaterBody,Station Creek,Station Creek,"200702071940","2",Perennial,"2",Natural,Pool,"-99",Unknown,"3",MinorRiver,,,LGATE-016-filtered_points,/Users/293003c/Library/CloudStorage/OneDrive-Curtin/Projects/TCZ-research/water point GIS/Edited-layers/LGATE-016-filtered_points.shp,43.000000000000000,,,,
-467984.668259145,-1982543.6188523,"1",WaterBody,,,"200702071939","2",Perennial,"1",Manmade,EarthDam,"-99",Unknown,"3",MinorRiver,,,LGATE-016-filtered_points,/Users/293003c/Library/CloudStorage/OneDrive-Curtin/Projects/TCZ-research/water point GIS/Edited-layers/LGATE-016-filtered_points.shp,41.000000000000000,,,,
-607720.490914202,-2036758.89778347,"1",WaterBody,Christmas Creek,Christmas Creek,"200702071940","2",Perennial,"2",Natural,Pool,"-99",Unknown,"2",MajorRiver,,,LGATE-016-filtered_points,/Users/293003c/Library/CloudStorage/OneDrive-Curtin/Projects/TCZ-research/water point GIS/Edited-layers/LGATE-016-filtered_points.shp,33.000000000000000,,,,
-580132.242327448,-1970590.49017577,"1",WaterBody,Margaret River,Margaret River,"200702071939","2",Perennial,"2",Natural,Pool,"-99",Unknown,"2",MajorRiver,,,LGATE-016-filtered_points,/Users/293003c/Library/CloudStorage/OneDrive-Curtin/Projects/TCZ-research/water point GIS/Edited-layers/LGATE-016-filtered_points.shp,37.000000000000000,,,,
-580654.727885527,-1970489.98622644,"1",WaterBody,Margaret River,Margaret River,"200702071939","2",Perennial,"2",Natural,Pool,"-99",Unknown,"2",MajorRiver,,,LGATE-016-filtered_points,/Users/293003c/Library/CloudStorage/OneDrive-Curtin/Projects/TCZ-research/water point GIS/Edited-layers/LGATE-016-filtered_points.shp,37.000000000000000,,,,
-475754.030747742,-1999959.55903182,"1",WaterBody,,,"200702071939","2",Perennial,"2",Natural,Pool,"-99",Unknown,"3",MinorRiver,,,LGATE-016-filtered_points,/Users/293003c/Library/CloudStorage/OneDrive-Curtin/Projects/TCZ-research/water point GIS/Edited-layers/LGATE-016-filtered_points.shp,40.000000000000000,,,,
-521728.937000414,-2011337.9676217,"1",WaterBody,Mary River,Mary River,"200702071940","2",Perennial,"2",Natural,Pool,"-99",Unknown,"3",MinorRiver,,,LGATE-016-filtered_points,/Users/293003c/Library/CloudStorage/OneDrive-Curtin/Projects/TCZ-research/water point GIS/Edited-layers/LGATE-016-filtered_points.shp,38.000000000000000,,,,
-588413.050126507,-1961178.41801473,"1",WaterBody,,,"200702071939","2",Perennial,"2",Natural,Pool,"-99",Unknown,"3",MinorRiver,,,LGATE-016-filtered_points,/Users/293003c/Library/CloudStorage/OneDrive-Curtin/Projects/TCZ-research/water point GIS/Edited-layers/LGATE-016-filtered_points.shp,41.000000000000000,,,,
-390485.065541257,-2036879.1183515,"1",WaterBody,,,"200702071247","2",Perennial,"2",Natural,Pool,"-99",Unknown,"-99",Unknown,,,LGATE-016-filtered_points,/Users/293003c/Library/CloudStorage/OneDrive-Curtin/Projects/TCZ-research/water point GIS/Edited-layers/LGATE-016-filtered_points.shp,30.000000000000000,,,,
-363980.098660198,-1927515.40455213,"1",WaterBody,Nicholson River,Nicholson River,"200702071247","2",Perennial,"2",Natural,Pool,"-99",Unknown,"2",MajorRiver,,,LGATE-016-filtered_points,/Users/293003c/Library/CloudStorage/OneDrive-Curtin/Projects/TCZ-research/water point GIS/Edited-layers/LGATE-016-filtered_points.shp,36.000000000000000,"1",,,
-545179.363400412,-2013009.89466641,"1",WaterBody,Margaret River,Margaret River,"200702071939","2",Perennial,"2",Natural,Pool,"-99",Unknown,"2",MajorRiver,,,LGATE-016-filtered_points,/Users/293003c/Library/CloudStorage/OneDrive-Curtin/Projects/TCZ-research/water point GIS/Edited-layers/LGATE-016-filtered_points.shp,37.000000000000000,,,,
-562945.370310031,-1936151.10115785,"1",WaterBody,Little Gold River,Little Gold River,"200702071940","2",Perennial,"2",Natural,Pool,"-99",Unknown,"3",MinorRiver,,,LGATE-016-filtered_points,/Users/293003c/Library/CloudStorage/OneDrive-Curtin/Projects/TCZ-research/water point GIS/Edited-layers/LGATE-016-filtered_points.shp,42.000000000000000,,,,
-511200.519344778,-1930250.03547872,"1",WaterBody,Watery River,Watery River,"200702071939","2",Perennial,"2",Natural,Pool,"-99",Unknown,"3",MinorRiver,,,LGATE-016-filtered_points,/Users/293003c/Library/CloudStorage/OneDrive-Curtin/Projects/TCZ-research/water point GIS/Edited-layers/LGATE-016-filtered_points.shp,47.000000000000000,,,,
-524945.217314617,-1943155.54205033,"1",WaterBody,O'Donnell River,O'Donnell River,"200702071940","2",Perennial,"2",Natural,Pool,"-99",Unknown,"2",MajorRiver,,,LGATE-016-filtered_points,/Users/293003c/Library/CloudStorage/OneDrive-Curtin/Projects/TCZ-research/water point GIS/Edited-layers/LGATE-016-filtered_points.shp,44.000000000000000,,,,
-584165.473745565,-1938323.43380958,"1",WaterBody,,,"200702071939","2",Perennial,"2",Natural,Pool,"-99",Unknown,"3",MinorRiver,,,LGATE-016-filtered_points,/Users/293003c/Library/CloudStorage/OneDrive-Curtin/Projects/TCZ-research/water point GIS/Edited-layers/LGATE-016-filtered_points.shp,41.000000000000000,,,,
-567294.907309589,-1935498.03459243,"1",WaterBody,Little Gold River,Little Gold River,"200702071940","2",Perennial,"2",Natural,Pool,"-99",Unknown,"3",MinorRiver,,,LGATE-016-filtered_points,/Users/293003c/Library/CloudStorage/OneDrive-Curtin/Projects/TCZ-research/water point GIS/Edited-layers/LGATE-016-filtered_points.shp,42.000000000000000,,,,
-475357.146754404,-2003914.10521898,"1",WaterBody,,,"200702071939","2",Perennial,"2",Natural,Pool,"-99",Unknown,"3",MinorRiver,,,LGATE-016-filtered_points,/Users/293003c/Library/CloudStorage/OneDrive-Curtin/Projects/TCZ-research/water point GIS/Edited-layers/LGATE-016-filtered_points.shp,38.000000000000000,,,,
-577201.327836308,-1930040.61358186,"1",WaterBody,Leopold River,Leopold River,"200702071939","2",Perennial,"2",Natural,Pool,"-99",Unknown,"2",MajorRiver,,,LGATE-016-filtered_points,/Users/293003c/Library/CloudStorage/OneDrive-Curtin/Projects/TCZ-research/water point GIS/Edited-layers/LGATE-016-filtered_points.shp,41.000000000000000,,,,
-578483.480767184,-1931431.67586154,"1",WaterBody,Leopold River,Leopold River,"200702071939","2",Perennial,"2",Natural,Pool,"-99",Unknown,"2",MajorRiver,,,LGATE-016-filtered_points,/Users/293003c/Library/CloudStorage/OneDrive-Curtin/Projects/TCZ-research/water point GIS/Edited-layers/LGATE-016-filtered_points.shp,41.000000000000000,,,,
-578000.803368719,-1930770.00109956,"1",WaterBody,Leopold River,Leopold River,"200702071939","2",Perennial,"2",Natural,Pool,"-99",Unknown,"2",MajorRiver,,,LGATE-016-filtered_points,/Users/293003c/Library/CloudStorage/OneDrive-Curtin/Projects/TCZ-research/water point GIS/Edited-layers/LGATE-016-filtered_points.shp,41.000000000000000,,,,
-490522.575688984,-1990766.78744754,"1",WaterBody,Mary River,Mary River,"200702071940","2",Perennial,"2",Natural,Pool,"-99",Unknown,"3",MinorRiver,,,LGATE-016-filtered_points,/Users/293003c/Library/CloudStorage/OneDrive-Curtin/Projects/TCZ-research/water point GIS/Edited-layers/LGATE-016-filtered_points.shp,40.000000000000000,,,,
-393958.233544316,-2051844.66407817,"1",WaterBody,,,"200702071247","2",Perennial,"2",Natural,Pool,"-99",Unknown,"-99",Unknown,,,LGATE-016-filtered_points,/Users/293003c/Library/CloudStorage/OneDrive-Curtin/Projects/TCZ-research/water point GIS/Edited-layers/LGATE-016-filtered_points.shp,30.000000000000000,,,,
-554145.282151098,-1956177.0526951,"1",WaterBody,,,"200702071940","2",Perennial,"2",Natural,Pool,"-99",Unknown,"3",MinorRiver,,,LGATE-016-filtered_points,/Users/293003c/Library/CloudStorage/OneDrive-Curtin/Projects/TCZ-research/water point GIS/Edited-layers/LGATE-016-filtered_points.shp,41.000000000000000,,,,
-510753.755506952,-1933985.58804495,"1",WaterBody,Watery River,Watery River,"200702071940","2",Perennial,"2",Natural,Pool,"-99",Unknown,"3",MinorRiver,,,LGATE-016-filtered_points,/Users/293003c/Library/CloudStorage/OneDrive-Curtin/Projects/TCZ-research/water point GIS/Edited-layers/LGATE-016-filtered_points.shp,47.000000000000000,,,,
-584245.516139787,-1938240.61846687,"1",WaterBody,,,"200702071940","2",Perennial,"2",Natural,Pool,"-99",Unknown,"3",MinorRiver,,,LGATE-016-filtered_points,/Users/293003c/Library/CloudStorage/OneDrive-Curtin/Projects/TCZ-research/water point GIS/Edited-layers/LGATE-016-filtered_points.shp,41.000000000000000,,,,
-567386.360046362,-1935242.38382972,"1",WaterBody,Little Gold River,Little Gold River,"200702071940","2",Perennial,"2",Natural,Pool,"-99",Unknown,"3",MinorRiver,,,LGATE-016-filtered_points,/Users/293003c/Library/CloudStorage/OneDrive-Curtin/Projects/TCZ-research/water point GIS/Edited-layers/LGATE-016-filtered_points.shp,42.000000000000000,,,,
-537675.181240218,-1949907.61484408,"1",WaterBody,,,"200702071940","2",Perennial,"2",Natural,Pool,"-99",Unknown,"3",MinorRiver,,,LGATE-016-filtered_points,/Users/293003c/Library/CloudStorage/OneDrive-Curtin/Projects/TCZ-research/water point GIS/Edited-layers/LGATE-016-filtered_points.shp,41.000000000000000,,,,
-573055.089997728,-1941160.93096815,"1",WaterBody,,,"200702071939","2",Perennial,"2",Natural,Pool,"-99",Unknown,"3",MinorRiver,,,LGATE-016-filtered_points,/Users/293003c/Library/CloudStorage/OneDrive-Curtin/Projects/TCZ-research/water point GIS/Edited-layers/LGATE-016-filtered_points.shp,43.000000000000000,,,,
-507048.289786916,-2004077.37227166,"1",WaterBody,Mary River,Mary River,"200702071940","2",Perennial,"2",Natural,Pool,"-99",Unknown,"3",MinorRiver,,,LGATE-016-filtered_points,/Users/293003c/Library/CloudStorage/OneDrive-Curtin/Projects/TCZ-research/water point GIS/Edited-layers/LGATE-016-filtered_points.shp,38.000000000000000,,,,
-507748.430791759,-2005399.64138738,"1",WaterBody,Mary River,Mary River,"200702071940","2",Perennial,"2",Natural,Pool,"-99",Unknown,"3",MinorRiver,,,LGATE-016-filtered_points,/Users/293003c/Library/CloudStorage/OneDrive-Curtin/Projects/TCZ-research/water point GIS/Edited-layers/LGATE-016-filtered_points.shp,38.000000000000000,,,,
-511012.372246348,-2018197.65038144,"1",WaterBody,,,"200702071939","2",Perennial,"2",Natural,Pool,"-99",Unknown,"3",MinorRiver,,,LGATE-016-filtered_points,/Users/293003c/Library/CloudStorage/OneDrive-Curtin/Projects/TCZ-research/water point GIS/Edited-layers/LGATE-016-filtered_points.shp,37.000000000000000,,,,
-575095.305872114,-1945181.13011423,"1",WaterBody,,,"200702071939","2",Perennial,"2",Natural,Pool,"-99",Unknown,"3",MinorRiver,,,LGATE-016-filtered_points,/Users/293003c/Library/CloudStorage/OneDrive-Curtin/Projects/TCZ-research/water point GIS/Edited-layers/LGATE-016-filtered_points.shp,43.000000000000000,,,,
-501555.568035254,-2000957.02373161,"1",WaterBody,Mary River,Mary River,"200702071939","2",Perennial,"2",Natural,Pool,"-99",Unknown,"3",MinorRiver,,,LGATE-016-filtered_points,/Users/293003c/Library/CloudStorage/OneDrive-Curtin/Projects/TCZ-research/water point GIS/Edited-layers/LGATE-016-filtered_points.shp,39.000000000000000,,,,
-442886.790290613,-1978499.19432958,"1",WaterBody,Black Elvire River,Black Elvire River,"200702071940","2",Perennial,"2",Natural,Pool,"-99",Unknown,"2",MajorRiver,,,LGATE-016-filtered_points,/Users/293003c/Library/CloudStorage/OneDrive-Curtin/Projects/TCZ-research/water point GIS/Edited-layers/LGATE-016-filtered_points.shp,38.000000000000000,"1",,,
-589983.722482428,-1961718.10878721,"1",WaterBody,,,"200702071940","2",Perennial,"2",Natural,Pool,"-99",Unknown,"3",MinorRiver,,,LGATE-016-filtered_points,/Users/293003c/Library/CloudStorage/OneDrive-Curtin/Projects/TCZ-research/water point GIS/Edited-layers/LGATE-016-filtered_points.shp,41.000000000000000,,,,
-605308.890949015,-2035561.36195944,"1",WaterBody,Christmas Creek,Christmas Creek,"200702071940","2",Perennial,"2",Natural,Pool,"-99",Unknown,"2",MajorRiver,,,LGATE-016-filtered_points,/Users/293003c/Library/CloudStorage/OneDrive-Curtin/Projects/TCZ-research/water point GIS/Edited-layers/LGATE-016-filtered_points.shp,33.000000000000000,,,,
-546107.456213204,-1937656.67872015,"1",WaterBody,,,"200702071939","2",Perennial,"2",Natural,Pool,"-99",Unknown,"3",MinorRiver,,,LGATE-016-filtered_points,/Users/293003c/Library/CloudStorage/OneDrive-Curtin/Projects/TCZ-research/water point GIS/Edited-layers/LGATE-016-filtered_points.shp,44.000000000000000,,,,
-608199.54428714,-1939805.41931536,"1",WaterBody,Leopold River,Leopold River,"200702071940","2",Perennial,"2",Natural,Pool,"-99",Unknown,"2",MajorRiver,,,LGATE-016-filtered_points,/Users/293003c/Library/CloudStorage/OneDrive-Curtin/Projects/TCZ-research/water point GIS/Edited-layers/LGATE-016-filtered_points.shp,40.000000000000000,,,,
-539835.287262536,-1929900.91178595,"1",WaterBody,,,"200702071940","2",Perennial,"2",Natural,Pool,"-99",Unknown,"3",MinorRiver,,,LGATE-016-filtered_points,/Users/293003c/Library/CloudStorage/OneDrive-Curtin/Projects/TCZ-research/water point GIS/Edited-layers/LGATE-016-filtered_points.shp,47.000000000000000,,,,
-579378.196927401,-1946453.92777418,"1",WaterBody,,,"200702071939","2",Perennial,"2",Natural,Pool,"-99",Unknown,"3",MinorRiver,,,LGATE-016-filtered_points,/Users/293003c/Library/CloudStorage/OneDrive-Curtin/Projects/TCZ-research/water point GIS/Edited-layers/LGATE-016-filtered_points.shp,41.000000000000000,,,,
-552664.429940435,-1969205.62808445,"1",WaterBody,,,"200702071940","2",Perennial,"2",Natural,Pool,"-99",Unknown,"3",MinorRiver,,,LGATE-016-filtered_points,/Users/293003c/Library/CloudStorage/OneDrive-Curtin/Projects/TCZ-research/water point GIS/Edited-layers/LGATE-016-filtered_points.shp,40.000000000000000,,,,
-582773.157215763,-1947933.81163255,"1",WaterBody,,,"200702071940","2",Perennial,"2",Natural,Pool,"-99",Unknown,"3",MinorRiver,,,LGATE-016-filtered_points,/Users/293003c/Library/CloudStorage/OneDrive-Curtin/Projects/TCZ-research/water point GIS/Edited-layers/LGATE-016-filtered_points.shp,41.000000000000000,,,,
-391525.664450098,-2048160.37480739,"1",WaterBody,Sturt Creek,Sturt Creek,"200702071247","2",Perennial,"2",Natural,Pool,"-99",Unknown,"2",MajorRiver,,,LGATE-016-filtered_points,/Users/293003c/Library/CloudStorage/OneDrive-Curtin/Projects/TCZ-research/water point GIS/Edited-layers/LGATE-016-filtered_points.shp,30.000000000000000,,,,
-390877.751902473,-2048104.65017369,"1",WaterBody,Sturt Creek,Sturt Creek,"200702071247","2",Perennial,"2",Natural,Pool,"-99",Unknown,"2",MajorRiver,,,LGATE-016-filtered_points,/Users/293003c/Library/CloudStorage/OneDrive-Curtin/Projects/TCZ-research/water point GIS/Edited-layers/LGATE-016-filtered_points.shp,30.000000000000000,,,,
-591680.257693862,-1941346.31029021,"1",WaterBody,,,"200702071939","2",Perennial,"2",Natural,Pool,"-99",Unknown,"3",MinorRiver,,,LGATE-016-filtered_points,/Users/293003c/Library/CloudStorage/OneDrive-Curtin/Projects/TCZ-research/water point GIS/Edited-layers/LGATE-016-filtered_points.shp,43.000000000000000,,,,
-591574.101096498,-1941737.39862532,"1",WaterBody,,,"200702071939","2",Perennial,"2",Natural,Pool,"-99",Unknown,"3",MinorRiver,,,LGATE-016-filtered_points,/Users/293003c/Library/CloudStorage/OneDrive-Curtin/Projects/TCZ-research/water point GIS/Edited-layers/LGATE-016-filtered_points.shp,43.000000000000000,,,,
-550053.282708799,-1955412.63043288,"1",WaterBody,,,"200702071940","2",Perennial,"2",Natural,Pool,"-99",Unknown,"3",MinorRiver,,,LGATE-016-filtered_points,/Users/293003c/Library/CloudStorage/OneDrive-Curtin/Projects/TCZ-research/water point GIS/Edited-layers/LGATE-016-filtered_points.shp,41.000000000000000,,,,
-506918.11227339,-2003926.92434006,"1",WaterBody,Mary River,Mary River,"200702071940","2",Perennial,"2",Natural,Pool,"-99",Unknown,"3",MinorRiver,,,LGATE-016-filtered_points,/Users/293003c/Library/CloudStorage/OneDrive-Curtin/Projects/TCZ-research/water point GIS/Edited-layers/LGATE-016-filtered_points.shp,38.000000000000000,,,,
-484213.05853958,-1987649.34003829,"1",WaterBody,Mary River,Mary River,"200702071940","2",Perennial,"2",Natural,Pool,"-99",Unknown,"3",MinorRiver,,,LGATE-016-filtered_points,/Users/293003c/Library/CloudStorage/OneDrive-Curtin/Projects/TCZ-research/water point GIS/Edited-layers/LGATE-016-filtered_points.shp,40.000000000000000,,,,
-608615.624156058,-1974732.80964666,"1",WaterBody,,,"200702071939","2",Perennial,"2",Natural,Pool,"-99",Unknown,"3",MinorRiver,,,LGATE-016-filtered_points,/Users/293003c/Library/CloudStorage/OneDrive-Curtin/Projects/TCZ-research/water point GIS/Edited-layers/LGATE-016-filtered_points.shp,37.000000000000000,,,,
-586119.055164274,-1947564.70271001,"1",WaterBody,,,"200702071940","2",Perennial,"2",Natural,Pool,"-99",Unknown,"3",MinorRiver,,,LGATE-016-filtered_points,/Users/293003c/Library/CloudStorage/OneDrive-Curtin/Projects/TCZ-research/water point GIS/Edited-layers/LGATE-016-filtered_points.shp,41.000000000000000,,,,
-597573.387903829,-1937898.27959808,"1",WaterBody,,,"200702071940","2",Perennial,"2",Natural,Pool,"-99",Unknown,"3",MinorRiver,,,LGATE-016-filtered_points,/Users/293003c/Library/CloudStorage/OneDrive-Curtin/Projects/TCZ-research/water point GIS/Edited-layers/LGATE-016-filtered_points.shp,40.000000000000000,,,,
-509048.322509488,-2006563.12658559,"1",WaterBody,Mary River,Mary River,"200702071940","2",Perennial,"2",Natural,Pool,"-99",Unknown,"3",MinorRiver,,,LGATE-016-filtered_points,/Users/293003c/Library/CloudStorage/OneDrive-Curtin/Projects/TCZ-research/water point GIS/Edited-layers/LGATE-016-filtered_points.shp,38.000000000000000,,,,
-424390.539388721,-1982013.57209671,"1",WaterBody,,,"200702071939","2",Perennial,"2",Natural,Pool,"-99",Unknown,"3",MinorRiver,,,LGATE-016-filtered_points,/Users/293003c/Library/CloudStorage/OneDrive-Curtin/Projects/TCZ-research/water point GIS/Edited-layers/LGATE-016-filtered_points.shp,35.000000000000000,"1",,,
-376183.46721746,-1946340.94197868,"1",WaterBody,,,"200702071247","2",Perennial,"2",Natural,Pool,"-99",Unknown,"-99",Unknown,,,LGATE-016-filtered_points,/Users/293003c/Library/CloudStorage/OneDrive-Curtin/Projects/TCZ-research/water point GIS/Edited-layers/LGATE-016-filtered_points.shp,36.000000000000000,"1",,,
-584725.742167026,-1940632.50418776,"1",WaterBody,,,"200702071940","2",Perennial,"2",Natural,Pool,"-99",Unknown,"3",MinorRiver,,,LGATE-016-filtered_points,/Users/293003c/Library/CloudStorage/OneDrive-Curtin/Projects/TCZ-research/water point GIS/Edited-layers/LGATE-016-filtered_points.shp,41.000000000000000,,,,
-521492.547138331,-1935217.51936205,"1",WaterBody,,,"200702071940","2",Perennial,"2",Natural,Pool,"-99",Unknown,"3",MinorRiver,,,LGATE-016-filtered_points,/Users/293003c/Library/CloudStorage/OneDrive-Curtin/Projects/TCZ-research/water point GIS/Edited-layers/LGATE-016-filtered_points.shp,46.000000000000000,,,,
-517520.72302575,-2022325.79598132,"1",WaterBody,Willy Willy Creek,Willy Willy Creek,"200702071939","2",Perennial,"2",Natural,Pool,"-99",Unknown,"3",MinorRiver,,,LGATE-016-filtered_points,/Users/293003c/Library/CloudStorage/OneDrive-Curtin/Projects/TCZ-research/water point GIS/Edited-layers/LGATE-016-filtered_points.shp,37.000000000000000,,,,
-544344.905504071,-1929368.76954628,"1",WaterBody,,,"200702071940","2",Perennial,"2",Natural,Pool,"-99",Unknown,"3",MinorRiver,,,LGATE-016-filtered_points,/Users/293003c/Library/CloudStorage/OneDrive-Curtin/Projects/TCZ-research/water point GIS/Edited-layers/LGATE-016-filtered_points.shp,47.000000000000000,,,,
-505299.352903035,-2007944.02364532,"1",WaterBody,Hangman Creek,Hangman Creek,"200702071940","2",Perennial,"2",Natural,Pool,"-99",Unknown,"3",MinorRiver,,,LGATE-016-filtered_points,/Users/293003c/Library/CloudStorage/OneDrive-Curtin/Projects/TCZ-research/water point GIS/Edited-layers/LGATE-016-filtered_points.shp,38.000000000000000,,,,
-394231.667663377,-1985292.6835349,"1",WaterBody,Cow Creek,Cow Creek,"200702071247","2",Perennial,"2",Natural,Pool,"-99",Unknown,"-99",Unknown,,,LGATE-016-filtered_points,/Users/293003c/Library/CloudStorage/OneDrive-Curtin/Projects/TCZ-research/water point GIS/Edited-layers/LGATE-016-filtered_points.shp,35.000000000000000,"1",,,
-492801.969946901,-1991008.71782266,"1",WaterBody,Mary River,Mary River,"200702071940","2",Perennial,"2",Natural,Pool,"-99",Unknown,"3",MinorRiver,,,LGATE-016-filtered_points,/Users/293003c/Library/CloudStorage/OneDrive-Curtin/Projects/TCZ-research/water point GIS/Edited-layers/LGATE-016-filtered_points.shp,40.000000000000000,,,,
-508011.667327723,-2033343.65035089,"1",WaterBody,,,"200702071939","2",Perennial,"2",Natural,Pool,"-99",Unknown,"3",MinorRiver,,,LGATE-016-filtered_points,/Users/293003c/Library/CloudStorage/OneDrive-Curtin/Projects/TCZ-research/water point GIS/Edited-layers/LGATE-016-filtered_points.shp,37.000000000000000,,,,
-509862.347296972,-1935729.63204502,"1",WaterBody,Watery River,Watery River,"200702071939","2",Perennial,"2",Natural,Pool,"-99",Unknown,"3",MinorRiver,,,LGATE-016-filtered_points,/Users/293003c/Library/CloudStorage/OneDrive-Curtin/Projects/TCZ-research/water point GIS/Edited-layers/LGATE-016-filtered_points.shp,47.000000000000000,,,,
-509865.81277913,-1935558.40240543,"1",WaterBody,Watery River,Watery River,"200702071939","2",Perennial,"2",Natural,Pool,"-99",Unknown,"3",MinorRiver,,,LGATE-016-filtered_points,/Users/293003c/Library/CloudStorage/OneDrive-Curtin/Projects/TCZ-research/water point GIS/Edited-layers/LGATE-016-filtered_points.shp,47.000000000000000,,,,
-369983.080591151,-2006584.07328188,"1",WaterBody,Sturt Creek,Sturt Creek,"200702071247","2",Perennial,"2",Natural,Pool,"-99",Unknown,"2",MajorRiver,,,LGATE-016-filtered_points,/Users/293003c/Library/CloudStorage/OneDrive-Curtin/Projects/TCZ-research/water point GIS/Edited-layers/LGATE-016-filtered_points.shp,32.000000000000000,,,,
-585443.572889277,-1968703.48483912,"1",WaterBody,,,"200702071940","2",Perennial,"2",Natural,Pool,"-99",Unknown,"3",MinorRiver,,,LGATE-016-filtered_points,/Users/293003c/Library/CloudStorage/OneDrive-Curtin/Projects/TCZ-research/water point GIS/Edited-layers/LGATE-016-filtered_points.shp,37.000000000000000,,,,
-586048.742693331,-1947269.00790003,"1",WaterBody,,,"200702071939","2",Perennial,"2",Natural,Pool,"-99",Unknown,"3",MinorRiver,,,LGATE-016-filtered_points,/Users/293003c/Library/CloudStorage/OneDrive-Curtin/Projects/TCZ-research/water point GIS/Edited-layers/LGATE-016-filtered_points.shp,41.000000000000000,,,,
-500336.12295349,-1963978.34261804,"1",WaterBody,,,"200702071939","2",Perennial,"2",Natural,Pool,"-99",Unknown,"3",MinorRiver,,,LGATE-016-filtered_points,/Users/293003c/Library/CloudStorage/OneDrive-Curtin/Projects/TCZ-research/water point GIS/Edited-layers/LGATE-016-filtered_points.shp,42.000000000000000,,,,
-440061.389672129,-2079751.36988692,"1",WaterBody,,,"200702071247","2",Perennial,"2",Natural,Pool,"-99",Unknown,"-99",Unknown,,,LGATE-016-filtered_points,/Users/293003c/Library/CloudStorage/OneDrive-Curtin/Projects/TCZ-research/water point GIS/Edited-layers/LGATE-016-filtered_points.shp,31.000000000000000,,,,
-440098.415134095,-2079653.84981268,"1",WaterBody,,,"200702071247","2",Perennial,"2",Natural,Pool,"-99",Unknown,"-99",Unknown,,,LGATE-016-filtered_points,/Users/293003c/Library/CloudStorage/OneDrive-Curtin/Projects/TCZ-research/water point GIS/Edited-layers/LGATE-016-filtered_points.shp,31.000000000000000,,,,
-363258.051676395,-2000868.17425438,"1",WaterBody,,,"200702071247","2",Perennial,"2",Natural,Pool,"-99",Unknown,"-99",Unknown,,,LGATE-016-filtered_points,/Users/293003c/Library/CloudStorage/OneDrive-Curtin/Projects/TCZ-research/water point GIS/Edited-layers/LGATE-016-filtered_points.shp,32.000000000000000,,,,
-328410.752906271,-1972282.15018951,"1",WaterBody,Sturt Creek,Sturt Creek,"200702071247","2",Perennial,"2",Natural,Pool,"-99",Unknown,"2",MajorRiver,,,LGATE-016-filtered_points,/Users/293003c/Library/CloudStorage/OneDrive-Curtin/Projects/TCZ-research/water point GIS/Edited-layers/LGATE-016-filtered_points.shp,33.000000000000000,"1",,,
-327139.819963478,-1972406.56962518,"1",WaterBody,Sturt Creek,Sturt Creek,"200702071247","2",Perennial,"2",Natural,Pool,"-99",Unknown,"2",MajorRiver,,,LGATE-016-filtered_points,/Users/293003c/Library/CloudStorage/OneDrive-Curtin/Projects/TCZ-research/water point GIS/Edited-layers/LGATE-016-filtered_points.shp,33.000000000000000,"1",,,
-325526.604805918,-1972572.50301669,"1",WaterBody,Sturt Creek,Sturt Creek,"200702071247","2",Perennial,"2",Natural,Pool,"-99",Unknown,"2",MajorRiver,,,LGATE-016-filtered_points,/Users/293003c/Library/CloudStorage/OneDrive-Curtin/Projects/TCZ-research/water point GIS/Edited-layers/LGATE-016-filtered_points.shp,33.000000000000000,"1",,,
-327323.083533261,-1972379.6221293,"1",WaterBody,Sturt Creek,Sturt Creek,"200702071247","2",Perennial,"2",Natural,Pool,"-99",Unknown,"2",MajorRiver,,,LGATE-016-filtered_points,/Users/293003c/Library/CloudStorage/OneDrive-Curtin/Projects/TCZ-research/water point GIS/Edited-layers/LGATE-016-filtered_points.shp,33.000000000000000,"1",,,
-441803.032606528,-1976844.65084712,"1",WaterBody,Black Elvire River,Black Elvire River,"200702071940","2",Perennial,"2",Natural,Pool,"-99",Unknown,"2",MajorRiver,,,LGATE-016-filtered_points,/Users/293003c/Library/CloudStorage/OneDrive-Curtin/Projects/TCZ-research/water point GIS/Edited-layers/LGATE-016-filtered_points.shp,38.000000000000000,"1",,,
-340978.905206728,-1937456.41956917,"1",WaterBody,,,"200702071247","2",Perennial,"2",Natural,Pool,"-99",Unknown,"2",MajorRiver,,,LGATE-016-filtered_points,/Users/293003c/Library/CloudStorage/OneDrive-Curtin/Projects/TCZ-research/water point GIS/Edited-layers/LGATE-016-filtered_points.shp,35.000000000000000,"1",,,
-554472.377844638,-1955663.03779407,"1",WaterBody,,,"200702071940","2",Perennial,"2",Natural,Pool,"-99",Unknown,"3",MinorRiver,,,LGATE-016-filtered_points,/Users/293003c/Library/CloudStorage/OneDrive-Curtin/Projects/TCZ-research/water point GIS/Edited-layers/LGATE-016-filtered_points.shp,41.000000000000000,,,,
-584326.356040012,-1938195.97971147,"1",WaterBody,,,"200702071940","2",Perennial,"2",Natural,Pool,"-99",Unknown,"3",MinorRiver,,,LGATE-016-filtered_points,/Users/293003c/Library/CloudStorage/OneDrive-Curtin/Projects/TCZ-research/water point GIS/Edited-layers/LGATE-016-filtered_points.shp,41.000000000000000,,,,
-595312.655450108,-1940457.1209466,"1",WaterBody,,,"200702071940","2",Perennial,"2",Natural,Pool,"-99",Unknown,"3",MinorRiver,,,LGATE-016-filtered_points,/Users/293003c/Library/CloudStorage/OneDrive-Curtin/Projects/TCZ-research/water point GIS/Edited-layers/LGATE-016-filtered_points.shp,40.000000000000000,,,,
-499401.889965263,-2011781.03106597,"1",WaterBody,Hangman Creek,Hangman Creek,"200702071940","2",Perennial,"2",Natural,Pool,"-99",Unknown,"3",MinorRiver,,,LGATE-016-filtered_points,/Users/293003c/Library/CloudStorage/OneDrive-Curtin/Projects/TCZ-research/water point GIS/Edited-layers/LGATE-016-filtered_points.shp,39.000000000000000,,,,
-547907.271526336,-1937054.60246812,"1",WaterBody,,,"200702071939","2",Perennial,"2",Natural,Pool,"-99",Unknown,"3",MinorRiver,,,LGATE-016-filtered_points,/Users/293003c/Library/CloudStorage/OneDrive-Curtin/Projects/TCZ-research/water point GIS/Edited-layers/LGATE-016-filtered_points.shp,44.000000000000000,,,,
-552962.211251181,-1968715.88469523,"1",WaterBody,,,"200702071940","2",Perennial,"2",Natural,Pool,"-99",Unknown,"3",MinorRiver,,,LGATE-016-filtered_points,/Users/293003c/Library/CloudStorage/OneDrive-Curtin/Projects/TCZ-research/water point GIS/Edited-layers/LGATE-016-filtered_points.shp,40.000000000000000,,,,
-550932.029199276,-1952321.10186363,"1",WaterBody,,,"200702071940","2",Perennial,"2",Natural,Pool,"-99",Unknown,"3",MinorRiver,,,LGATE-016-filtered_points,/Users/293003c/Library/CloudStorage/OneDrive-Curtin/Projects/TCZ-research/water point GIS/Edited-layers/LGATE-016-filtered_points.shp,41.000000000000000,,,,
-588016.464997002,-1991372.20145482,"1",WaterBody,Palm Spring Creek,Palm Spring Creek,"200702071940","2",Perennial,"2",Natural,Pool,"-99",Unknown,"3",MinorRiver,,,LGATE-016-filtered_points,/Users/293003c/Library/CloudStorage/OneDrive-Curtin/Projects/TCZ-research/water point GIS/Edited-layers/LGATE-016-filtered_points.shp,38.000000000000000,,,,
-598522.890812516,-1977278.51167853,"1",WaterBody,,,"200702071940","2",Perennial,"2",Natural,Pool,"-99",Unknown,"3",MinorRiver,,,LGATE-016-filtered_points,/Users/293003c/Library/CloudStorage/OneDrive-Curtin/Projects/TCZ-research/water point GIS/Edited-layers/LGATE-016-filtered_points.shp,40.000000000000000,,,,
-322279.790633689,-1928940.14186398,"1",WaterBody,,,"200702071247","2",Perennial,"2",Natural,Pool,"-99",Unknown,"2",MajorRiver,,,LGATE-016-filtered_points,/Users/293003c/Library/CloudStorage/OneDrive-Curtin/Projects/TCZ-research/water point GIS/Edited-layers/LGATE-016-filtered_points.shp,36.000000000000000,"1",,,
-491950.465539597,-1991100.63731608,"1",WaterBody,Mary River,Mary River,"200702071940","2",Perennial,"2",Natural,Pool,"-99",Unknown,"3",MinorRiver,,,LGATE-016-filtered_points,/Users/293003c/Library/CloudStorage/OneDrive-Curtin/Projects/TCZ-research/water point GIS/Edited-layers/LGATE-016-filtered_points.shp,40.000000000000000,,,,
-595172.485357056,-1939085.16763887,"1",WaterBody,,,"200702071940","2",Perennial,"2",Natural,Pool,"-99",Unknown,"3",MinorRiver,,,LGATE-016-filtered_points,/Users/293003c/Library/CloudStorage/OneDrive-Curtin/Projects/TCZ-research/water point GIS/Edited-layers/LGATE-016-filtered_points.shp,40.000000000000000,,,,
-416022.908259642,-2066672.06781794,"1",WaterBody,,,"200702071247","2",Perennial,"2",Natural,Pool,"-99",Unknown,"-99",Unknown,,,LGATE-016-filtered_points,/Users/293003c/Library/CloudStorage/OneDrive-Curtin/Projects/TCZ-research/water point GIS/Edited-layers/LGATE-016-filtered_points.shp,30.000000000000000,,,,
-516711.550209257,-2022864.09870168,"1",WaterBody,Willy Willy Creek,Willy Willy Creek,"200702071940","2",Perennial,"2",Natural,Pool,"-99",Unknown,"3",MinorRiver,,,LGATE-016-filtered_points,/Users/293003c/Library/CloudStorage/OneDrive-Curtin/Projects/TCZ-research/water point GIS/Edited-layers/LGATE-016-filtered_points.shp,37.000000000000000,,,,
-543612.857263041,-2013100.61837069,"1",WaterBody,Junction Soak,Junction Soak,"200702071940","2",Perennial,"2",Natural,Pool,"-99",Unknown,"2",MajorRiver,,,LGATE-016-filtered_points,/Users/293003c/Library/CloudStorage/OneDrive-Curtin/Projects/TCZ-research/water point GIS/Edited-layers/LGATE-016-filtered_points.shp,37.000000000000000,,,,
-423326.37883901,-1955076.54480189,"1",WaterBody,Brim Creek,Brim Creek,"200702071940","2",Perennial,"2",Natural,Pool,"-99",Unknown,"3",MinorRiver,,,LGATE-016-filtered_points,/Users/293003c/Library/CloudStorage/OneDrive-Curtin/Projects/TCZ-research/water point GIS/Edited-layers/LGATE-016-filtered_points.shp,37.000000000000000,"1",,,
-550414.321251091,-1987077.80347009,"1",WaterBody,Gliddon River,Gliddon River,"200702071939","2",Perennial,"2",Natural,Pool,"-99",Unknown,"3",MinorRiver,,,LGATE-016-filtered_points,/Users/293003c/Library/CloudStorage/OneDrive-Curtin/Projects/TCZ-research/water point GIS/Edited-layers/LGATE-016-filtered_points.shp,38.000000000000000,,,,
-518903.497499043,-2021510.68293969,"1",WaterBody,Willy Willy Creek,Willy Willy Creek,"200702071940","2",Perennial,"2",Natural,Pool,"-99",Unknown,"3",MinorRiver,,,LGATE-016-filtered_points,/Users/293003c/Library/CloudStorage/OneDrive-Curtin/Projects/TCZ-research/water point GIS/Edited-layers/LGATE-016-filtered_points.shp,37.000000000000000,,,,
-587348.443460325,-2046985.76222113,"1",WaterBody,,,"200702071247","2",Perennial,"2",Natural,Pool,"-99",Unknown,"-99",Unknown,,,LGATE-016-filtered_points,/Users/293003c/Library/CloudStorage/OneDrive-Curtin/Projects/TCZ-research/water point GIS/Edited-layers/LGATE-016-filtered_points.shp,35.000000000000000,,,,
-547450.805320948,-1945396.93638435,"1",WaterBody,,,"200702071940","2",Perennial,"2",Natural,Pool,"-99",Unknown,"3",MinorRiver,,,LGATE-016-filtered_points,/Users/293003c/Library/CloudStorage/OneDrive-Curtin/Projects/TCZ-research/water point GIS/Edited-layers/LGATE-016-filtered_points.shp,44.000000000000000,,,,
-579437.099185681,-1946186.7239579,"1",WaterBody,,,"200702071939","2",Perennial,"2",Natural,Pool,"-99",Unknown,"3",MinorRiver,,,LGATE-016-filtered_points,/Users/293003c/Library/CloudStorage/OneDrive-Curtin/Projects/TCZ-research/water point GIS/Edited-layers/LGATE-016-filtered_points.shp,41.000000000000000,,,,
-504692.253631048,-2002225.74784052,"1",WaterBody,Mary River,Mary River,"200702071940","2",Perennial,"2",Natural,Pool,"-99",Unknown,"3",MinorRiver,,,LGATE-016-filtered_points,/Users/293003c/Library/CloudStorage/OneDrive-Curtin/Projects/TCZ-research/water point GIS/Edited-layers/LGATE-016-filtered_points.shp,39.000000000000000,,,,
-552565.779332005,-1960884.61484923,"1",WaterBody,O'Donnell River,O'Donnell River,"200702071940","2",Perennial,"2",Natural,Pool,"-99",Unknown,"2",MajorRiver,,,LGATE-016-filtered_points,/Users/293003c/Library/CloudStorage/OneDrive-Curtin/Projects/TCZ-research/water point GIS/Edited-layers/LGATE-016-filtered_points.shp,41.000000000000000,,,,
-435701.670423686,-1973041.85041155,"1",WaterBody,,,"200702071939","2",Perennial,"2",Natural,Pool,"-99",Unknown,"2",MajorRiver,,,LGATE-016-filtered_points,/Users/293003c/Library/CloudStorage/OneDrive-Curtin/Projects/TCZ-research/water point GIS/Edited-layers/LGATE-016-filtered_points.shp,37.000000000000000,"1",,,
-474030.658879652,-2000533.1207168,"1",WaterBody,,,"200702071940","2",Perennial,"2",Natural,Pool,"-99",Unknown,"3",MinorRiver,,,LGATE-016-filtered_points,/Users/293003c/Library/CloudStorage/OneDrive-Curtin/Projects/TCZ-research/water point GIS/Edited-layers/LGATE-016-filtered_points.shp,40.000000000000000,,,,
-543713.151046189,-1958435.29330842,"1",WaterBody,O'Donnell River,O'Donnell River,"200702071940","2",Perennial,"2",Natural,Pool,"-99",Unknown,"2",MajorRiver,,,LGATE-016-filtered_points,/Users/293003c/Library/CloudStorage/OneDrive-Curtin/Projects/TCZ-research/water point GIS/Edited-layers/LGATE-016-filtered_points.shp,41.000000000000000,,,,
-550214.722785948,-1990259.72850767,"1",WaterBody,,,"200702071940","2",Perennial,"2",Natural,Pool,"-99",Unknown,"3",MinorRiver,,,LGATE-016-filtered_points,/Users/293003c/Library/CloudStorage/OneDrive-Curtin/Projects/TCZ-research/water point GIS/Edited-layers/LGATE-016-filtered_points.shp,38.000000000000000,,,,
-502436.172462837,-2020916.63164461,"1",WaterBody,,,"200702071940","2",Perennial,"2",Natural,Pool,"-99",Unknown,"3",MinorRiver,,,LGATE-016-filtered_points,/Users/293003c/Library/CloudStorage/OneDrive-Curtin/Projects/TCZ-research/water point GIS/Edited-layers/LGATE-016-filtered_points.shp,40.000000000000000,,,,
-490750.502400012,-1950478.56302919,"1",WaterBody,Margaret River,Margaret River,"200702071939","2",Perennial,"2",Natural,Pool,"-99",Unknown,"2",MajorRiver,,,LGATE-016-filtered_points,/Users/293003c/Library/CloudStorage/OneDrive-Curtin/Projects/TCZ-research/water point GIS/Edited-layers/LGATE-016-filtered_points.shp,43.000000000000000,,,,
-604769.543520023,-1955600.77741795,"1",WaterBody,Leopold River,Leopold River,"200702071940","2",Perennial,"2",Natural,Pool,"-99",Unknown,"2",MajorRiver,,,LGATE-016-filtered_points,/Users/293003c/Library/CloudStorage/OneDrive-Curtin/Projects/TCZ-research/water point GIS/Edited-layers/LGATE-016-filtered_points.shp,39.000000000000000,,,,
-511904.286382418,-1949068.27334454,"1",WaterBody,,,"200702071939","2",Perennial,"1",Manmade,EarthDam,"-99",Unknown,"3",MinorRiver,,,LGATE-016-filtered_points,/Users/293003c/Library/CloudStorage/OneDrive-Curtin/Projects/TCZ-research/water point GIS/Edited-layers/LGATE-016-filtered_points.shp,43.000000000000000,,,,
-505483.806975995,-2016563.7177475,"1",WaterBody,,,"200702071940","2",Perennial,"2",Natural,Pool,"-99",Unknown,"3",MinorRiver,,,LGATE-016-filtered_points,/Users/293003c/Library/CloudStorage/OneDrive-Curtin/Projects/TCZ-research/water point GIS/Edited-layers/LGATE-016-filtered_points.shp,40.000000000000000,,,,
-483735.231922236,-1986776.88827796,"1",WaterBody,Mary River,Mary River,"200702071940","2",Perennial,"2",Natural,Pool,"-99",Unknown,"3",MinorRiver,,,LGATE-016-filtered_points,/Users/293003c/Library/CloudStorage/OneDrive-Curtin/Projects/TCZ-research/water point GIS/Edited-layers/LGATE-016-filtered_points.shp,40.000000000000000,,,,
-573618.024887448,-1981941.94809708,"1",WaterBody,,,"200702071939","2",Perennial,"2",Natural,Pool,"-99",Unknown,"3",MinorRiver,,,LGATE-016-filtered_points,/Users/293003c/Library/CloudStorage/OneDrive-Curtin/Projects/TCZ-research/water point GIS/Edited-layers/LGATE-016-filtered_points.shp,37.000000000000000,,,,
-578893.396026695,-1947464.46912872,"1",WaterBody,,,"200702071940","2",Perennial,"2",Natural,Pool,"-99",Unknown,"3",MinorRiver,,,LGATE-016-filtered_points,/Users/293003c/Library/CloudStorage/OneDrive-Curtin/Projects/TCZ-research/water point GIS/Edited-layers/LGATE-016-filtered_points.shp,41.000000000000000,,,,
-479034.950483845,-2165881.41559834,"1",WaterBody,,,"200702071247","2",Perennial,"2",Natural,Lake,"-99",Unknown,"-99",Unknown,,,LGATE-016-filtered_points,/Users/293003c/Library/CloudStorage/OneDrive-Curtin/Projects/TCZ-research/water point GIS/Edited-layers/LGATE-016-filtered_points.shp,26.000000000000000,,,,
-589228.779584378,-1987934.71948548,"1",WaterBody,,,"200702071940","2",Perennial,"2",Natural,Pool,"-99",Unknown,"3",MinorRiver,,,LGATE-016-filtered_points,/Users/293003c/Library/CloudStorage/OneDrive-Curtin/Projects/TCZ-research/water point GIS/Edited-layers/LGATE-016-filtered_points.shp,38.000000000000000,,,,
-604570.907274208,-1977768.5295136,"1",WaterBody,,,"200702071939","2",Perennial,"2",Natural,Pool,"-99",Unknown,"3",MinorRiver,,,LGATE-016-filtered_points,/Users/293003c/Library/CloudStorage/OneDrive-Curtin/Projects/TCZ-research/water point GIS/Edited-layers/LGATE-016-filtered_points.shp,40.000000000000000,,,,
-371777.906512907,-1996064.39632962,"1",WaterBody,,,"200702071247","2",Perennial,"2",Natural,Pool,"-99",Unknown,"-99",Unknown,,,LGATE-016-filtered_points,/Users/293003c/Library/CloudStorage/OneDrive-Curtin/Projects/TCZ-research/water point GIS/Edited-layers/LGATE-016-filtered_points.shp,33.000000000000000,,,,
-495578.645279426,-1959532.9348249,"1",WaterBody,,,"200702071939","2",Perennial,"2",Natural,Pool,"-99",Unknown,"3",MinorRiver,,,LGATE-016-filtered_points,/Users/293003c/Library/CloudStorage/OneDrive-Curtin/Projects/TCZ-research/water point GIS/Edited-layers/LGATE-016-filtered_points.shp,42.000000000000000,,,,
-551330.803647923,-1948570.24910608,"1",WaterBody,,,"200702071940","2",Perennial,"2",Natural,Pool,"-99",Unknown,"3",MinorRiver,,,LGATE-016-filtered_points,/Users/293003c/Library/CloudStorage/OneDrive-Curtin/Projects/TCZ-research/water point GIS/Edited-layers/LGATE-016-filtered_points.shp,44.000000000000000,,,,
-582202.50652065,-1943846.38228463,"1",WaterBody,,,"200702071939","2",Perennial,"2",Natural,Pool,"-99",Unknown,"3",MinorRiver,,,LGATE-016-filtered_points,/Users/293003c/Library/CloudStorage/OneDrive-Curtin/Projects/TCZ-research/water point GIS/Edited-layers/LGATE-016-filtered_points.shp,41.000000000000000,,,,
-552428.647079741,-1933812.0772514,"1",WaterBody,,,"200702071940","2",Perennial,"2",Natural,Pool,"-99",Unknown,"3",MinorRiver,,,LGATE-016-filtered_points,/Users/293003c/Library/CloudStorage/OneDrive-Curtin/Projects/TCZ-research/water point GIS/Edited-layers/LGATE-016-filtered_points.shp,44.000000000000000,,,,
-461481.149298086,-1955399.40714319,"1",WaterBody,,,"200702071939","2",Perennial,"1",Manmade,EarthDam,"-99",Unknown,"3",MinorRiver,,,LGATE-016-filtered_points,/Users/293003c/Library/CloudStorage/OneDrive-Curtin/Projects/TCZ-research/water point GIS/Edited-layers/LGATE-016-filtered_points.shp,44.000000000000000,,,,
-586581.198018424,-1959960.39674307,"1",WaterBody,,,"200702071939","2",Perennial,"2",Natural,Pool,"-99",Unknown,"3",MinorRiver,,,LGATE-016-filtered_points,/Users/293003c/Library/CloudStorage/OneDrive-Curtin/Projects/TCZ-research/water point GIS/Edited-layers/LGATE-016-filtered_points.shp,41.000000000000000,,,,
-572583.849708215,-1938465.82699835,"1",WaterBody,,,"200702071940","2",Perennial,"2",Natural,Pool,"-99",Unknown,"3",MinorRiver,,,LGATE-016-filtered_points,/Users/293003c/Library/CloudStorage/OneDrive-Curtin/Projects/TCZ-research/water point GIS/Edited-layers/LGATE-016-filtered_points.shp,42.000000000000000,,,,
-556558.726110254,-1966027.72045267,"1",WaterBody,O'Donnell River,O'Donnell River,"200702071939","2",Perennial,"2",Natural,Pool,"-99",Unknown,"2",MajorRiver,,,LGATE-016-filtered_points,/Users/293003c/Library/CloudStorage/OneDrive-Curtin/Projects/TCZ-research/water point GIS/Edited-layers/LGATE-016-filtered_points.shp,38.000000000000000,,,,
-548919.796385716,-1961263.71274354,"1",WaterBody,O'Donnell River,O'Donnell River,"200702071940","2",Perennial,"2",Natural,Pool,"-99",Unknown,"2",MajorRiver,,,LGATE-016-filtered_points,/Users/293003c/Library/CloudStorage/OneDrive-Curtin/Projects/TCZ-research/water point GIS/Edited-layers/LGATE-016-filtered_points.shp,40.000000000000000,,,,
-550516.912950672,-1990390.8114192,"1",WaterBody,,,"200702071939","2",Perennial,"2",Natural,Pool,"-99",Unknown,"3",MinorRiver,,,LGATE-016-filtered_points,/Users/293003c/Library/CloudStorage/OneDrive-Curtin/Projects/TCZ-research/water point GIS/Edited-layers/LGATE-016-filtered_points.shp,38.000000000000000,,,,
-329799.013452751,-1930940.27297561,"1",WaterBody,,,"200702071247","2",Perennial,"2",Natural,Pool,"-99",Unknown,"2",MajorRiver,,,LGATE-016-filtered_points,/Users/293003c/Library/CloudStorage/OneDrive-Curtin/Projects/TCZ-research/water point GIS/Edited-layers/LGATE-016-filtered_points.shp,36.000000000000000,"1",,,
-615572.501705121,-2045742.95004562,"1",WaterBody,Christmas Creek,Christmas Creek,"200702071940","2",Perennial,"2",Natural,Pool,"-99",Unknown,"2",MajorRiver,,,LGATE-016-filtered_points,/Users/293003c/Library/CloudStorage/OneDrive-Curtin/Projects/TCZ-research/water point GIS/Edited-layers/LGATE-016-filtered_points.shp,31.000000000000000,,,,
-375709.040860009,-1988420.00961314,"1",WaterBody,Foster Creek,Foster Creek,"200702071247","2",Perennial,"2",Natural,Pool,"-99",Unknown,"-99",Unknown,,,LGATE-016-filtered_points,/Users/293003c/Library/CloudStorage/OneDrive-Curtin/Projects/TCZ-research/water point GIS/Edited-layers/LGATE-016-filtered_points.shp,33.000000000000000,,,,
-390194.779535551,-1985122.47932376,"1",WaterBody,,,"200702071247","2",Perennial,"2",Natural,Pool,"-99",Unknown,"-99",Unknown,,,LGATE-016-filtered_points,/Users/293003c/Library/CloudStorage/OneDrive-Curtin/Projects/TCZ-research/water point GIS/Edited-layers/LGATE-016-filtered_points.shp,35.000000000000000,"1",,,
-444574.111824907,-1980619.67005872,"1",WaterBody,Black Elvire River,Black Elvire River,"200702071940","2",Perennial,"2",Natural,Pool,"-99",Unknown,"2",MajorRiver,,,LGATE-016-filtered_points,/Users/293003c/Library/CloudStorage/OneDrive-Curtin/Projects/TCZ-research/water point GIS/Edited-layers/LGATE-016-filtered_points.shp,38.000000000000000,"1",,,
-444610.299695265,-1980585.94335639,"1",WaterBody,Black Elvire River,Black Elvire River,"200702071940","2",Perennial,"2",Natural,Pool,"-99",Unknown,"2",MajorRiver,,,LGATE-016-filtered_points,/Users/293003c/Library/CloudStorage/OneDrive-Curtin/Projects/TCZ-research/water point GIS/Edited-layers/LGATE-016-filtered_points.shp,38.000000000000000,"1",,,
-503016.992266062,-2020848.7819563,"1",WaterBody,,,"200702071939","2",Perennial,"2",Natural,Pool,"-99",Unknown,"3",MinorRiver,,,LGATE-016-filtered_points,/Users/293003c/Library/CloudStorage/OneDrive-Curtin/Projects/TCZ-research/water point GIS/Edited-layers/LGATE-016-filtered_points.shp,40.000000000000000,,,,
-569562.19328645,-1967620.78956273,"1",WaterBody,,,"200702071939","2",Perennial,"2",Natural,Pool,"-99",Unknown,"3",MinorRiver,,,LGATE-016-filtered_points,/Users/293003c/Library/CloudStorage/OneDrive-Curtin/Projects/TCZ-research/water point GIS/Edited-layers/LGATE-016-filtered_points.shp,38.000000000000000,,,,
-513375.197468668,-2023614.80612072,"1",WaterBody,Willy Willy Creek,Willy Willy Creek,"200702071940","2",Perennial,"2",Natural,Pool,"-99",Unknown,"3",MinorRiver,,,LGATE-016-filtered_points,/Users/293003c/Library/CloudStorage/OneDrive-Curtin/Projects/TCZ-research/water point GIS/Edited-layers/LGATE-016-filtered_points.shp,37.000000000000000,,,,
-447439.916710885,-2152359.3540986,"1",WaterBody,,,"200702071247","2",Perennial,"2",Natural,Pool,"-99",Unknown,"-99",Unknown,,,LGATE-016-filtered_points,/Users/293003c/Library/CloudStorage/OneDrive-Curtin/Projects/TCZ-research/water point GIS/Edited-layers/LGATE-016-filtered_points.shp,27.000000000000000,,,,
-408576.791150327,-1947980.91706754,"1",WaterBody,,,"200702071247","2",Perennial,"2",Natural,Pool,"-99",Unknown,"2",MajorRiver,,,LGATE-016-filtered_points,/Users/293003c/Library/CloudStorage/OneDrive-Curtin/Projects/TCZ-research/water point GIS/Edited-layers/LGATE-016-filtered_points.shp,36.000000000000000,"1",,,
-543365.672358055,-1957496.17820751,"1",WaterBody,,,"200702071940","2",Perennial,"2",Natural,Pool,"-99",Unknown,"3",MinorRiver,,,LGATE-016-filtered_points,/Users/293003c/Library/CloudStorage/OneDrive-Curtin/Projects/TCZ-research/water point GIS/Edited-layers/LGATE-016-filtered_points.shp,41.000000000000000,,,,
-449644.150558224,-2098830.10291846,"1",WaterBody,Sturt Creek,Sturt Creek,"200702071247","2",Perennial,"2",Natural,Pool,"-99",Unknown,"-99",Unknown,,,LGATE-016-filtered_points,/Users/293003c/Library/CloudStorage/OneDrive-Curtin/Projects/TCZ-research/water point GIS/Edited-layers/LGATE-016-filtered_points.shp,29.000000000000000,,,,
-604689.62490982,-1938916.61642516,"1",WaterBody,Leopold River,Leopold River,"200702071939","2",Perennial,"2",Natural,Pool,"-99",Unknown,"2",MajorRiver,,,LGATE-016-filtered_points,/Users/293003c/Library/CloudStorage/OneDrive-Curtin/Projects/TCZ-research/water point GIS/Edited-layers/LGATE-016-filtered_points.shp,40.000000000000000,,,,
-550557.893416689,-1937725.99156453,"1",WaterBody,,,"200702071939","2",Perennial,"2",Natural,Pool,"-99",Unknown,"3",MinorRiver,,,LGATE-016-filtered_points,/Users/293003c/Library/CloudStorage/OneDrive-Curtin/Projects/TCZ-research/water point GIS/Edited-layers/LGATE-016-filtered_points.shp,44.000000000000000,,,,
-476050.237716316,-1999651.98664792,"1",WaterBody,,,"200702071939","2",Perennial,"2",Natural,Pool,"-99",Unknown,"3",MinorRiver,,,LGATE-016-filtered_points,/Users/293003c/Library/CloudStorage/OneDrive-Curtin/Projects/TCZ-research/water point GIS/Edited-layers/LGATE-016-filtered_points.shp,40.000000000000000,,,,
-547903.704178026,-1947888.52577137,"1",WaterBody,,,"200702071940","2",Perennial,"2",Natural,Pool,"-99",Unknown,"3",MinorRiver,,,LGATE-016-filtered_points,/Users/293003c/Library/CloudStorage/OneDrive-Curtin/Projects/TCZ-research/water point GIS/Edited-layers/LGATE-016-filtered_points.shp,44.000000000000000,,,,
-323527.920628762,-1928944.08681833,"1",WaterBody,,,"200702071247","2",Perennial,"2",Natural,Pool,"-99",Unknown,"2",MajorRiver,,,LGATE-016-filtered_points,/Users/293003c/Library/CloudStorage/OneDrive-Curtin/Projects/TCZ-research/water point GIS/Edited-layers/LGATE-016-filtered_points.shp,36.000000000000000,"1",,,
-582796.056274353,-1935252.91500897,"1",WaterBody,Little Gold River,Little Gold River,"200702071940","2",Perennial,"2",Natural,Pool,"-99",Unknown,"3",MinorRiver,,,LGATE-016-filtered_points,/Users/293003c/Library/CloudStorage/OneDrive-Curtin/Projects/TCZ-research/water point GIS/Edited-layers/LGATE-016-filtered_points.shp,41.000000000000000,,,,
-575112.091574178,-1948208.1338846,"1",WaterBody,,,"200702071940","2",Perennial,"2",Natural,Pool,"-99",Unknown,"3",MinorRiver,,,LGATE-016-filtered_points,/Users/293003c/Library/CloudStorage/OneDrive-Curtin/Projects/TCZ-research/water point GIS/Edited-layers/LGATE-016-filtered_points.shp,43.000000000000000,,,,
-432588.683167311,-1959759.73530442,"1",WaterBody,,,"200702071939","2",Perennial,"2",Natural,Pool,"-99",Unknown,"3",MinorRiver,,,LGATE-016-filtered_points,/Users/293003c/Library/CloudStorage/OneDrive-Curtin/Projects/TCZ-research/water point GIS/Edited-layers/LGATE-016-filtered_points.shp,37.000000000000000,"1",,,
-485682.109211182,-1999234.3395435,"1",WaterBody,,,"200702071939","2",Perennial,"2",Natural,Pool,"-99",Unknown,"3",MinorRiver,,,LGATE-016-filtered_points,/Users/293003c/Library/CloudStorage/OneDrive-Curtin/Projects/TCZ-research/water point GIS/Edited-layers/LGATE-016-filtered_points.shp,39.000000000000000,,,,
-564507.376246307,-1949567.92535298,"1",WaterBody,McKinnon Creek,McKinnon Creek,"200702071940","2",Perennial,"2",Natural,Pool,"-99",Unknown,"3",MinorRiver,,,LGATE-016-filtered_points,/Users/293003c/Library/CloudStorage/OneDrive-Curtin/Projects/TCZ-research/water point GIS/Edited-layers/LGATE-016-filtered_points.shp,43.000000000000000,,,,
-614661.063355988,-2009224.44097736,"1",WaterBody,Mount Pierre Creek,Mount Pierre Creek,"200702071940","2",Perennial,"2",Natural,Pool,"-99",Unknown,"3",MinorRiver,,,LGATE-016-filtered_points,/Users/293003c/Library/CloudStorage/OneDrive-Curtin/Projects/TCZ-research/water point GIS/Edited-layers/LGATE-016-filtered_points.shp,35.000000000000000,,,,
-420646.989163065,-1956234.42047729,"1",WaterBody,Elvire River,Elvire River,"200702071247","2",Perennial,"2",Natural,Pool,"-99",Unknown,"2",MajorRiver,,,LGATE-016-filtered_points,/Users/293003c/Library/CloudStorage/OneDrive-Curtin/Projects/TCZ-research/water point GIS/Edited-layers/LGATE-016-filtered_points.shp,37.000000000000000,"1",,,
-319679.518082309,-1927813.28946299,"1",WaterBody,,,"200702071247","2",Perennial,"2",Natural,Pool,"-99",Unknown,"2",MajorRiver,,,LGATE-016-filtered_points,/Users/293003c/Library/CloudStorage/OneDrive-Curtin/Projects/TCZ-research/water point GIS/Edited-layers/LGATE-016-filtered_points.shp,36.000000000000000,"1",,,
-549289.233965926,-1990899.03939759,"1",WaterBody,,,"200702071939","2",Perennial,"2",Natural,Pool,"-99",Unknown,"3",MinorRiver,,,LGATE-016-filtered_points,/Users/293003c/Library/CloudStorage/OneDrive-Curtin/Projects/TCZ-research/water point GIS/Edited-layers/LGATE-016-filtered_points.shp,38.000000000000000,,,,
-601023.667493908,-1980231.20499158,"1",WaterBody,,,"200702071940","2",Perennial,"2",Natural,Pool,"-99",Unknown,"3",MinorRiver,,,LGATE-016-filtered_points,/Users/293003c/Library/CloudStorage/OneDrive-Curtin/Projects/TCZ-research/water point GIS/Edited-layers/LGATE-016-filtered_points.shp,40.000000000000000,,,,
-467300.256231271,-1983119.09335295,"1",WaterBody,,,"200702071939","2",Perennial,"1",Manmade,EarthDam,"-99",Unknown,"3",MinorRiver,,,LGATE-016-filtered_points,/Users/293003c/Library/CloudStorage/OneDrive-Curtin/Projects/TCZ-research/water point GIS/Edited-layers/LGATE-016-filtered_points.shp,41.000000000000000,,,,
-467587.555016152,-1982998.22892859,"1",WaterBody,,,"200702071939","2",Perennial,"1",Manmade,EarthDam,"-99",Unknown,"3",MinorRiver,,,LGATE-016-filtered_points,/Users/293003c/Library/CloudStorage/OneDrive-Curtin/Projects/TCZ-research/water point GIS/Edited-layers/LGATE-016-filtered_points.shp,41.000000000000000,,,,
-444376.400189215,-2153444.04253169,"1",WaterBody,,,"200702071247","2",Perennial,"2",Natural,Pool,"-99",Unknown,"-99",Unknown,,,LGATE-016-filtered_points,/Users/293003c/Library/CloudStorage/OneDrive-Curtin/Projects/TCZ-research/water point GIS/Edited-layers/LGATE-016-filtered_points.shp,27.000000000000000,,,,
-591469.202453935,-1944726.39892263,"1",WaterBody,,,"200702071940","2",Perennial,"2",Natural,Pool,"-99",Unknown,"3",MinorRiver,,,LGATE-016-filtered_points,/Users/293003c/Library/CloudStorage/OneDrive-Curtin/Projects/TCZ-research/water point GIS/Edited-layers/LGATE-016-filtered_points.shp,43.000000000000000,,,,
-585934.992665586,-1956700.36336944,"1",WaterBody,,,"200702071940","2",Perennial,"2",Natural,Pool,"-99",Unknown,"3",MinorRiver,,,LGATE-016-filtered_points,/Users/293003c/Library/CloudStorage/OneDrive-Curtin/Projects/TCZ-research/water point GIS/Edited-layers/LGATE-016-filtered_points.shp,41.000000000000000,,,,
-460105.517119872,-1965805.68258662,"1",WaterBody,,,"200702071939","2",Perennial,"1",Manmade,EarthDam,"-99",Unknown,"3",MinorRiver,,,LGATE-016-filtered_points,/Users/293003c/Library/CloudStorage/OneDrive-Curtin/Projects/TCZ-research/water point GIS/Edited-layers/LGATE-016-filtered_points.shp,41.000000000000000,,,,
-576342.253456554,-1958860.07899447,"1",WaterBody,,,"200702071940","2",Perennial,"2",Natural,Pool,"-99",Unknown,"3",MinorRiver,,,LGATE-016-filtered_points,/Users/293003c/Library/CloudStorage/OneDrive-Curtin/Projects/TCZ-research/water point GIS/Edited-layers/LGATE-016-filtered_points.shp,41.000000000000000,,,,
-473520.170725386,-2138853.89896137,"1",WaterBody,Sturt Creek,Sturt Creek,"200702071247","2",Perennial,"2",Natural,Pool,"-99",Unknown,"2",MajorRiver,,,LGATE-016-filtered_points,/Users/293003c/Library/CloudStorage/OneDrive-Curtin/Projects/TCZ-research/water point GIS/Edited-layers/LGATE-016-filtered_points.shp,27.000000000000000,,,,
-426398.386676599,-1961439.69547591,"1",WaterBody,Elvire River,Elvire River,"200702071940","2",Perennial,"2",Natural,Pool,"-99",Unknown,"2",MajorRiver,,,LGATE-016-filtered_points,/Users/293003c/Library/CloudStorage/OneDrive-Curtin/Projects/TCZ-research/water point GIS/Edited-layers/LGATE-016-filtered_points.shp,36.000000000000000,"1",,,
-612839.132113255,-1979985.16890083,"1",WaterBody,Louisa River,Louisa River,"200702071940","2",Perennial,"2",Natural,Pool,"-99",Unknown,"3",MinorRiver,,,LGATE-016-filtered_points,/Users/293003c/Library/CloudStorage/OneDrive-Curtin/Projects/TCZ-research/water point GIS/Edited-layers/LGATE-016-filtered_points.shp,37.000000000000000,,,,
-389771.301454921,-1985612.74164428,"1",WaterBody,Cow Creek,Cow Creek,"200702071247","2",Perennial,"2",Natural,Pool,"-99",Unknown,"-99",Unknown,,,LGATE-016-filtered_points,/Users/293003c/Library/CloudStorage/OneDrive-Curtin/Projects/TCZ-research/water point GIS/Edited-layers/LGATE-016-filtered_points.shp,35.000000000000000,"1",,,
-521693.423392161,-1935142.51743826,"1",WaterBody,,,"200702071940","2",Perennial,"2",Natural,Pool,"-99",Unknown,"3",MinorRiver,,,LGATE-016-filtered_points,/Users/293003c/Library/CloudStorage/OneDrive-Curtin/Projects/TCZ-research/water point GIS/Edited-layers/LGATE-016-filtered_points.shp,46.000000000000000,,,,
-342837.60824728,-1938374.26738466,"1",WaterBody,Nicholson River,Nicholson River,"200702071247","2",Perennial,"2",Natural,Pool,"-99",Unknown,"-99",Unknown,,,LGATE-016-filtered_points,/Users/293003c/Library/CloudStorage/OneDrive-Curtin/Projects/TCZ-research/water point GIS/Edited-layers/LGATE-016-filtered_points.shp,35.000000000000000,"1",,,
-551697.132817764,-1960983.48507058,"1",WaterBody,O'Donnell River,O'Donnell River,"200702071939","2",Perennial,"2",Natural,Pool,"-99",Unknown,"2",MajorRiver,,,LGATE-016-filtered_points,/Users/293003c/Library/CloudStorage/OneDrive-Curtin/Projects/TCZ-research/water point GIS/Edited-layers/LGATE-016-filtered_points.shp,41.000000000000000,,,,
-564762.417352999,-1938053.77605908,"1",WaterBody,,,"200702071939","2",Perennial,"2",Natural,Pool,"-99",Unknown,"3",MinorRiver,,,LGATE-016-filtered_points,/Users/293003c/Library/CloudStorage/OneDrive-Curtin/Projects/TCZ-research/water point GIS/Edited-layers/LGATE-016-filtered_points.shp,42.000000000000000,,,,
-570421.790653851,-1964905.54366185,"1",WaterBody,,,"200702071940","2",Perennial,"2",Natural,Pool,"-99",Unknown,"3",MinorRiver,,,LGATE-016-filtered_points,/Users/293003c/Library/CloudStorage/OneDrive-Curtin/Projects/TCZ-research/water point GIS/Edited-layers/LGATE-016-filtered_points.shp,38.000000000000000,,,,
-582448.295528659,-1944920.5333382,"1",WaterBody,,,"200702071940","2",Perennial,"2",Natural,Pool,"-99",Unknown,"3",MinorRiver,,,LGATE-016-filtered_points,/Users/293003c/Library/CloudStorage/OneDrive-Curtin/Projects/TCZ-research/water point GIS/Edited-layers/LGATE-016-filtered_points.shp,41.000000000000000,,,,
-516722.091443089,-2025096.9042804,"1",WaterBody,,,"200702071940","2",Perennial,"2",Natural,Pool,"-99",Unknown,"3",MinorRiver,,,LGATE-016-filtered_points,/Users/293003c/Library/CloudStorage/OneDrive-Curtin/Projects/TCZ-research/water point GIS/Edited-layers/LGATE-016-filtered_points.shp,37.000000000000000,,,,
-319393.430651352,-1929354.3980868,"1",WaterBody,,,"200702071247","2",Perennial,"2",Natural,Pool,"-99",Unknown,"-99",Unknown,,,LGATE-016-filtered_points,/Users/293003c/Library/CloudStorage/OneDrive-Curtin/Projects/TCZ-research/water point GIS/Edited-layers/LGATE-016-filtered_points.shp,36.000000000000000,"1",,,
-575401.179727977,-1946431.82680472,"1",WaterBody,,,"200702071939","2",Perennial,"2",Natural,Pool,"-99",Unknown,"3",MinorRiver,,,LGATE-016-filtered_points,/Users/293003c/Library/CloudStorage/OneDrive-Curtin/Projects/TCZ-research/water point GIS/Edited-layers/LGATE-016-filtered_points.shp,43.000000000000000,,,,
-574393.34905152,-1936638.19372839,"1",WaterBody,,,"200702071940","2",Perennial,"2",Natural,Pool,"-99",Unknown,"3",MinorRiver,,,LGATE-016-filtered_points,/Users/293003c/Library/CloudStorage/OneDrive-Curtin/Projects/TCZ-research/water point GIS/Edited-layers/LGATE-016-filtered_points.shp,42.000000000000000,,,,
-436898.674318346,-1974871.09693527,"1",WaterBody,Black Elvire River,Black Elvire River,"200702071939","2",Perennial,"2",Natural,Pool,"-99",Unknown,"2",MajorRiver,,,LGATE-016-filtered_points,/Users/293003c/Library/CloudStorage/OneDrive-Curtin/Projects/TCZ-research/water point GIS/Edited-layers/LGATE-016-filtered_points.shp,37.000000000000000,"1",,,
-550138.428538496,-1980307.3542658,"1",WaterBody,Dead Horse Creek,Dead Horse Creek,"200702071940","2",Perennial,"2",Natural,Pool,"-99",Unknown,"3",MinorRiver,,,LGATE-016-filtered_points,/Users/293003c/Library/CloudStorage/OneDrive-Curtin/Projects/TCZ-research/water point GIS/Edited-layers/LGATE-016-filtered_points.shp,40.000000000000000,,,,
-503831.928274766,-2020351.35073749,"1",WaterBody,,,"200702071940","2",Perennial,"2",Natural,Pool,"-99",Unknown,"3",MinorRiver,,,LGATE-016-filtered_points,/Users/293003c/Library/CloudStorage/OneDrive-Curtin/Projects/TCZ-research/water point GIS/Edited-layers/LGATE-016-filtered_points.shp,40.000000000000000,,,,
-546348.39676412,-1943999.23648461,"1",WaterBody,,,"200702071939","2",Perennial,"2",Natural,Pool,"-99",Unknown,"3",MinorRiver,,,LGATE-016-filtered_points,/Users/293003c/Library/CloudStorage/OneDrive-Curtin/Projects/TCZ-research/water point GIS/Edited-layers/LGATE-016-filtered_points.shp,44.000000000000000,,,,
-553863.138733094,-1959528.43510598,"1",WaterBody,,,"200702071940","2",Perennial,"2",Natural,Pool,"-99",Unknown,"3",MinorRiver,,,LGATE-016-filtered_points,/Users/293003c/Library/CloudStorage/OneDrive-Curtin/Projects/TCZ-research/water point GIS/Edited-layers/LGATE-016-filtered_points.shp,41.000000000000000,,,,
-579066.934543172,-1933092.05354224,"1",WaterBody,Leopold River,Leopold River,"200702071939","2",Perennial,"2",Natural,Pool,"-99",Unknown,"2",MajorRiver,,,LGATE-016-filtered_points,/Users/293003c/Library/CloudStorage/OneDrive-Curtin/Projects/TCZ-research/water point GIS/Edited-layers/LGATE-016-filtered_points.shp,41.000000000000000,,,,
-506353.614654783,-1967153.74939003,"1",WaterBody,,,"200702071940","2",Perennial,"2",Natural,Lake,"-99",Unknown,"3",MinorRiver,,,LGATE-016-filtered_points,/Users/293003c/Library/CloudStorage/OneDrive-Curtin/Projects/TCZ-research/water point GIS/Edited-layers/LGATE-016-filtered_points.shp,42.000000000000000,,,,
-521218.751373752,-2011204.48565108,"1",WaterBody,Mary River,Mary River,"200702071940","2",Perennial,"2",Natural,Pool,"-99",Unknown,"3",MinorRiver,,,LGATE-016-filtered_points,/Users/293003c/Library/CloudStorage/OneDrive-Curtin/Projects/TCZ-research/water point GIS/Edited-layers/LGATE-016-filtered_points.shp,38.000000000000000,,,,
-492674.122442852,-1968995.36036249,"1",WaterBody,,,"200702071940","2",Perennial,"2",Natural,Pool,"-99",Unknown,"3",MinorRiver,,,LGATE-016-filtered_points,/Users/293003c/Library/CloudStorage/OneDrive-Curtin/Projects/TCZ-research/water point GIS/Edited-layers/LGATE-016-filtered_points.shp,42.000000000000000,,,,
-492870.192212828,-1968673.40543782,"1",WaterBody,,,"200702071940","2",Perennial,"2",Natural,Pool,"-99",Unknown,"3",MinorRiver,,,LGATE-016-filtered_points,/Users/293003c/Library/CloudStorage/OneDrive-Curtin/Projects/TCZ-research/water point GIS/Edited-layers/LGATE-016-filtered_points.shp,42.000000000000000,,,,
-563574.269284849,-2040474.34251203,"1",WaterBody,,,"200702071940","2",Perennial,"2",Natural,Pool,"-99",Unknown,"3",MinorRiver,,,LGATE-016-filtered_points,/Users/293003c/Library/CloudStorage/OneDrive-Curtin/Projects/TCZ-research/water point GIS/Edited-layers/LGATE-016-filtered_points.shp,36.000000000000000,,,,
-475045.021485232,-1985775.79516826,"1",WaterBody,Mary River,Mary River,"200702071940","2",Perennial,"2",Natural,Pool,"-99",Unknown,"3",MinorRiver,,,LGATE-016-filtered_points,/Users/293003c/Library/CloudStorage/OneDrive-Curtin/Projects/TCZ-research/water point GIS/Edited-layers/LGATE-016-filtered_points.shp,41.000000000000000,,,,
-489028.780840823,-1968911.1033145,"1",WaterBody,,,"200702071940","2",Perennial,"2",Natural,Pool,"-99",Unknown,"3",MinorRiver,,,LGATE-016-filtered_points,/Users/293003c/Library/CloudStorage/OneDrive-Curtin/Projects/TCZ-research/water point GIS/Edited-layers/LGATE-016-filtered_points.shp,42.000000000000000,,,,
-486743.861511064,-1967527.42876663,"1",WaterBody,,,"200702071940","2",Perennial,"2",Natural,Lake,"-99",Unknown,"3",MinorRiver,,,LGATE-016-filtered_points,/Users/293003c/Library/CloudStorage/OneDrive-Curtin/Projects/TCZ-research/water point GIS/Edited-layers/LGATE-016-filtered_points.shp,42.000000000000000,,,,
-369434.657738676,-1988225.43592533,"1",WaterBody,Button Creek,Button Creek,"200702071247","2",Perennial,"2",Natural,Pool,"-99",Unknown,"-99",Unknown,,,LGATE-016-filtered_points,/Users/293003c/Library/CloudStorage/OneDrive-Curtin/Projects/TCZ-research/water point GIS/Edited-layers/LGATE-016-filtered_points.shp,33.000000000000000,,,,
-486492.620712437,-2176006.77671537,"1",WaterBody,,,"200702071247","2",Perennial,"2",Natural,Lake,"-99",Unknown,"-99",Unknown,,,LGATE-016-filtered_points,/Users/293003c/Library/CloudStorage/OneDrive-Curtin/Projects/TCZ-research/water point GIS/Edited-layers/LGATE-016-filtered_points.shp,26.000000000000000,,,,
-487496.909776514,-2175575.56823792,"1",WaterBody,,,"200702071247","2",Perennial,"2",Natural,Lake,"-99",Unknown,"-99",Unknown,,,LGATE-016-filtered_points,/Users/293003c/Library/CloudStorage/OneDrive-Curtin/Projects/TCZ-research/water point GIS/Edited-layers/LGATE-016-filtered_points.shp,26.000000000000000,,,,
-550842.640465731,-1960899.03768128,"1",WaterBody,O'Donnell River,O'Donnell River,"200702071939","2",Perennial,"2",Natural,Pool,"-99",Unknown,"2",MajorRiver,,,LGATE-016-filtered_points,/Users/293003c/Library/CloudStorage/OneDrive-Curtin/Projects/TCZ-research/water point GIS/Edited-layers/LGATE-016-filtered_points.shp,41.000000000000000,,,,
-595267.584929442,-1964404.92138833,"1",WaterBody,Margaret River,Margaret River,"200702071939","2",Perennial,"2",Natural,Pool,"-99",Unknown,"2",MajorRiver,,,LGATE-016-filtered_points,/Users/293003c/Library/CloudStorage/OneDrive-Curtin/Projects/TCZ-research/water point GIS/Edited-layers/LGATE-016-filtered_points.shp,38.000000000000000,,,,
-595058.124286585,-1950798.44063517,"1",WaterBody,,,"200702071940","2",Perennial,"2",Natural,Pool,"-99",Unknown,"3",MinorRiver,,,LGATE-016-filtered_points,/Users/293003c/Library/CloudStorage/OneDrive-Curtin/Projects/TCZ-research/water point GIS/Edited-layers/LGATE-016-filtered_points.shp,43.000000000000000,,,,
-584588.069518754,-1937920.55565316,"1",WaterBody,,,"200702071939","2",Perennial,"2",Natural,Pool,"-99",Unknown,"3",MinorRiver,,,LGATE-016-filtered_points,/Users/293003c/Library/CloudStorage/OneDrive-Curtin/Projects/TCZ-research/water point GIS/Edited-layers/LGATE-016-filtered_points.shp,41.000000000000000,,,,
-595213.63145856,-1992735.51912101,"1",WaterBody,,,"200702071940","2",Perennial,"2",Natural,Pool,"-99",Unknown,"3",MinorRiver,,,LGATE-016-filtered_points,/Users/293003c/Library/CloudStorage/OneDrive-Curtin/Projects/TCZ-research/water point GIS/Edited-layers/LGATE-016-filtered_points.shp,38.000000000000000,,,,
-512824.985858572,-1962525.52931236,"1",WaterBody,,,"200702071940","2",Perennial,"1",Manmade,EarthDam,"-99",Unknown,"3",MinorRiver,,,LGATE-016-filtered_points,/Users/293003c/Library/CloudStorage/OneDrive-Curtin/Projects/TCZ-research/water point GIS/Edited-layers/LGATE-016-filtered_points.shp,43.000000000000000,,,,
-385462.278558979,-1929855.17412108,"1",WaterBody,Turner River,Turner River,"200702071247","2",Perennial,"2",Natural,Pool,"-99",Unknown,"-99",Unknown,,,LGATE-016-filtered_points,/Users/293003c/Library/CloudStorage/OneDrive-Curtin/Projects/TCZ-research/water point GIS/Edited-layers/LGATE-016-filtered_points.shp,36.000000000000000,"1",,,
-392354.306619996,-2022568.06512446,"1",WaterBody,,,"200702071247","2",Perennial,"2",Natural,Pool,"-99",Unknown,"-99",Unknown,,,LGATE-016-filtered_points,/Users/293003c/Library/CloudStorage/OneDrive-Curtin/Projects/TCZ-research/water point GIS/Edited-layers/LGATE-016-filtered_points.shp,31.000000000000000,,,,
-591381.423763765,-1944091.72254629,"1",WaterBody,,,"200702071940","2",Perennial,"2",Natural,Pool,"-99",Unknown,"3",MinorRiver,,,LGATE-016-filtered_points,/Users/293003c/Library/CloudStorage/OneDrive-Curtin/Projects/TCZ-research/water point GIS/Edited-layers/LGATE-016-filtered_points.shp,43.000000000000000,,,,
-595302.099244117,-1992110.9376714,"1",WaterBody,,,"200702071940","2",Perennial,"2",Natural,Pool,"-99",Unknown,"3",MinorRiver,,,LGATE-016-filtered_points,/Users/293003c/Library/CloudStorage/OneDrive-Curtin/Projects/TCZ-research/water point GIS/Edited-layers/LGATE-016-filtered_points.shp,38.000000000000000,,,,
-582737.232592687,-1945271.88807633,"1",WaterBody,,,"200702071940","2",Perennial,"2",Natural,Pool,"-99",Unknown,"3",MinorRiver,,,LGATE-016-filtered_points,/Users/293003c/Library/CloudStorage/OneDrive-Curtin/Projects/TCZ-research/water point GIS/Edited-layers/LGATE-016-filtered_points.shp,41.000000000000000,,,,
-327112.742903709,-2065747.72435153,"1",WaterBody,Slatey Creek,Slatey Creek,"200702071247","2",Perennial,"2",Natural,Pool,"-99",Unknown,"-99",Unknown,,,LGATE-016-filtered_points,/Users/293003c/Library/CloudStorage/OneDrive-Curtin/Projects/TCZ-research/water point GIS/Edited-layers/LGATE-016-filtered_points.shp,32.000000000000000,,,,
-591192.702482249,-1944400.97287909,"1",WaterBody,,,"200702071939","2",Perennial,"2",Natural,Pool,"-99",Unknown,"3",MinorRiver,,,LGATE-016-filtered_points,/Users/293003c/Library/CloudStorage/OneDrive-Curtin/Projects/TCZ-research/water point GIS/Edited-layers/LGATE-016-filtered_points.shp,43.000000000000000,,,,
-409827.573611674,-2064097.58787743,"1",WaterBody,Sturt Creek,Sturt Creek,"200702071247","2",Perennial,"2",Natural,Pool,"-99",Unknown,"2",MajorRiver,,,LGATE-016-filtered_points,/Users/293003c/Library/CloudStorage/OneDrive-Curtin/Projects/TCZ-research/water point GIS/Edited-layers/LGATE-016-filtered_points.shp,29.000000000000000,,,,
-409120.405111042,-2063008.65149318,"1",WaterBody,Sturt Creek,Sturt Creek,"200702071247","2",Perennial,"2",Natural,Pool,"-99",Unknown,"2",MajorRiver,,,LGATE-016-filtered_points,/Users/293003c/Library/CloudStorage/OneDrive-Curtin/Projects/TCZ-research/water point GIS/Edited-layers/LGATE-016-filtered_points.shp,29.000000000000000,,,,
-370271.17688122,-2004605.65178684,"1",WaterBody,Button Creek,Button Creek,"200702071247","2",Perennial,"2",Natural,Pool,"-99",Unknown,"-99",Unknown,,,LGATE-016-filtered_points,/Users/293003c/Library/CloudStorage/OneDrive-Curtin/Projects/TCZ-research/water point GIS/Edited-layers/LGATE-016-filtered_points.shp,32.000000000000000,,,,
-424863.728890042,-1966487.44563931,"1",WaterBody,,,"200702071939","2",Perennial,"1",Manmade,EarthDam,"-99",Unknown,"3",MinorRiver,,,LGATE-016-filtered_points,/Users/293003c/Library/CloudStorage/OneDrive-Curtin/Projects/TCZ-research/water point GIS/Edited-layers/LGATE-016-filtered_points.shp,36.000000000000000,"1",,,
-603312.190588903,-1948697.25336256,"1",WaterBody,,,"200702071940","2",Perennial,"2",Natural,Pool,"-99",Unknown,"3",MinorRiver,,,LGATE-016-filtered_points,/Users/293003c/Library/CloudStorage/OneDrive-Curtin/Projects/TCZ-research/water point GIS/Edited-layers/LGATE-016-filtered_points.shp,41.000000000000000,,,,
-363662.167844225,-1929764.70428026,"1",WaterBody,Bamboo Creek,Bamboo Creek,"200702071247","2",Perennial,"2",Natural,Pool,"-99",Unknown,"-99",Unknown,,,LGATE-016-filtered_points,/Users/293003c/Library/CloudStorage/OneDrive-Curtin/Projects/TCZ-research/water point GIS/Edited-layers/LGATE-016-filtered_points.shp,36.000000000000000,"1",,,
-446504.913794602,-1958198.00782154,"1",WaterBody,,,"200702071940","2",Perennial,"1",Manmade,EarthDam,"-99",Unknown,"3",MinorRiver,,,LGATE-016-filtered_points,/Users/293003c/Library/CloudStorage/OneDrive-Curtin/Projects/TCZ-research/water point GIS/Edited-layers/LGATE-016-filtered_points.shp,39.000000000000000,"1",,,
-507997.122050319,-2027294.95827257,"1",WaterBody,Willy Willy Creek,Willy Willy Creek,"200702071939","2",Perennial,"2",Natural,Pool,"-99",Unknown,"3",MinorRiver,,,LGATE-016-filtered_points,/Users/293003c/Library/CloudStorage/OneDrive-Curtin/Projects/TCZ-research/water point GIS/Edited-layers/LGATE-016-filtered_points.shp,37.000000000000000,,,,
-550441.351423936,-1955231.84035278,"1",WaterBody,,,"200702071940","2",Perennial,"2",Natural,Pool,"-99",Unknown,"3",MinorRiver,,,LGATE-016-filtered_points,/Users/293003c/Library/CloudStorage/OneDrive-Curtin/Projects/TCZ-research/water point GIS/Edited-layers/LGATE-016-filtered_points.shp,41.000000000000000,,,,
-582945.08216803,-1943280.00182477,"1",WaterBody,,,"200702071939","2",Perennial,"2",Natural,Pool,"-99",Unknown,"3",MinorRiver,,,LGATE-016-filtered_points,/Users/293003c/Library/CloudStorage/OneDrive-Curtin/Projects/TCZ-research/water point GIS/Edited-layers/LGATE-016-filtered_points.shp,41.000000000000000,,,,
-582426.17498774,-1943790.42928421,"1",WaterBody,,,"200702071939","2",Perennial,"2",Natural,Pool,"-99",Unknown,"3",MinorRiver,,,LGATE-016-filtered_points,/Users/293003c/Library/CloudStorage/OneDrive-Curtin/Projects/TCZ-research/water point GIS/Edited-layers/LGATE-016-filtered_points.shp,41.000000000000000,,,,
-436182.814087799,-1972553.81348891,"1",WaterBody,Black Elvire River,Black Elvire River,"200702071939","2",Perennial,"2",Natural,Pool,"-99",Unknown,"2",MajorRiver,,,LGATE-016-filtered_points,/Users/293003c/Library/CloudStorage/OneDrive-Curtin/Projects/TCZ-research/water point GIS/Edited-layers/LGATE-016-filtered_points.shp,37.000000000000000,"1",,,
-610466.970540359,-1966539.76076903,"1",WaterBody,Margaret River,Margaret River,"200702071939","2",Perennial,"2",Natural,Pool,"-99",Unknown,"2",MajorRiver,,,LGATE-016-filtered_points,/Users/293003c/Library/CloudStorage/OneDrive-Curtin/Projects/TCZ-research/water point GIS/Edited-layers/LGATE-016-filtered_points.shp,36.000000000000000,,,,
-481477.884249105,-1956418.68718615,"1",WaterBody,Station Creek,Station Creek,"200702071940","2",Perennial,"2",Natural,Pool,"-99",Unknown,"3",MinorRiver,,,LGATE-016-filtered_points,/Users/293003c/Library/CloudStorage/OneDrive-Curtin/Projects/TCZ-research/water point GIS/Edited-layers/LGATE-016-filtered_points.shp,43.000000000000000,,,,
-549601.857298128,-1957696.90840576,"1",WaterBody,,,"200702071940","2",Perennial,"2",Natural,Pool,"-99",Unknown,"3",MinorRiver,,,LGATE-016-filtered_points,/Users/293003c/Library/CloudStorage/OneDrive-Curtin/Projects/TCZ-research/water point GIS/Edited-layers/LGATE-016-filtered_points.shp,41.000000000000000,,,,
-403974.660761586,-1944589.7906729,"1",WaterBody,Elvire River,Elvire River,"200702071247","2",Perennial,"2",Natural,Pool,"-99",Unknown,"2",MajorRiver,,,LGATE-016-filtered_points,/Users/293003c/Library/CloudStorage/OneDrive-Curtin/Projects/TCZ-research/water point GIS/Edited-layers/LGATE-016-filtered_points.shp,35.000000000000000,"1",,,
-476533.407227885,-1999597.23651109,"1",WaterBody,,,"200702071939","2",Perennial,"2",Natural,Pool,"-99",Unknown,"3",MinorRiver,,,LGATE-016-filtered_points,/Users/293003c/Library/CloudStorage/OneDrive-Curtin/Projects/TCZ-research/water point GIS/Edited-layers/LGATE-016-filtered_points.shp,40.000000000000000,,,,
-440505.600864885,-2163101.38037842,"1",WaterBody,,,"200702071247","2",Perennial,"2",Natural,Lake,"-99",Unknown,"-99",Unknown,,,LGATE-016-filtered_points,/Users/293003c/Library/CloudStorage/OneDrive-Curtin/Projects/TCZ-research/water point GIS/Edited-layers/LGATE-016-filtered_points.shp,26.000000000000000,,,,
-550894.235234271,-1989814.69995111,"1",WaterBody,,,"200702071940","2",Perennial,"2",Natural,Pool,"-99",Unknown,"3",MinorRiver,,,LGATE-016-filtered_points,/Users/293003c/Library/CloudStorage/OneDrive-Curtin/Projects/TCZ-research/water point GIS/Edited-layers/LGATE-016-filtered_points.shp,38.000000000000000,,,,
-581278.070143146,-2027915.8453674,"1",WaterBody,Christmas Creek,Christmas Creek,"200702071940","2",Perennial,"2",Natural,Pool,"-99",Unknown,"2",MajorRiver,,,LGATE-016-filtered_points,/Users/293003c/Library/CloudStorage/OneDrive-Curtin/Projects/TCZ-research/water point GIS/Edited-layers/LGATE-016-filtered_points.shp,35.000000000000000,,,,
-553658.852659145,-1989879.75964503,"1",WaterBody,,,"200702071939","2",Perennial,"2",Natural,Pool,"-99",Unknown,"3",MinorRiver,,,LGATE-016-filtered_points,/Users/293003c/Library/CloudStorage/OneDrive-Curtin/Projects/TCZ-research/water point GIS/Edited-layers/LGATE-016-filtered_points.shp,37.000000000000000,,,,
-585826.978376793,-1968404.43320387,"1",WaterBody,,,"200702071940","2",Perennial,"2",Natural,Pool,"-99",Unknown,"3",MinorRiver,,,LGATE-016-filtered_points,/Users/293003c/Library/CloudStorage/OneDrive-Curtin/Projects/TCZ-research/water point GIS/Edited-layers/LGATE-016-filtered_points.shp,37.000000000000000,,,,
-516483.943050555,-1978175.33507427,"1",WaterBody,,,"200702071939","2",Perennial,"2",Natural,Pool,"-99",Unknown,"3",MinorRiver,,,LGATE-016-filtered_points,/Users/293003c/Library/CloudStorage/OneDrive-Curtin/Projects/TCZ-research/water point GIS/Edited-layers/LGATE-016-filtered_points.shp,41.000000000000000,,,,
-364201.340925679,-1930056.35697652,"1",WaterBody,Bamboo Creek,Bamboo Creek,"200702071247","2",Perennial,"2",Natural,Pool,"-99",Unknown,"-99",Unknown,,,LGATE-016-filtered_points,/Users/293003c/Library/CloudStorage/OneDrive-Curtin/Projects/TCZ-research/water point GIS/Edited-layers/LGATE-016-filtered_points.shp,36.000000000000000,"1",,,
-605060.590483382,-1954690.86248806,"1",WaterBody,Leopold River,Leopold River,"200702071940","2",Perennial,"2",Natural,Pool,"-99",Unknown,"2",MajorRiver,,,LGATE-016-filtered_points,/Users/293003c/Library/CloudStorage/OneDrive-Curtin/Projects/TCZ-research/water point GIS/Edited-layers/LGATE-016-filtered_points.shp,39.000000000000000,,,,
-479056.349107928,-1998244.16257657,"1",WaterBody,,,"200702071940","2",Perennial,"2",Natural,Pool,"-99",Unknown,"3",MinorRiver,,,LGATE-016-filtered_points,/Users/293003c/Library/CloudStorage/OneDrive-Curtin/Projects/TCZ-research/water point GIS/Edited-layers/LGATE-016-filtered_points.shp,40.000000000000000,,,,
-348672.873929808,-1982769.4941169,"1",WaterBody,,,"200702071247","2",Perennial,"2",Natural,Pool,"-99",Unknown,"-99",Unknown,,,LGATE-016-filtered_points,/Users/293003c/Library/CloudStorage/OneDrive-Curtin/Projects/TCZ-research/water point GIS/Edited-layers/LGATE-016-filtered_points.shp,33.000000000000000,"1",,,
-581548.644345976,-2028149.00165123,"1",WaterBody,Christmas Creek,Christmas Creek,"200702071940","2",Perennial,"2",Natural,Pool,"-99",Unknown,"2",MajorRiver,,,LGATE-016-filtered_points,/Users/293003c/Library/CloudStorage/OneDrive-Curtin/Projects/TCZ-research/water point GIS/Edited-layers/LGATE-016-filtered_points.shp,35.000000000000000,,,,
-600511.995703078,-1976765.84313564,"1",WaterBody,,,"200702071939","2",Perennial,"2",Natural,Pool,"-99",Unknown,"3",MinorRiver,,,LGATE-016-filtered_points,/Users/293003c/Library/CloudStorage/OneDrive-Curtin/Projects/TCZ-research/water point GIS/Edited-layers/LGATE-016-filtered_points.shp,40.000000000000000,,,,
-502576.807908863,-2001144.68362167,"1",WaterBody,Mary River,Mary River,"200702071940","2",Perennial,"2",Natural,Pool,"-99",Unknown,"3",MinorRiver,,,LGATE-016-filtered_points,/Users/293003c/Library/CloudStorage/OneDrive-Curtin/Projects/TCZ-research/water point GIS/Edited-layers/LGATE-016-filtered_points.shp,39.000000000000000,,,,
-555858.683783499,-1934662.49284706,"1",WaterBody,Little Gold River,Little Gold River,"200702071940","2",Perennial,"2",Natural,Pool,"-99",Unknown,"3",MinorRiver,,,LGATE-016-filtered_points,/Users/293003c/Library/CloudStorage/OneDrive-Curtin/Projects/TCZ-research/water point GIS/Edited-layers/LGATE-016-filtered_points.shp,42.000000000000000,,,,
-555870.146421616,-1934629.37892577,"1",WaterBody,Little Gold River,Little Gold River,"200702071940","2",Perennial,"2",Natural,Pool,"-99",Unknown,"3",MinorRiver,,,LGATE-016-filtered_points,/Users/293003c/Library/CloudStorage/OneDrive-Curtin/Projects/TCZ-research/water point GIS/Edited-layers/LGATE-016-filtered_points.shp,42.000000000000000,,,,
-449291.89309182,-2101691.13265794,"1",WaterBody,,,"200702071247","2",Perennial,"2",Natural,Pool,"-99",Unknown,"-99",Unknown,,,LGATE-016-filtered_points,/Users/293003c/Library/CloudStorage/OneDrive-Curtin/Projects/TCZ-research/water point GIS/Edited-layers/LGATE-016-filtered_points.shp,29.000000000000000,,,,
-501219.248624936,-2009767.10289749,"1",WaterBody,Hangman Creek,Hangman Creek,"200702071940","2",Perennial,"2",Natural,Pool,"-99",Unknown,"3",MinorRiver,,,LGATE-016-filtered_points,/Users/293003c/Library/CloudStorage/OneDrive-Curtin/Projects/TCZ-research/water point GIS/Edited-layers/LGATE-016-filtered_points.shp,38.000000000000000,,,,
-447461.507423631,-2151689.29883485,"1",WaterBody,,,"200702071247","2",Perennial,"2",Natural,Pool,"-99",Unknown,"-99",Unknown,,,LGATE-016-filtered_points,/Users/293003c/Library/CloudStorage/OneDrive-Curtin/Projects/TCZ-research/water point GIS/Edited-layers/LGATE-016-filtered_points.shp,27.000000000000000,,,,
-466490.650797612,-1982829.75655629,"1",WaterBody,,,"200702071939","2",Perennial,"1",Manmade,EarthDam,"-99",Unknown,"3",MinorRiver,,,LGATE-016-filtered_points,/Users/293003c/Library/CloudStorage/OneDrive-Curtin/Projects/TCZ-research/water point GIS/Edited-layers/LGATE-016-filtered_points.shp,41.000000000000000,,,,
-604831.504217755,-1977759.78211652,"1",WaterBody,,,"200702071940","2",Perennial,"2",Natural,Pool,"-99",Unknown,"3",MinorRiver,,,LGATE-016-filtered_points,/Users/293003c/Library/CloudStorage/OneDrive-Curtin/Projects/TCZ-research/water point GIS/Edited-layers/LGATE-016-filtered_points.shp,40.000000000000000,,,,
-330009.639863704,-1931109.65922871,"1",WaterBody,,,"200702071247","2",Perennial,"2",Natural,Pool,"-99",Unknown,"2",MajorRiver,,,LGATE-016-filtered_points,/Users/293003c/Library/CloudStorage/OneDrive-Curtin/Projects/TCZ-research/water point GIS/Edited-layers/LGATE-016-filtered_points.shp,36.000000000000000,"1",,,
-402200.621561289,-1937641.92724898,"1",WaterBody,Elvire River,Elvire River,"200702071247","2",Perennial,"2",Natural,Pool,"-99",Unknown,"2",MajorRiver,,,LGATE-016-filtered_points,/Users/293003c/Library/CloudStorage/OneDrive-Curtin/Projects/TCZ-research/water point GIS/Edited-layers/LGATE-016-filtered_points.shp,35.000000000000000,"1",,,
-402092.914385956,-1937233.15720926,"1",WaterBody,Elvire River,Elvire River,"200702071247","2",Perennial,"2",Natural,Pool,"-99",Unknown,"2",MajorRiver,,,LGATE-016-filtered_points,/Users/293003c/Library/CloudStorage/OneDrive-Curtin/Projects/TCZ-research/water point GIS/Edited-layers/LGATE-016-filtered_points.shp,35.000000000000000,"1",,,
-369675.262741849,-1984489.35098667,"1",WaterBody,Button Creek,Button Creek,"200702071247","2",Perennial,"2",Natural,Pool,"-99",Unknown,"-99",Unknown,,,LGATE-016-filtered_points,/Users/293003c/Library/CloudStorage/OneDrive-Curtin/Projects/TCZ-research/water point GIS/Edited-layers/LGATE-016-filtered_points.shp,33.000000000000000,"1",,,
-405374.265839777,-1946352.06596527,"1",WaterBody,Elvire River,Elvire River,"200702071247","2",Perennial,"2",Natural,Pool,"-99",Unknown,"2",MajorRiver,,,LGATE-016-filtered_points,/Users/293003c/Library/CloudStorage/OneDrive-Curtin/Projects/TCZ-research/water point GIS/Edited-layers/LGATE-016-filtered_points.shp,36.000000000000000,"1",,,
-566836.307321953,-1939755.87178223,"1",WaterBody,McKinnon Creek,McKinnon Creek,"200702071940","2",Perennial,"2",Natural,Pool,"-99",Unknown,"3",MinorRiver,,,LGATE-016-filtered_points,/Users/293003c/Library/CloudStorage/OneDrive-Curtin/Projects/TCZ-research/water point GIS/Edited-layers/LGATE-016-filtered_points.shp,43.000000000000000,,,,
-434062.001250526,-1966141.87294098,"1",WaterBody,,,"200702071940","2",Perennial,"2",Natural,Pool,"-99",Unknown,"2",MajorRiver,,,LGATE-016-filtered_points,/Users/293003c/Library/CloudStorage/OneDrive-Curtin/Projects/TCZ-research/water point GIS/Edited-layers/LGATE-016-filtered_points.shp,37.000000000000000,"1",,,
-381266.82437171,-1983946.92865517,"1",WaterBody,,,"200702071247","2",Perennial,"2",Natural,Pool,"-99",Unknown,"-99",Unknown,,,LGATE-016-filtered_points,/Users/293003c/Library/CloudStorage/OneDrive-Curtin/Projects/TCZ-research/water point GIS/Edited-layers/LGATE-016-filtered_points.shp,34.000000000000000,"1",,,
-553541.500409903,-1967697.69122806,"1",WaterBody,,,"200702071939","2",Perennial,"2",Natural,Pool,"-99",Unknown,"3",MinorRiver,,,LGATE-016-filtered_points,/Users/293003c/Library/CloudStorage/OneDrive-Curtin/Projects/TCZ-research/water point GIS/Edited-layers/LGATE-016-filtered_points.shp,40.000000000000000,,,,
-582833.451525976,-1947504.18929984,"1",WaterBody,,,"200702071940","2",Perennial,"2",Natural,Pool,"-99",Unknown,"3",MinorRiver,,,LGATE-016-filtered_points,/Users/293003c/Library/CloudStorage/OneDrive-Curtin/Projects/TCZ-research/water point GIS/Edited-layers/LGATE-016-filtered_points.shp,41.000000000000000,,,,
-573392.59516312,-1959721.56646954,"1",WaterBody,,,"200702071940","2",Perennial,"2",Natural,Pool,"-99",Unknown,"3",MinorRiver,,,LGATE-016-filtered_points,/Users/293003c/Library/CloudStorage/OneDrive-Curtin/Projects/TCZ-research/water point GIS/Edited-layers/LGATE-016-filtered_points.shp,42.000000000000000,,,,
-583351.859350863,-1968693.58609251,"1",WaterBody,Margaret River,Margaret River,"200702071940","2",Perennial,"2",Natural,Pool,"-99",Unknown,"2",MajorRiver,,,LGATE-016-filtered_points,/Users/293003c/Library/CloudStorage/OneDrive-Curtin/Projects/TCZ-research/water point GIS/Edited-layers/LGATE-016-filtered_points.shp,37.000000000000000,,,,
-582895.509884225,-1970000.00274991,"1",WaterBody,Margaret River,Margaret River,"200702071940","2",Perennial,"2",Natural,Pool,"-99",Unknown,"2",MajorRiver,,,LGATE-016-filtered_points,/Users/293003c/Library/CloudStorage/OneDrive-Curtin/Projects/TCZ-research/water point GIS/Edited-layers/LGATE-016-filtered_points.shp,37.000000000000000,,,,
-582197.865616385,-1970729.32720733,"1",WaterBody,Margaret River,Margaret River,"200702071940","2",Perennial,"2",Natural,Pool,"-99",Unknown,"2",MajorRiver,,,LGATE-016-filtered_points,/Users/293003c/Library/CloudStorage/OneDrive-Curtin/Projects/TCZ-research/water point GIS/Edited-layers/LGATE-016-filtered_points.shp,37.000000000000000,,,,
-582856.446000159,-1969135.48624317,"1",WaterBody,Margaret River,Margaret River,"200702071940","2",Perennial,"2",Natural,Pool,"-99",Unknown,"2",MajorRiver,,,LGATE-016-filtered_points,/Users/293003c/Library/CloudStorage/OneDrive-Curtin/Projects/TCZ-research/water point GIS/Edited-layers/LGATE-016-filtered_points.shp,37.000000000000000,,,,
-583831.123931278,-1969137.53854392,"1",WaterBody,Margaret River,Margaret River,"200702071940","2",Perennial,"2",Natural,Pool,"-99",Unknown,"2",MajorRiver,,,LGATE-016-filtered_points,/Users/293003c/Library/CloudStorage/OneDrive-Curtin/Projects/TCZ-research/water point GIS/Edited-layers/LGATE-016-filtered_points.shp,37.000000000000000,,,,
-438248.327818786,-1965110.6407299,"1",WaterBody,,,"200702071940","2",Perennial,"2",Natural,Pool,"-99",Unknown,"3",MinorRiver,,,LGATE-016-filtered_points,/Users/293003c/Library/CloudStorage/OneDrive-Curtin/Projects/TCZ-research/water point GIS/Edited-layers/LGATE-016-filtered_points.shp,37.000000000000000,"1",,,
-599793.197868894,-1976895.33902222,"1",WaterBody,,,"200702071940","2",Perennial,"2",Natural,Pool,"-99",Unknown,"3",MinorRiver,,,LGATE-016-filtered_points,/Users/293003c/Library/CloudStorage/OneDrive-Curtin/Projects/TCZ-research/water point GIS/Edited-layers/LGATE-016-filtered_points.shp,40.000000000000000,,,,
-372134.003726601,-1996666.97898841,"1",WaterBody,,,"200702071247","2",Perennial,"2",Natural,Pool,"-99",Unknown,"-99",Unknown,,,LGATE-016-filtered_points,/Users/293003c/Library/CloudStorage/OneDrive-Curtin/Projects/TCZ-research/water point GIS/Edited-layers/LGATE-016-filtered_points.shp,33.000000000000000,,,,
-585613.807253546,-1936670.40334804,"1",WaterBody,Leopold River,Leopold River,"200702071940","2",Perennial,"2",Natural,Pool,"-99",Unknown,"2",MajorRiver,,,LGATE-016-filtered_points,/Users/293003c/Library/CloudStorage/OneDrive-Curtin/Projects/TCZ-research/water point GIS/Edited-layers/LGATE-016-filtered_points.shp,41.000000000000000,,,,
-550233.434114219,-1980682.38194095,"1",WaterBody,Dead Horse Creek,Dead Horse Creek,"200702071939","2",Perennial,"2",Natural,Pool,"-99",Unknown,"3",MinorRiver,,,LGATE-016-filtered_points,/Users/293003c/Library/CloudStorage/OneDrive-Curtin/Projects/TCZ-research/water point GIS/Edited-layers/LGATE-016-filtered_points.shp,40.000000000000000,,,,
-613936.762830084,-1973248.50309438,"1",WaterBody,,,"200702071939","2",Perennial,"2",Natural,Pool,"-99",Unknown,"3",MinorRiver,,,LGATE-016-filtered_points,/Users/293003c/Library/CloudStorage/OneDrive-Curtin/Projects/TCZ-research/water point GIS/Edited-layers/LGATE-016-filtered_points.shp,36.000000000000000,,,,
-566792.256463237,-1939329.51696096,"1",WaterBody,McKinnon Creek,McKinnon Creek,"200702071940","2",Perennial,"2",Natural,Pool,"-99",Unknown,"3",MinorRiver,,,LGATE-016-filtered_points,/Users/293003c/Library/CloudStorage/OneDrive-Curtin/Projects/TCZ-research/water point GIS/Edited-layers/LGATE-016-filtered_points.shp,42.000000000000000,,,,
-601735.423154424,-1964623.03595527,"1",WaterBody,,,"201106162009","2",Perennial,"2",Natural,Pool,"-99",Unknown,"2",MajorRiver,,,LGATE-016-filtered_points,/Users/293003c/Library/CloudStorage/OneDrive-Curtin/Projects/TCZ-research/water point GIS/Edited-layers/LGATE-016-filtered_points.shp,41.000000000000000,,,,
-353812.012284433,-2058046.75205714,"1",WaterBody,Lewis Creek,Lewis Creek,"200702071247","2",Perennial,"2",Natural,Pool,"-99",Unknown,"-99",Unknown,,,LGATE-016-filtered_points,/Users/293003c/Library/CloudStorage/OneDrive-Curtin/Projects/TCZ-research/water point GIS/Edited-layers/LGATE-016-filtered_points.shp,29.000000000000000,,,,
-588656.903518372,-1961634.94722005,"1",WaterBody,,,"200702071940","2",Perennial,"2",Natural,Pool,"-99",Unknown,"3",MinorRiver,,,LGATE-016-filtered_points,/Users/293003c/Library/CloudStorage/OneDrive-Curtin/Projects/TCZ-research/water point GIS/Edited-layers/LGATE-016-filtered_points.shp,41.000000000000000,,,,
-448279.805222355,-2096460.46087858,"1",WaterBody,Sturt Creek,Sturt Creek,"200702071247","2",Perennial,"2",Natural,Pool,"-99",Unknown,"-99",Unknown,,,LGATE-016-filtered_points,/Users/293003c/Library/CloudStorage/OneDrive-Curtin/Projects/TCZ-research/water point GIS/Edited-layers/LGATE-016-filtered_points.shp,29.000000000000000,,,,
-511312.596282451,-1932119.38763457,"1",WaterBody,Watery River,Watery River,"200702071939","2",Perennial,"2",Natural,Pool,"-99",Unknown,"3",MinorRiver,,,LGATE-016-filtered_points,/Users/293003c/Library/CloudStorage/OneDrive-Curtin/Projects/TCZ-research/water point GIS/Edited-layers/LGATE-016-filtered_points.shp,47.000000000000000,,,,
-391820.733628167,-1985417.20283308,"1",WaterBody,Cow Creek,Cow Creek,"200702071247","2",Perennial,"2",Natural,Pool,"-99",Unknown,"-99",Unknown,,,LGATE-016-filtered_points,/Users/293003c/Library/CloudStorage/OneDrive-Curtin/Projects/TCZ-research/water point GIS/Edited-layers/LGATE-016-filtered_points.shp,35.000000000000000,"1",,,
-536853.474426394,-1952133.94501769,"1",WaterBody,O'Donnell River,O'Donnell River,"200702071940","2",Perennial,"2",Natural,Pool,"-99",Unknown,"2",MajorRiver,,,LGATE-016-filtered_points,/Users/293003c/Library/CloudStorage/OneDrive-Curtin/Projects/TCZ-research/water point GIS/Edited-layers/LGATE-016-filtered_points.shp,41.000000000000000,,,,
-583571.101656904,-1949379.16547231,"1",WaterBody,,,"200702071940","2",Perennial,"2",Natural,Pool,"-99",Unknown,"3",MinorRiver,,,LGATE-016-filtered_points,/Users/293003c/Library/CloudStorage/OneDrive-Curtin/Projects/TCZ-research/water point GIS/Edited-layers/LGATE-016-filtered_points.shp,41.000000000000000,,,,
-553315.457666264,-2039533.5654353,"1",WaterBody,Christmas Creek,Christmas Creek,"200702071939","2",Perennial,"2",Natural,Pool,"-99",Unknown,"2",MajorRiver,,,LGATE-016-filtered_points,/Users/293003c/Library/CloudStorage/OneDrive-Curtin/Projects/TCZ-research/water point GIS/Edited-layers/LGATE-016-filtered_points.shp,35.000000000000000,,,,
-547174.215592979,-1990309.85341267,"1",WaterBody,,,"200702071940","2",Perennial,"2",Natural,Pool,"-99",Unknown,"3",MinorRiver,,,LGATE-016-filtered_points,/Users/293003c/Library/CloudStorage/OneDrive-Curtin/Projects/TCZ-research/water point GIS/Edited-layers/LGATE-016-filtered_points.shp,38.000000000000000,,,,
-455335.232052152,-1953288.79961893,"1",WaterBody,,,"200702071940","2",Perennial,"1",Manmade,EarthDam,"-99",Unknown,"3",MinorRiver,,,LGATE-016-filtered_points,/Users/293003c/Library/CloudStorage/OneDrive-Curtin/Projects/TCZ-research/water point GIS/Edited-layers/LGATE-016-filtered_points.shp,41.000000000000000,"1",,,
-466073.842077119,-2121802.79221089,"1",WaterBody,,,"200702071247","2",Perennial,"2",Natural,Pool,"-99",Unknown,"-99",Unknown,,,LGATE-016-filtered_points,/Users/293003c/Library/CloudStorage/OneDrive-Curtin/Projects/TCZ-research/water point GIS/Edited-layers/LGATE-016-filtered_points.shp,28.000000000000000,,,,
-582596.090858398,-1946692.23878975,"1",WaterBody,,,"200702071939","2",Perennial,"2",Natural,Pool,"-99",Unknown,"3",MinorRiver,,,LGATE-016-filtered_points,/Users/293003c/Library/CloudStorage/OneDrive-Curtin/Projects/TCZ-research/water point GIS/Edited-layers/LGATE-016-filtered_points.shp,41.000000000000000,,,,
-462537.276435343,-2152079.33867459,"1",WaterBody,Durbai Creek,Durbai Creek,"200702071247","2",Perennial,"2",Natural,Pool,"-99",Unknown,"-99",Unknown,,,LGATE-016-filtered_points,/Users/293003c/Library/CloudStorage/OneDrive-Curtin/Projects/TCZ-research/water point GIS/Edited-layers/LGATE-016-filtered_points.shp,27.000000000000000,,,,
-551427.899395611,-1981450.14791009,"1",WaterBody,Dead Horse Creek,Dead Horse Creek,"200702071939","2",Perennial,"2",Natural,Pool,"-99",Unknown,"3",MinorRiver,,,LGATE-016-filtered_points,/Users/293003c/Library/CloudStorage/OneDrive-Curtin/Projects/TCZ-research/water point GIS/Edited-layers/LGATE-016-filtered_points.shp,40.000000000000000,,,,
-568635.204814165,-1969862.89811144,"1",WaterBody,,,"200702071940","2",Perennial,"2",Natural,Pool,"-99",Unknown,"3",MinorRiver,,,LGATE-016-filtered_points,/Users/293003c/Library/CloudStorage/OneDrive-Curtin/Projects/TCZ-research/water point GIS/Edited-layers/LGATE-016-filtered_points.shp,38.000000000000000,,,,
-554596.078497616,-1955881.49165236,"1",WaterBody,,,"200702071940","2",Perennial,"2",Natural,Pool,"-99",Unknown,"3",MinorRiver,,,LGATE-016-filtered_points,/Users/293003c/Library/CloudStorage/OneDrive-Curtin/Projects/TCZ-research/water point GIS/Edited-layers/LGATE-016-filtered_points.shp,41.000000000000000,,,,
-477856.049717495,-1998591.53512478,"1",WaterBody,,,"200702071939","2",Perennial,"2",Natural,Pool,"-99",Unknown,"3",MinorRiver,,,LGATE-016-filtered_points,/Users/293003c/Library/CloudStorage/OneDrive-Curtin/Projects/TCZ-research/water point GIS/Edited-layers/LGATE-016-filtered_points.shp,40.000000000000000,,,,
-550789.216196499,-1953917.77324229,"1",WaterBody,,,"200702071939","2",Perennial,"2",Natural,Pool,"-99",Unknown,"3",MinorRiver,,,LGATE-016-filtered_points,/Users/293003c/Library/CloudStorage/OneDrive-Curtin/Projects/TCZ-research/water point GIS/Edited-layers/LGATE-016-filtered_points.shp,41.000000000000000,,,,
-397741.170364777,-1974321.761462,"1",WaterBody,,,"200702071247","2",Perennial,"1",Manmade,EarthDam,"-99",Unknown,"-99",Unknown,,,LGATE-016-filtered_points,/Users/293003c/Library/CloudStorage/OneDrive-Curtin/Projects/TCZ-research/water point GIS/Edited-layers/LGATE-016-filtered_points.shp,37.000000000000000,"1",,,
-563435.11901186,-2040843.26648162,"1",WaterBody,,,"200702071939","2",Perennial,"2",Natural,Pool,"-99",Unknown,"3",MinorRiver,,,LGATE-016-filtered_points,/Users/293003c/Library/CloudStorage/OneDrive-Curtin/Projects/TCZ-research/water point GIS/Edited-layers/LGATE-016-filtered_points.shp,36.000000000000000,,,,
-487998.655901399,-1989626.93609266,"1",WaterBody,Mary River,Mary River,"200702071939","2",Perennial,"2",Natural,Pool,"-99",Unknown,"3",MinorRiver,,,LGATE-016-filtered_points,/Users/293003c/Library/CloudStorage/OneDrive-Curtin/Projects/TCZ-research/water point GIS/Edited-layers/LGATE-016-filtered_points.shp,40.000000000000000,,,,
-355044.148026264,-1989287.82142445,"1",WaterBody,,,"200702071247","2",Perennial,"2",Natural,Pool,"-99",Unknown,"-99",Unknown,,,LGATE-016-filtered_points,/Users/293003c/Library/CloudStorage/OneDrive-Curtin/Projects/TCZ-research/water point GIS/Edited-layers/LGATE-016-filtered_points.shp,32.000000000000000,,,,
-384456.955840726,-1933082.63229718,"1",WaterBody,Turner River,Turner River,"200702071247","2",Perennial,"2",Natural,Pool,"-99",Unknown,"-99",Unknown,,,LGATE-016-filtered_points,/Users/293003c/Library/CloudStorage/OneDrive-Curtin/Projects/TCZ-research/water point GIS/Edited-layers/LGATE-016-filtered_points.shp,36.000000000000000,"1",,,
-514539.299849708,-2009218.09031382,"1",WaterBody,,,"200702071940","2",Perennial,"2",Natural,Pool,"-99",Unknown,"3",MinorRiver,,,LGATE-016-filtered_points,/Users/293003c/Library/CloudStorage/OneDrive-Curtin/Projects/TCZ-research/water point GIS/Edited-layers/LGATE-016-filtered_points.shp,38.000000000000000,,,,
-573195.84430549,-1941006.38305143,"1",WaterBody,,,"200702071940","2",Perennial,"2",Natural,Pool,"-99",Unknown,"3",MinorRiver,,,LGATE-016-filtered_points,/Users/293003c/Library/CloudStorage/OneDrive-Curtin/Projects/TCZ-research/water point GIS/Edited-layers/LGATE-016-filtered_points.shp,43.000000000000000,,,,
-355079.233468852,-1939061.08568053,"1",WaterBody,Nicholson River,Nicholson River,"200702071247","2",Perennial,"2",Natural,Pool,"-99",Unknown,"2",MajorRiver,,,LGATE-016-filtered_points,/Users/293003c/Library/CloudStorage/OneDrive-Curtin/Projects/TCZ-research/water point GIS/Edited-layers/LGATE-016-filtered_points.shp,36.000000000000000,"1",,,
-574240.89792864,-1935808.43823203,"1",WaterBody,,,"200702071940","2",Perennial,"2",Natural,Pool,"-99",Unknown,"3",MinorRiver,,,LGATE-016-filtered_points,/Users/293003c/Library/CloudStorage/OneDrive-Curtin/Projects/TCZ-research/water point GIS/Edited-layers/LGATE-016-filtered_points.shp,42.000000000000000,,,,
-441558.859685638,-1975402.51464068,"1",WaterBody,,,"200702071940","2",Perennial,"2",Natural,Pool,"-99",Unknown,"3",MinorRiver,,,LGATE-016-filtered_points,/Users/293003c/Library/CloudStorage/OneDrive-Curtin/Projects/TCZ-research/water point GIS/Edited-layers/LGATE-016-filtered_points.shp,38.000000000000000,"1",,,
-355913.352038275,-1957771.43763737,"1",WaterBody,,,"200702071247","2",Perennial,"2",Natural,Pool,"-99",Unknown,"-99",Unknown,,,LGATE-016-filtered_points,/Users/293003c/Library/CloudStorage/OneDrive-Curtin/Projects/TCZ-research/water point GIS/Edited-layers/LGATE-016-filtered_points.shp,35.000000000000000,"1",,,
-379457.965389546,-1985951.87861449,"1",WaterBody,,,"200702071247","2",Perennial,"2",Natural,Pool,"-99",Unknown,"-99",Unknown,,,LGATE-016-filtered_points,/Users/293003c/Library/CloudStorage/OneDrive-Curtin/Projects/TCZ-research/water point GIS/Edited-layers/LGATE-016-filtered_points.shp,34.000000000000000,"1",,,
-380888.103165794,-1984868.19950293,"1",WaterBody,,,"200702071247","2",Perennial,"2",Natural,Pool,"-99",Unknown,"-99",Unknown,,,LGATE-016-filtered_points,/Users/293003c/Library/CloudStorage/OneDrive-Curtin/Projects/TCZ-research/water point GIS/Edited-layers/LGATE-016-filtered_points.shp,34.000000000000000,"1",,,
-492561.55719669,-1990701.95579651,"1",WaterBody,Mary River,Mary River,"200702071939","2",Perennial,"2",Natural,Pool,"-99",Unknown,"3",MinorRiver,,,LGATE-016-filtered_points,/Users/293003c/Library/CloudStorage/OneDrive-Curtin/Projects/TCZ-research/water point GIS/Edited-layers/LGATE-016-filtered_points.shp,40.000000000000000,,,,
-509754.274307024,-2019213.70635602,"1",WaterBody,,,"200702071940","2",Perennial,"2",Natural,Pool,"-99",Unknown,"3",MinorRiver,,,LGATE-016-filtered_points,/Users/293003c/Library/CloudStorage/OneDrive-Curtin/Projects/TCZ-research/water point GIS/Edited-layers/LGATE-016-filtered_points.shp,40.000000000000000,,,,
-580331.144268156,-1976017.42827466,"1",WaterBody,,,"200702071940","2",Perennial,"2",Natural,Pool,"-99",Unknown,"3",MinorRiver,,,LGATE-016-filtered_points,/Users/293003c/Library/CloudStorage/OneDrive-Curtin/Projects/TCZ-research/water point GIS/Edited-layers/LGATE-016-filtered_points.shp,41.000000000000000,,,,
-515157.303187838,-2023244.90495765,"1",WaterBody,Willy Willy Creek,Willy Willy Creek,"200702071939","2",Perennial,"2",Natural,Pool,"-99",Unknown,"3",MinorRiver,,,LGATE-016-filtered_points,/Users/293003c/Library/CloudStorage/OneDrive-Curtin/Projects/TCZ-research/water point GIS/Edited-layers/LGATE-016-filtered_points.shp,37.000000000000000,,,,
-464958.230965922,-1978814.08823541,"1",WaterBody,,,"200702071939","2",Perennial,"1",Manmade,EarthDam,"-99",Unknown,"3",MinorRiver,,,LGATE-016-filtered_points,/Users/293003c/Library/CloudStorage/OneDrive-Curtin/Projects/TCZ-research/water point GIS/Edited-layers/LGATE-016-filtered_points.shp,41.000000000000000,,,,
-446358.203045076,-1958358.16804128,"1",WaterBody,,,"200702071939","2",Perennial,"1",Manmade,EarthDam,"-99",Unknown,"3",MinorRiver,,,LGATE-016-filtered_points,/Users/293003c/Library/CloudStorage/OneDrive-Curtin/Projects/TCZ-research/water point GIS/Edited-layers/LGATE-016-filtered_points.shp,39.000000000000000,"1",,,
-423295.097586504,-2066694.46073459,"1",WaterBody,Sturt Creek,Sturt Creek,"200702071247","2",Perennial,"2",Natural,Pool,"-99",Unknown,"2",MajorRiver,,,LGATE-016-filtered_points,/Users/293003c/Library/CloudStorage/OneDrive-Curtin/Projects/TCZ-research/water point GIS/Edited-layers/LGATE-016-filtered_points.shp,30.000000000000000,,,,
-423266.73870512,-2066599.55229365,"1",WaterBody,Sturt Creek,Sturt Creek,"200702071247","2",Perennial,"2",Natural,Pool,"-99",Unknown,"2",MajorRiver,,,LGATE-016-filtered_points,/Users/293003c/Library/CloudStorage/OneDrive-Curtin/Projects/TCZ-research/water point GIS/Edited-layers/LGATE-016-filtered_points.shp,30.000000000000000,,,,
-552696.02819161,-1965282.59824763,"1",WaterBody,,,"200702071940","2",Perennial,"2",Natural,Pool,"-99",Unknown,"3",MinorRiver,,,LGATE-016-filtered_points,/Users/293003c/Library/CloudStorage/OneDrive-Curtin/Projects/TCZ-research/water point GIS/Edited-layers/LGATE-016-filtered_points.shp,40.000000000000000,,,,
-355745.610080421,-1938660.67389371,"1",WaterBody,,,"200702071247","2",Perennial,"2",Natural,Pool,"-99",Unknown,"2",MajorRiver,,,LGATE-016-filtered_points,/Users/293003c/Library/CloudStorage/OneDrive-Curtin/Projects/TCZ-research/water point GIS/Edited-layers/LGATE-016-filtered_points.shp,36.000000000000000,"1",,,
-507505.021395763,-2033223.60804566,"1",WaterBody,,,"200702071940","2",Perennial,"2",Natural,Pool,"-99",Unknown,"3",MinorRiver,,,LGATE-016-filtered_points,/Users/293003c/Library/CloudStorage/OneDrive-Curtin/Projects/TCZ-research/water point GIS/Edited-layers/LGATE-016-filtered_points.shp,37.000000000000000,,,,
-551233.675188778,-1951417.26686242,"1",WaterBody,,,"200702071939","2",Perennial,"2",Natural,Pool,"-99",Unknown,"3",MinorRiver,,,LGATE-016-filtered_points,/Users/293003c/Library/CloudStorage/OneDrive-Curtin/Projects/TCZ-research/water point GIS/Edited-layers/LGATE-016-filtered_points.shp,41.000000000000000,,,,
-570872.300609948,-1966171.51958224,"1",WaterBody,,,"200702071940","2",Perennial,"2",Natural,Pool,"-99",Unknown,"3",MinorRiver,,,LGATE-016-filtered_points,/Users/293003c/Library/CloudStorage/OneDrive-Curtin/Projects/TCZ-research/water point GIS/Edited-layers/LGATE-016-filtered_points.shp,38.000000000000000,,,,
-553689.445043382,-1959552.20943063,"1",WaterBody,,,"200702071940","2",Perennial,"2",Natural,Pool,"-99",Unknown,"3",MinorRiver,,,LGATE-016-filtered_points,/Users/293003c/Library/CloudStorage/OneDrive-Curtin/Projects/TCZ-research/water point GIS/Edited-layers/LGATE-016-filtered_points.shp,41.000000000000000,,,,
-571113.115817916,-2015591.1435352,"5",WaterPointStructure,,,"200702071938","-99",Unknown,"1",Manmade,,"-99",Unknown,"-98",NotApplicable,"2",BoreAndWindmill,LGATE017_north_perm_artificial,/Users/293003c/Library/CloudStorage/OneDrive-Curtin/Projects/TCZ-research/water point GIS/LGATE017 north permanent.shp,38.000000000000000,,,,
-505399.916256139,-1964044.02704006,"1",WaterBody,,,"200702071938","2",Perennial,"2",Natural,,"-99",Unknown,"-99",Unknown,"5",Pool,LGATE017_north_perm_artificial,/Users/293003c/Library/CloudStorage/OneDrive-Curtin/Projects/TCZ-research/water point GIS/LGATE017 north permanent.shp,42.000000000000000,,,,
-617031.553598242,-1957017.14640325,"3",Spring,,,"200702071938","2",Perennial,"2",Natural,,"-99",Unknown,"-99",Unknown,"-98",NotApplicable,LGATE017_north_perm_artificial,/Users/293003c/Library/CloudStorage/OneDrive-Curtin/Projects/TCZ-research/water point GIS/LGATE017 north permanent.shp,40.000000000000000,,,,
-512642.147949793,-1928867.80046109,"4",Waterfall,,,"200702071938","2",Perennial,"2",Natural,,"-98",NotApplicable,"-99",Unknown,"-98",NotApplicable,LGATE017_north_perm_artificial,/Users/293003c/Library/CloudStorage/OneDrive-Curtin/Projects/TCZ-research/water point GIS/LGATE017 north permanent.shp,47.000000000000000,,,,
-602493.058246196,-1977375.08161273,"4",Waterfall,,,"200702071938","2",Perennial,"2",Natural,,"-98",NotApplicable,"-99",Unknown,"-98",NotApplicable,LGATE017_north_perm_artificial,/Users/293003c/Library/CloudStorage/OneDrive-Curtin/Projects/TCZ-research/water point GIS/LGATE017 north permanent.shp,40.000000000000000,,,,
-537778.901939776,-1957989.87935926,"4",Waterfall,,,"200702071938","2",Perennial,"2",Natural,,"-98",NotApplicable,"-99",Unknown,"-98",NotApplicable,LGATE017_north_perm_artificial,/Users/293003c/Library/CloudStorage/OneDrive-Curtin/Projects/TCZ-research/water point GIS/LGATE017 north permanent.shp,41.000000000000000,,,,
-563767.045797001,-2183918.17332487,"3",Spring,,,"200702071242","2",Perennial,"2",Natural,,"-99",Unknown,"-99",Unknown,"-98",NotApplicable,LGATE017_north_perm_artificial,/Users/293003c/Library/CloudStorage/OneDrive-Curtin/Projects/TCZ-research/water point GIS/LGATE017 north permanent.shp,28.000000000000000,,,,
-469127.826037878,-1933019.27065207,"1",WaterBody,,,"200702071938","2",Perennial,"2",Natural,,"-99",Unknown,"-99",Unknown,"5",Pool,LGATE017_north_perm_artificial,/Users/293003c/Library/CloudStorage/OneDrive-Curtin/Projects/TCZ-research/water point GIS/LGATE017 north permanent.shp,45.000000000000000,,,,
-443353.033359939,-1979375.57922939,"1",WaterBody,,,"200702071938","2",Perennial,"2",Natural,,"-99",Unknown,"-99",Unknown,"5",Pool,LGATE017_north_perm_artificial,/Users/293003c/Library/CloudStorage/OneDrive-Curtin/Projects/TCZ-research/water point GIS/LGATE017 north permanent.shp,38.000000000000000,"1",,,
-362791.152528777,-2191544.09778512,"3",Spring,,,"200702071242","2",Perennial,"2",Natural,,"-99",Unknown,"-99",Unknown,"-98",NotApplicable,LGATE017_north_perm_artificial,/Users/293003c/Library/CloudStorage/OneDrive-Curtin/Projects/TCZ-research/water point GIS/LGATE017 north permanent.shp,25.000000000000000,,,,
-423894.54100546,-1981685.82747741,"1",WaterBody,,,"200702071938","2",Perennial,"2",Natural,,"-99",Unknown,"-99",Unknown,"5",Pool,LGATE017_north_perm_artificial,/Users/293003c/Library/CloudStorage/OneDrive-Curtin/Projects/TCZ-research/water point GIS/LGATE017 north permanent.shp,35.000000000000000,"1",,,
-497544.976085586,-1959902.31909862,"3",Spring,,,"200702071938","2",Perennial,"2",Natural,,"-99",Unknown,"-99",Unknown,"-98",NotApplicable,LGATE017_north_perm_artificial,/Users/293003c/Library/CloudStorage/OneDrive-Curtin/Projects/TCZ-research/water point GIS/LGATE017 north permanent.shp,42.000000000000000,,,,
-507860.768124861,-2027397.47123043,"5",WaterPointStructure,,,"200702071938","-99",Unknown,"1",Manmade,,"-99",Unknown,"-98",NotApplicable,"8",WellAndWindmill,LGATE017_north_perm_artificial,/Users/293003c/Library/CloudStorage/OneDrive-Curtin/Projects/TCZ-research/water point GIS/LGATE017 north permanent.shp,37.000000000000000,,,,
-513150.371624395,-2011686.38927115,"5",WaterPointStructure,,,"200702071938","-99",Unknown,"1",Manmade,,"-99",Unknown,"-98",NotApplicable,"8",WellAndWindmill,LGATE017_north_perm_artificial,/Users/293003c/Library/CloudStorage/OneDrive-Curtin/Projects/TCZ-research/water point GIS/LGATE017 north permanent.shp,38.000000000000000,,,,
-567490.000781306,-1988098.69776585,"3",Spring,,,"200702071938","2",Perennial,"2",Natural,,"-99",Unknown,"-99",Unknown,"-98",NotApplicable,LGATE017_north_perm_artificial,/Users/293003c/Library/CloudStorage/OneDrive-Curtin/Projects/TCZ-research/water point GIS/LGATE017 north permanent.shp,37.000000000000000,,,,
-491832.865842724,-1958097.98463736,"5",WaterPointStructure,,,"200702071938","-99",Unknown,"1",Manmade,,"-99",Unknown,"-98",NotApplicable,"7",Windmill,LGATE017_north_perm_artificial,/Users/293003c/Library/CloudStorage/OneDrive-Curtin/Projects/TCZ-research/water point GIS/LGATE017 north permanent.shp,43.000000000000000,,,,
-494801.847996333,-1954577.13737054,"5",WaterPointStructure,,,"200702071938","-99",Unknown,"1",Manmade,,"-99",Unknown,"-98",NotApplicable,"4",Tank,LGATE017_north_perm_artificial,/Users/293003c/Library/CloudStorage/OneDrive-Curtin/Projects/TCZ-research/water point GIS/LGATE017 north permanent.shp,43.000000000000000,,,,
-319982.747960556,-1929488.09853319,"5",WaterPointStructure,Koolerong Bore,Koolerong Bore,"200702101818","-99",Unknown,"1",Manmade,,"-99",Unknown,"-98",NotApplicable,"2",BoreAndWindmill,LGATE017_north_perm_artificial,/Users/293003c/Library/CloudStorage/OneDrive-Curtin/Projects/TCZ-research/water point GIS/LGATE017 north permanent.shp,36.000000000000000,"1",,,
-540011.141053773,-1960332.85792099,"4",Waterfall,,,"200702071938","2",Perennial,"2",Natural,,"-98",NotApplicable,"-99",Unknown,"-98",NotApplicable,LGATE017_north_perm_artificial,/Users/293003c/Library/CloudStorage/OneDrive-Curtin/Projects/TCZ-research/water point GIS/LGATE017 north permanent.shp,41.000000000000000,,,,
-539791.562503274,-1930481.04118348,"1",WaterBody,,,"200702071938","2",Perennial,"2",Natural,,"-99",Unknown,"-99",Unknown,"5",Pool,LGATE017_north_perm_artificial,/Users/293003c/Library/CloudStorage/OneDrive-Curtin/Projects/TCZ-research/water point GIS/LGATE017 north permanent.shp,47.000000000000000,,,,
-489518.70592408,-1970799.82778677,"5",WaterPointStructure,,,"200702071938","-99",Unknown,"1",Manmade,,"-99",Unknown,"-98",NotApplicable,"4",Tank,LGATE017_north_perm_artificial,/Users/293003c/Library/CloudStorage/OneDrive-Curtin/Projects/TCZ-research/water point GIS/LGATE017 north permanent.shp,42.000000000000000,,,,
-521176.52408214,-1935291.24968848,"5",WaterPointStructure,,,"200702071938","-99",Unknown,"1",Manmade,,"-99",Unknown,"-98",NotApplicable,"1",Bore,LGATE017_north_perm_artificial,/Users/293003c/Library/CloudStorage/OneDrive-Curtin/Projects/TCZ-research/water point GIS/LGATE017 north permanent.shp,46.000000000000000,,,,
-599372.8164826,-1987859.93364402,"4",Waterfall,,,"200702071938","2",Perennial,"2",Natural,,"-98",NotApplicable,"-99",Unknown,"-98",NotApplicable,LGATE017_north_perm_artificial,/Users/293003c/Library/CloudStorage/OneDrive-Curtin/Projects/TCZ-research/water point GIS/LGATE017 north permanent.shp,40.000000000000000,,,,
-477844.44912957,-1998767.3288321,"3",Spring,,,"200702071938","2",Perennial,"2",Natural,,"-99",Unknown,"-99",Unknown,"-98",NotApplicable,LGATE017_north_perm_artificial,/Users/293003c/Library/CloudStorage/OneDrive-Curtin/Projects/TCZ-research/water point GIS/LGATE017 north permanent.shp,40.000000000000000,,,,
-549829.012199751,-2002734.29178365,"3",Spring,,,"200702071938","2",Perennial,"2",Natural,,"-99",Unknown,"-99",Unknown,"-98",NotApplicable,LGATE017_north_perm_artificial,/Users/293003c/Library/CloudStorage/OneDrive-Curtin/Projects/TCZ-research/water point GIS/LGATE017 north permanent.shp,41.000000000000000,,,,
-499360.850504764,-1987143.10677822,"5",WaterPointStructure,,,"200702071938","-99",Unknown,"1",Manmade,,"-99",Unknown,"-98",NotApplicable,"8",WellAndWindmill,LGATE017_north_perm_artificial,/Users/293003c/Library/CloudStorage/OneDrive-Curtin/Projects/TCZ-research/water point GIS/LGATE017 north permanent.shp,40.000000000000000,,,,
-393194.734088564,-1994624.36842336,"5",WaterPointStructure,,,"200702101818","-99",Unknown,"1",Manmade,,"-99",Unknown,"-98",NotApplicable,"7",Windmill,LGATE017_north_perm_artificial,/Users/293003c/Library/CloudStorage/OneDrive-Curtin/Projects/TCZ-research/water point GIS/LGATE017 north permanent.shp,34.000000000000000,,,,
-492051.599883724,-1937454.5346785,"5",WaterPointStructure,,,"200702071938","-99",Unknown,"1",Manmade,,"-99",Unknown,"-98",NotApplicable,"7",Windmill,LGATE017_north_perm_artificial,/Users/293003c/Library/CloudStorage/OneDrive-Curtin/Projects/TCZ-research/water point GIS/LGATE017 north permanent.shp,44.000000000000000,,,,
-583360.12215552,-1950261.98851963,"5",WaterPointStructure,,,"200702071938","-99",Unknown,"1",Manmade,,"-99",Unknown,"-98",NotApplicable,"1",Bore,LGATE017_north_perm_artificial,/Users/293003c/Library/CloudStorage/OneDrive-Curtin/Projects/TCZ-research/water point GIS/LGATE017 north permanent.shp,41.000000000000000,,,,
-545293.779879549,-1962760.39174652,"3",Spring,,,"200702071938","2",Perennial,"2",Natural,,"-99",Unknown,"-99",Unknown,"-98",NotApplicable,LGATE017_north_perm_artificial,/Users/293003c/Library/CloudStorage/OneDrive-Curtin/Projects/TCZ-research/water point GIS/LGATE017 north permanent.shp,40.000000000000000,,,,
-475535.180217142,-2025883.6328736,"1",WaterBody,,,"200702071938","2",Perennial,"1",Manmade,,"-99",Unknown,"-99",Unknown,"2",EarthDam,LGATE017_north_perm_artificial,/Users/293003c/Library/CloudStorage/OneDrive-Curtin/Projects/TCZ-research/water point GIS/LGATE017 north permanent.shp,36.000000000000000,,,,
-561326.003089778,-1994162.44326269,"4",Waterfall,,,"200702071938","2",Perennial,"2",Natural,,"-98",NotApplicable,"-99",Unknown,"-98",NotApplicable,LGATE017_north_perm_artificial,/Users/293003c/Library/CloudStorage/OneDrive-Curtin/Projects/TCZ-research/water point GIS/LGATE017 north permanent.shp,37.000000000000000,,,,
-451392.482313964,-1936005.78562672,"5",WaterPointStructure,,,"200702071938","-99",Unknown,"1",Manmade,,"-99",Unknown,"-98",NotApplicable,"7",Windmill,LGATE017_north_perm_artificial,/Users/293003c/Library/CloudStorage/OneDrive-Curtin/Projects/TCZ-research/water point GIS/LGATE017 north permanent.shp,43.000000000000000,"1",,,
-425881.580239616,-1961187.13975066,"1",WaterBody,,,"200702071938","2",Perennial,"2",Natural,,"-99",Unknown,"-99",Unknown,"5",Pool,LGATE017_north_perm_artificial,/Users/293003c/Library/CloudStorage/OneDrive-Curtin/Projects/TCZ-research/water point GIS/LGATE017 north permanent.shp,36.000000000000000,"1",,,
-537192.576535658,-1956281.95207301,"3",Spring,,,"200702071938","2",Perennial,"2",Natural,,"-99",Unknown,"-99",Unknown,"-98",NotApplicable,LGATE017_north_perm_artificial,/Users/293003c/Library/CloudStorage/OneDrive-Curtin/Projects/TCZ-research/water point GIS/LGATE017 north permanent.shp,41.000000000000000,,,,
-564986.347253041,-1943913.54881358,"5",WaterPointStructure,,,"200702071938","-99",Unknown,"1",Manmade,,"-99",Unknown,"-98",NotApplicable,"1",Bore,LGATE017_north_perm_artificial,/Users/293003c/Library/CloudStorage/OneDrive-Curtin/Projects/TCZ-research/water point GIS/LGATE017 north permanent.shp,43.000000000000000,,,,
-438114.559620358,-1970428.68491086,"1",WaterBody,,,"200702071938","2",Perennial,"2",Natural,,"-99",Unknown,"-99",Unknown,"5",Pool,LGATE017_north_perm_artificial,/Users/293003c/Library/CloudStorage/OneDrive-Curtin/Projects/TCZ-research/water point GIS/LGATE017 north permanent.shp,38.000000000000000,"1",,,
-583989.878771923,-1960740.45076227,"5",WaterPointStructure,,,"200702071938","-99",Unknown,"1",Manmade,,"-99",Unknown,"-98",NotApplicable,"1",Bore,LGATE017_north_perm_artificial,/Users/293003c/Library/CloudStorage/OneDrive-Curtin/Projects/TCZ-research/water point GIS/LGATE017 north permanent.shp,41.000000000000000,,,,
-556657.175003873,-2011999.77829984,"1",WaterBody,,,"200702071938","2",Perennial,"1",Manmade,,"-99",Unknown,"-99",Unknown,"2",EarthDam,LGATE017_north_perm_artificial,/Users/293003c/Library/CloudStorage/OneDrive-Curtin/Projects/TCZ-research/water point GIS/LGATE017 north permanent.shp,35.000000000000000,,,,
-580582.080876599,-1945444.08651243,"3",Spring,,,"200702071938","2",Perennial,"2",Natural,,"-99",Unknown,"-99",Unknown,"-98",NotApplicable,LGATE017_north_perm_artificial,/Users/293003c/Library/CloudStorage/OneDrive-Curtin/Projects/TCZ-research/water point GIS/LGATE017 north permanent.shp,41.000000000000000,,,,
-568632.315333824,-1957821.83069527,"5",WaterPointStructure,,,"200702071938","-99",Unknown,"1",Manmade,,"-99",Unknown,"-98",NotApplicable,"1",Bore,LGATE017_north_perm_artificial,/Users/293003c/Library/CloudStorage/OneDrive-Curtin/Projects/TCZ-research/water point GIS/LGATE017 north permanent.shp,42.000000000000000,,,,
-477841.096655713,-1998670.34964086,"3",Spring,,,"200702071938","2",Perennial,"2",Natural,,"-99",Unknown,"-99",Unknown,"-98",NotApplicable,LGATE017_north_perm_artificial,/Users/293003c/Library/CloudStorage/OneDrive-Curtin/Projects/TCZ-research/water point GIS/LGATE017 north permanent.shp,40.000000000000000,,,,
-589835.890914808,-1959389.47561294,"4",Waterfall,,,"200702071938","2",Perennial,"2",Natural,,"-98",NotApplicable,"-99",Unknown,"-98",NotApplicable,LGATE017_north_perm_artificial,/Users/293003c/Library/CloudStorage/OneDrive-Curtin/Projects/TCZ-research/water point GIS/LGATE017 north permanent.shp,41.000000000000000,,,,
-448807.324782701,-1949288.33032005,"5",WaterPointStructure,,,"200702071938","-99",Unknown,"1",Manmade,,"-99",Unknown,"-98",NotApplicable,"4",Tank,LGATE017_north_perm_artificial,/Users/293003c/Library/CloudStorage/OneDrive-Curtin/Projects/TCZ-research/water point GIS/LGATE017 north permanent.shp,41.000000000000000,"1",,,
-556637.808721663,-2012095.20711888,"5",WaterPointStructure,,,"201406231955","-99",Unknown,"1",Manmade,,"-99",Unknown,"-98",NotApplicable,"4",Tank,LGATE017_north_perm_artificial,/Users/293003c/Library/CloudStorage/OneDrive-Curtin/Projects/TCZ-research/water point GIS/LGATE017 north permanent.shp,35.000000000000000,,,,
-582657.775184717,-1950459.30818276,"5",WaterPointStructure,,,"200702071938","-99",Unknown,"1",Manmade,,"-99",Unknown,"-98",NotApplicable,"1",Bore,LGATE017_north_perm_artificial,/Users/293003c/Library/CloudStorage/OneDrive-Curtin/Projects/TCZ-research/water point GIS/LGATE017 north permanent.shp,41.000000000000000,,,,
-563875.743905682,-1942825.48621962,"5",WaterPointStructure,,,"200702071938","-99",Unknown,"1",Manmade,,"-99",Unknown,"-98",NotApplicable,"1",Bore,LGATE017_north_perm_artificial,/Users/293003c/Library/CloudStorage/OneDrive-Curtin/Projects/TCZ-research/water point GIS/LGATE017 north permanent.shp,43.000000000000000,,,,
-587753.517205364,-1979045.50977349,"4",Waterfall,,,"200702071938","2",Perennial,"2",Natural,,"-98",NotApplicable,"-99",Unknown,"-98",NotApplicable,LGATE017_north_perm_artificial,/Users/293003c/Library/CloudStorage/OneDrive-Curtin/Projects/TCZ-research/water point GIS/LGATE017 north permanent.shp,41.000000000000000,,,,
-434256.148713106,-1967050.61970653,"1",WaterBody,,,"200702071938","2",Perennial,"2",Natural,,"-99",Unknown,"-99",Unknown,"5",Pool,LGATE017_north_perm_artificial,/Users/293003c/Library/CloudStorage/OneDrive-Curtin/Projects/TCZ-research/water point GIS/LGATE017 north permanent.shp,37.000000000000000,"1",,,
-592617.59609106,-1979990.52441517,"3",Spring,,,"200702071938","2",Perennial,"2",Natural,,"-99",Unknown,"-99",Unknown,"-98",NotApplicable,LGATE017_north_perm_artificial,/Users/293003c/Library/CloudStorage/OneDrive-Curtin/Projects/TCZ-research/water point GIS/LGATE017 north permanent.shp,41.000000000000000,,,,
-481354.017958542,-1948888.37124607,"5",WaterPointStructure,,,"200702071938","-99",Unknown,"1",Manmade,,"-99",Unknown,"-98",NotApplicable,"4",Tank,LGATE017_north_perm_artificial,/Users/293003c/Library/CloudStorage/OneDrive-Curtin/Projects/TCZ-research/water point GIS/LGATE017 north permanent.shp,43.000000000000000,,,,
-555515.188937613,-1936350.72433614,"4",Waterfall,,,"200702071938","2",Perennial,"2",Natural,,"-98",NotApplicable,"-99",Unknown,"-98",NotApplicable,LGATE017_north_perm_artificial,/Users/293003c/Library/CloudStorage/OneDrive-Curtin/Projects/TCZ-research/water point GIS/LGATE017 north permanent.shp,44.000000000000000,,,,
-442667.593356232,-1977986.06236894,"1",WaterBody,,,"200702071938","2",Perennial,"2",Natural,,"-99",Unknown,"-99",Unknown,"5",Pool,LGATE017_north_perm_artificial,/Users/293003c/Library/CloudStorage/OneDrive-Curtin/Projects/TCZ-research/water point GIS/LGATE017 north permanent.shp,38.000000000000000,"1",,,
-594689.749887956,-1952132.38381426,"3",Spring,,,"200702071938","2",Perennial,"2",Natural,,"-99",Unknown,"-99",Unknown,"-98",NotApplicable,LGATE017_north_perm_artificial,/Users/293003c/Library/CloudStorage/OneDrive-Curtin/Projects/TCZ-research/water point GIS/LGATE017 north permanent.shp,41.000000000000000,,,,
-491354.307588411,-1973187.16666969,"1",WaterBody,,,"200702071938","2",Perennial,"2",Natural,,"-99",Unknown,"-99",Unknown,"5",Pool,LGATE017_north_perm_artificial,/Users/293003c/Library/CloudStorage/OneDrive-Curtin/Projects/TCZ-research/water point GIS/LGATE017 north permanent.shp,41.000000000000000,,,,
-438375.857564247,-1964895.30893432,"5",WaterPointStructure,,,"200702071938","-99",Unknown,"1",Manmade,,"-99",Unknown,"-98",NotApplicable,"4",Tank,LGATE017_north_perm_artificial,/Users/293003c/Library/CloudStorage/OneDrive-Curtin/Projects/TCZ-research/water point GIS/LGATE017 north permanent.shp,39.000000000000000,"1",,,
-583974.34909259,-1957908.44515127,"5",WaterPointStructure,,,"200702071938","-99",Unknown,"1",Manmade,,"-99",Unknown,"-98",NotApplicable,"1",Bore,LGATE017_north_perm_artificial,/Users/293003c/Library/CloudStorage/OneDrive-Curtin/Projects/TCZ-research/water point GIS/LGATE017 north permanent.shp,41.000000000000000,,,,
-598072.837198917,-1988917.51479205,"4",Waterfall,,,"200702071938","2",Perennial,"2",Natural,,"-98",NotApplicable,"-99",Unknown,"-98",NotApplicable,LGATE017_north_perm_artificial,/Users/293003c/Library/CloudStorage/OneDrive-Curtin/Projects/TCZ-research/water point GIS/LGATE017 north permanent.shp,40.000000000000000,,,,
-451315.072838993,-1935953.93488181,"5",WaterPointStructure,,,"200702071938","-99",Unknown,"1",Manmade,,"-99",Unknown,"-98",NotApplicable,"4",Tank,LGATE017_north_perm_artificial,/Users/293003c/Library/CloudStorage/OneDrive-Curtin/Projects/TCZ-research/water point GIS/LGATE017 north permanent.shp,43.000000000000000,"1",,,
-552039.026335592,-1979177.99411017,"3",Spring,,,"200702071938","2",Perennial,"2",Natural,,"-99",Unknown,"-99",Unknown,"-98",NotApplicable,LGATE017_north_perm_artificial,/Users/293003c/Library/CloudStorage/OneDrive-Curtin/Projects/TCZ-research/water point GIS/LGATE017 north permanent.shp,40.000000000000000,,,,
-578923.781327705,-1947084.20718641,"3",Spring,,,"200702071938","2",Perennial,"2",Natural,,"-99",Unknown,"-99",Unknown,"-98",NotApplicable,LGATE017_north_perm_artificial,/Users/293003c/Library/CloudStorage/OneDrive-Curtin/Projects/TCZ-research/water point GIS/LGATE017 north permanent.shp,41.000000000000000,,,,
-397612.249025046,-1974345.62037362,"5",WaterPointStructure,,,"200702101818","-99",Unknown,"1",Manmade,,"-99",Unknown,"-98",NotApplicable,"7",Windmill,LGATE017_north_perm_artificial,/Users/293003c/Library/CloudStorage/OneDrive-Curtin/Projects/TCZ-research/water point GIS/LGATE017 north permanent.shp,37.000000000000000,"1",,,
-533100.551526787,-1981975.78745753,"5",WaterPointStructure,,,"200702071938","-99",Unknown,"1",Manmade,,"-99",Unknown,"-98",NotApplicable,"4",Tank,LGATE017_north_perm_artificial,/Users/293003c/Library/CloudStorage/OneDrive-Curtin/Projects/TCZ-research/water point GIS/LGATE017 north permanent.shp,40.000000000000000,,,,
-581808.986669443,-1977141.12870412,"3",Spring,,,"200702071938","2",Perennial,"2",Natural,,"-99",Unknown,"-99",Unknown,"-98",NotApplicable,LGATE017_north_perm_artificial,/Users/293003c/Library/CloudStorage/OneDrive-Curtin/Projects/TCZ-research/water point GIS/LGATE017 north permanent.shp,41.000000000000000,,,,
-493923.302450244,-1990085.72095574,"5",WaterPointStructure,,,"200702071938","-99",Unknown,"1",Manmade,,"-99",Unknown,"-98",NotApplicable,"4",Tank,LGATE017_north_perm_artificial,/Users/293003c/Library/CloudStorage/OneDrive-Curtin/Projects/TCZ-research/water point GIS/LGATE017 north permanent.shp,40.000000000000000,,,,
-533412.246384238,-1929437.35682257,"1",WaterBody,,,"200702071938","2",Perennial,"2",Natural,,"-99",Unknown,"-99",Unknown,"5",Pool,LGATE017_north_perm_artificial,/Users/293003c/Library/CloudStorage/OneDrive-Curtin/Projects/TCZ-research/water point GIS/LGATE017 north permanent.shp,49.000000000000000,,,,
-377736.260027186,-1945831.88422591,"5",WaterPointStructure,No. 1 Bore,No. 1 Bore,"200702101818","-99",Unknown,"1",Manmade,,"-99",Unknown,"-98",NotApplicable,"1",Bore,LGATE017_north_perm_artificial,/Users/293003c/Library/CloudStorage/OneDrive-Curtin/Projects/TCZ-research/water point GIS/LGATE017 north permanent.shp,36.000000000000000,"1",,,
-599629.574627748,-1934885.49939229,"1",WaterBody,,,"200702071938","2",Perennial,"2",Natural,,"-99",Unknown,"-99",Unknown,"5",Pool,LGATE017_north_perm_artificial,/Users/293003c/Library/CloudStorage/OneDrive-Curtin/Projects/TCZ-research/water point GIS/LGATE017 north permanent.shp,40.000000000000000,,,,
-585620.629558977,-1960578.06749676,"5",WaterPointStructure,,,"200702071938","-99",Unknown,"1",Manmade,,"-99",Unknown,"-98",NotApplicable,"1",Bore,LGATE017_north_perm_artificial,/Users/293003c/Library/CloudStorage/OneDrive-Curtin/Projects/TCZ-research/water point GIS/LGATE017 north permanent.shp,41.000000000000000,,,,
-551836.553036555,-1938923.93137811,"4",Waterfall,,,"200702071938","2",Perennial,"2",Natural,,"-98",NotApplicable,"-99",Unknown,"-98",NotApplicable,LGATE017_north_perm_artificial,/Users/293003c/Library/CloudStorage/OneDrive-Curtin/Projects/TCZ-research/water point GIS/LGATE017 north permanent.shp,44.000000000000000,,,,
-537003.004693277,-1941981.41061617,"3",Spring,,,"200702071938","2",Perennial,"2",Natural,,"-99",Unknown,"-99",Unknown,"-98",NotApplicable,LGATE017_north_perm_artificial,/Users/293003c/Library/CloudStorage/OneDrive-Curtin/Projects/TCZ-research/water point GIS/LGATE017 north permanent.shp,44.000000000000000,,,,
-452242.079055805,-1953119.79912996,"5",WaterPointStructure,,,"200702071938","-99",Unknown,"1",Manmade,,"-99",Unknown,"-98",NotApplicable,"1",Bore,LGATE017_north_perm_artificial,/Users/293003c/Library/CloudStorage/OneDrive-Curtin/Projects/TCZ-research/water point GIS/LGATE017 north permanent.shp,41.000000000000000,"1",,,
-581479.971626907,-1948224.53328938,"4",Waterfall,,,"200702071938","2",Perennial,"2",Natural,,"-98",NotApplicable,"-99",Unknown,"-98",NotApplicable,LGATE017_north_perm_artificial,/Users/293003c/Library/CloudStorage/OneDrive-Curtin/Projects/TCZ-research/water point GIS/LGATE017 north permanent.shp,41.000000000000000,,,,
-552231.506305129,-2002985.24162705,"3",Spring,,,"200702071938","2",Perennial,"2",Natural,,"-99",Unknown,"-99",Unknown,"-98",NotApplicable,LGATE017_north_perm_artificial,/Users/293003c/Library/CloudStorage/OneDrive-Curtin/Projects/TCZ-research/water point GIS/LGATE017 north permanent.shp,41.000000000000000,,,,
-426878.729669775,-1952470.4391681,"1",WaterBody,,,"200702071938","2",Perennial,"2",Natural,,"-99",Unknown,"-99",Unknown,"5",Pool,LGATE017_north_perm_artificial,/Users/293003c/Library/CloudStorage/OneDrive-Curtin/Projects/TCZ-research/water point GIS/LGATE017 north permanent.shp,37.000000000000000,"1",,,
-578428.378160011,-1930271.88339356,"4",Waterfall,,,"200702071938","2",Perennial,"2",Natural,,"-98",NotApplicable,"-99",Unknown,"-98",NotApplicable,LGATE017_north_perm_artificial,/Users/293003c/Library/CloudStorage/OneDrive-Curtin/Projects/TCZ-research/water point GIS/LGATE017 north permanent.shp,41.000000000000000,,,,
-542397.355761916,-1930112.07508552,"1",WaterBody,,,"200702071938","2",Perennial,"2",Natural,,"-99",Unknown,"-99",Unknown,"5",Pool,LGATE017_north_perm_artificial,/Users/293003c/Library/CloudStorage/OneDrive-Curtin/Projects/TCZ-research/water point GIS/LGATE017 north permanent.shp,47.000000000000000,,,,
-532362.484775886,-2048566.08332265,"3",Spring,,,"200702071241","2",Perennial,"2",Natural,,"-99",Unknown,"-99",Unknown,"-98",NotApplicable,LGATE017_north_perm_artificial,/Users/293003c/Library/CloudStorage/OneDrive-Curtin/Projects/TCZ-research/water point GIS/LGATE017 north permanent.shp,36.000000000000000,,,,
-537879.538868987,-1950275.04403675,"3",Spring,,,"200702071938","2",Perennial,"2",Natural,,"-99",Unknown,"-99",Unknown,"-98",NotApplicable,LGATE017_north_perm_artificial,/Users/293003c/Library/CloudStorage/OneDrive-Curtin/Projects/TCZ-research/water point GIS/LGATE017 north permanent.shp,41.000000000000000,,,,
-535328.637427002,-1944014.89961837,"3",Spring,,,"200702071938","2",Perennial,"2",Natural,,"-99",Unknown,"-99",Unknown,"-98",NotApplicable,LGATE017_north_perm_artificial,/Users/293003c/Library/CloudStorage/OneDrive-Curtin/Projects/TCZ-research/water point GIS/LGATE017 north permanent.shp,44.000000000000000,,,,
-514895.012892311,-1928613.97523295,"4",Waterfall,,,"200702071938","2",Perennial,"2",Natural,,"-98",NotApplicable,"-99",Unknown,"-98",NotApplicable,LGATE017_north_perm_artificial,/Users/293003c/Library/CloudStorage/OneDrive-Curtin/Projects/TCZ-research/water point GIS/LGATE017 north permanent.shp,46.000000000000000,,,,
-617150.875528514,-1957079.79643863,"3",Spring,,,"200702071938","2",Perennial,"2",Natural,,"-99",Unknown,"-99",Unknown,"-98",NotApplicable,LGATE017_north_perm_artificial,/Users/293003c/Library/CloudStorage/OneDrive-Curtin/Projects/TCZ-research/water point GIS/LGATE017 north permanent.shp,40.000000000000000,,,,
-588928.985506836,-1940517.36525984,"4",Waterfall,,,"200702071938","2",Perennial,"2",Natural,,"-98",NotApplicable,"-99",Unknown,"-98",NotApplicable,LGATE017_north_perm_artificial,/Users/293003c/Library/CloudStorage/OneDrive-Curtin/Projects/TCZ-research/water point GIS/LGATE017 north permanent.shp,40.000000000000000,,,,
-321554.150367889,-1961167.89836777,"5",WaterPointStructure,Gd 1 Bore,Gd 1 Bore,"200702101818","-99",Unknown,"1",Manmade,,"-99",Unknown,"-98",NotApplicable,"2",BoreAndWindmill,LGATE017_north_perm_artificial,/Users/293003c/Library/CloudStorage/OneDrive-Curtin/Projects/TCZ-research/water point GIS/LGATE017 north permanent.shp,34.000000000000000,"1",,,
-559918.207005798,-1976341.37307217,"4",Waterfall,,,"200702071938","2",Perennial,"2",Natural,,"-98",NotApplicable,"-99",Unknown,"-98",NotApplicable,LGATE017_north_perm_artificial,/Users/293003c/Library/CloudStorage/OneDrive-Curtin/Projects/TCZ-research/water point GIS/LGATE017 north permanent.shp,39.000000000000000,,,,
-534572.044915924,-1933270.7396711,"4",Waterfall,,,"200702071938","2",Perennial,"2",Natural,,"-98",NotApplicable,"-99",Unknown,"-98",NotApplicable,LGATE017_north_perm_artificial,/Users/293003c/Library/CloudStorage/OneDrive-Curtin/Projects/TCZ-research/water point GIS/LGATE017 north permanent.shp,49.000000000000000,,,,
-549267.395085562,-1963393.00187306,"4",Waterfall,,,"200702071938","2",Perennial,"2",Natural,,"-98",NotApplicable,"-99",Unknown,"-98",NotApplicable,LGATE017_north_perm_artificial,/Users/293003c/Library/CloudStorage/OneDrive-Curtin/Projects/TCZ-research/water point GIS/LGATE017 north permanent.shp,40.000000000000000,,,,
-496580.142484253,-1990275.86078462,"5",WaterPointStructure,,,"200702071938","-99",Unknown,"1",Manmade,,"-99",Unknown,"-98",NotApplicable,"1",Bore,LGATE017_north_perm_artificial,/Users/293003c/Library/CloudStorage/OneDrive-Curtin/Projects/TCZ-research/water point GIS/LGATE017 north permanent.shp,40.000000000000000,,,,
-498098.293875957,-2034876.88016523,"5",WaterPointStructure,,,"200702071938","-99",Unknown,"1",Manmade,,"-99",Unknown,"-98",NotApplicable,"2",BoreAndWindmill,LGATE017_north_perm_artificial,/Users/293003c/Library/CloudStorage/OneDrive-Curtin/Projects/TCZ-research/water point GIS/LGATE017 north permanent.shp,39.000000000000000,,,,
-554471.201083317,-1930027.07869604,"1",WaterBody,,,"200702071938","2",Perennial,"2",Natural,,"-99",Unknown,"-99",Unknown,"5",Pool,LGATE017_north_perm_artificial,/Users/293003c/Library/CloudStorage/OneDrive-Curtin/Projects/TCZ-research/water point GIS/LGATE017 north permanent.shp,44.000000000000000,,,,
-544319.095071044,-1962958.11938864,"3",Spring,,,"200702071938","2",Perennial,"2",Natural,,"-99",Unknown,"-99",Unknown,"-98",NotApplicable,LGATE017_north_perm_artificial,/Users/293003c/Library/CloudStorage/OneDrive-Curtin/Projects/TCZ-research/water point GIS/LGATE017 north permanent.shp,40.000000000000000,,,,
-539116.548561285,-1931410.04955862,"1",WaterBody,,,"200702071938","2",Perennial,"2",Natural,,"-99",Unknown,"-99",Unknown,"5",Pool,LGATE017_north_perm_artificial,/Users/293003c/Library/CloudStorage/OneDrive-Curtin/Projects/TCZ-research/water point GIS/LGATE017 north permanent.shp,47.000000000000000,,,,
-454936.607925007,-1950748.32581848,"1",WaterBody,,,"200702071938","2",Perennial,"1",Manmade,,"-99",Unknown,"-98",NotApplicable,"2",EarthDam,LGATE017_north_perm_artificial,/Users/293003c/Library/CloudStorage/OneDrive-Curtin/Projects/TCZ-research/water point GIS/LGATE017 north permanent.shp,41.000000000000000,"1",,,
-439856.869706678,-1980251.52106155,"1",WaterBody,,,"200702071938","2",Perennial,"2",Natural,,"-99",Unknown,"-99",Unknown,"5",Pool,LGATE017_north_perm_artificial,/Users/293003c/Library/CloudStorage/OneDrive-Curtin/Projects/TCZ-research/water point GIS/LGATE017 north permanent.shp,38.000000000000000,"1",,,
-479637.298997816,-2005521.77434671,"5",WaterPointStructure,,,"200702071938","-99",Unknown,"1",Manmade,,"-99",Unknown,"-98",NotApplicable,"1",Bore,LGATE017_north_perm_artificial,/Users/293003c/Library/CloudStorage/OneDrive-Curtin/Projects/TCZ-research/water point GIS/LGATE017 north permanent.shp,39.000000000000000,,,,
-450406.092796798,-2012028.23901083,"1",WaterBody,,,"200702071241","2",Perennial,"1",Manmade,,"-99",Unknown,"-99",Unknown,"2",EarthDam,LGATE017_north_perm_artificial,/Users/293003c/Library/CloudStorage/OneDrive-Curtin/Projects/TCZ-research/water point GIS/LGATE017 north permanent.shp,38.000000000000000,,,,
-584439.492564406,-1960689.58730501,"5",WaterPointStructure,,,"200702071938","-99",Unknown,"1",Manmade,,"-99",Unknown,"-98",NotApplicable,"1",Bore,LGATE017_north_perm_artificial,/Users/293003c/Library/CloudStorage/OneDrive-Curtin/Projects/TCZ-research/water point GIS/LGATE017 north permanent.shp,41.000000000000000,,,,
-534662.071345516,-1960228.00501715,"4",Waterfall,,,"200702071938","2",Perennial,"2",Natural,,"-98",NotApplicable,"-99",Unknown,"-98",NotApplicable,LGATE017_north_perm_artificial,/Users/293003c/Library/CloudStorage/OneDrive-Curtin/Projects/TCZ-research/water point GIS/LGATE017 north permanent.shp,41.000000000000000,,,,
-439955.799141809,-1976023.64775732,"1",WaterBody,,,"200702071938","2",Perennial,"2",Natural,,"-99",Unknown,"-99",Unknown,"5",Pool,LGATE017_north_perm_artificial,/Users/293003c/Library/CloudStorage/OneDrive-Curtin/Projects/TCZ-research/water point GIS/LGATE017 north permanent.shp,38.000000000000000,"1",,,
-551265.139849217,-1975887.46507163,"4",Waterfall,,,"200702071938","2",Perennial,"2",Natural,,"-98",NotApplicable,"-99",Unknown,"-98",NotApplicable,LGATE017_north_perm_artificial,/Users/293003c/Library/CloudStorage/OneDrive-Curtin/Projects/TCZ-research/water point GIS/LGATE017 north permanent.shp,40.000000000000000,,,,
-423653.938925034,-1962199.55071008,"1",WaterBody,,,"200702071938","2",Perennial,"2",Natural,,"-99",Unknown,"-99",Unknown,"5",Pool,LGATE017_north_perm_artificial,/Users/293003c/Library/CloudStorage/OneDrive-Curtin/Projects/TCZ-research/water point GIS/LGATE017 north permanent.shp,36.000000000000000,"1",,,
-482598.91983685,-1956649.70307755,"1",WaterBody,,,"200702071938","2",Perennial,"2",Natural,,"-99",Unknown,"-99",Unknown,"5",Pool,LGATE017_north_perm_artificial,/Users/293003c/Library/CloudStorage/OneDrive-Curtin/Projects/TCZ-research/water point GIS/LGATE017 north permanent.shp,43.000000000000000,,,,
-575406.6714711,-1948784.55788323,"5",WaterPointStructure,,,"200702071938","-99",Unknown,"1",Manmade,,"-99",Unknown,"-98",NotApplicable,"1",Bore,LGATE017_north_perm_artificial,/Users/293003c/Library/CloudStorage/OneDrive-Curtin/Projects/TCZ-research/water point GIS/LGATE017 north permanent.shp,43.000000000000000,,,,
-564089.717942501,-1943092.63428427,"5",WaterPointStructure,,,"200702071938","-99",Unknown,"1",Manmade,,"-99",Unknown,"-98",NotApplicable,"1",Bore,LGATE017_north_perm_artificial,/Users/293003c/Library/CloudStorage/OneDrive-Curtin/Projects/TCZ-research/water point GIS/LGATE017 north permanent.shp,43.000000000000000,,,,
-483515.860339496,-1986359.07746491,"3",Spring,,,"200702071938","2",Perennial,"2",Natural,,"-99",Unknown,"-99",Unknown,"-98",NotApplicable,LGATE017_north_perm_artificial,/Users/293003c/Library/CloudStorage/OneDrive-Curtin/Projects/TCZ-research/water point GIS/LGATE017 north permanent.shp,40.000000000000000,,,,
-445930.500844762,-2016633.59619952,"1",WaterBody,,,"201311201723","2",Perennial,"1",Manmade,,"-99",Unknown,"-98",NotApplicable,"2",EarthDam,LGATE017_north_perm_artificial,/Users/293003c/Library/CloudStorage/OneDrive-Curtin/Projects/TCZ-research/water point GIS/LGATE017 north permanent.shp,36.000000000000000,,,,
-436006.641726916,-1959164.83783405,"1",WaterBody,,,"200702071938","2",Perennial,"2",Natural,,"-99",Unknown,"-99",Unknown,"5",Pool,LGATE017_north_perm_artificial,/Users/293003c/Library/CloudStorage/OneDrive-Curtin/Projects/TCZ-research/water point GIS/LGATE017 north permanent.shp,37.000000000000000,"1",,,
-476169.9586789,-1951721.87621263,"5",WaterPointStructure,,,"200702071938","-99",Unknown,"1",Manmade,,"-99",Unknown,"-98",NotApplicable,"4",Tank,LGATE017_north_perm_artificial,/Users/293003c/Library/CloudStorage/OneDrive-Curtin/Projects/TCZ-research/water point GIS/LGATE017 north permanent.shp,43.000000000000000,,,,
-561230.590981932,-1976219.73351038,"4",Waterfall,,,"200702071938","2",Perennial,"2",Natural,,"-98",NotApplicable,"-99",Unknown,"-98",NotApplicable,LGATE017_north_perm_artificial,/Users/293003c/Library/CloudStorage/OneDrive-Curtin/Projects/TCZ-research/water point GIS/LGATE017 north permanent.shp,39.000000000000000,,,,
-443572.020188253,-1974691.53307535,"1",WaterBody,,,"200702071938","2",Perennial,"2",Natural,,"-99",Unknown,"-99",Unknown,"5",Pool,LGATE017_north_perm_artificial,/Users/293003c/Library/CloudStorage/OneDrive-Curtin/Projects/TCZ-research/water point GIS/LGATE017 north permanent.shp,38.000000000000000,"1",,,
-442014.238460814,-1945590.93203379,"5",WaterPointStructure,,,"200702071938","-99",Unknown,"1",Manmade,,"-99",Unknown,"-98",NotApplicable,"1",Bore,LGATE017_north_perm_artificial,/Users/293003c/Library/CloudStorage/OneDrive-Curtin/Projects/TCZ-research/water point GIS/LGATE017 north permanent.shp,41.000000000000000,"1",,,
-533274.910204314,-1952972.33400725,"3",Spring,,,"200702071938","2",Perennial,"2",Natural,,"-99",Unknown,"-99",Unknown,"-98",NotApplicable,LGATE017_north_perm_artificial,/Users/293003c/Library/CloudStorage/OneDrive-Curtin/Projects/TCZ-research/water point GIS/LGATE017 north permanent.shp,50.000000000000000,,,,
-451821.440253794,-1969554.3469888,"1",WaterBody,,,"200702071938","2",Perennial,"2",Natural,,"-99",Unknown,"-99",Unknown,"5",Pool,LGATE017_north_perm_artificial,/Users/293003c/Library/CloudStorage/OneDrive-Curtin/Projects/TCZ-research/water point GIS/LGATE017 north permanent.shp,39.000000000000000,"1",,,
-455149.568473304,-1953388.15563316,"5",WaterPointStructure,,,"201401292217","-99",Unknown,"1",Manmade,,"-99",Unknown,"-98",NotApplicable,"4",Tank,LGATE017_north_perm_artificial,/Users/293003c/Library/CloudStorage/OneDrive-Curtin/Projects/TCZ-research/water point GIS/LGATE017 north permanent.shp,41.000000000000000,"1",,,
-496679.206186612,-2014819.39201634,"5",WaterPointStructure,,,"200702071938","-99",Unknown,"1",Manmade,,"-99",Unknown,"-98",NotApplicable,"7",Windmill,LGATE017_north_perm_artificial,/Users/293003c/Library/CloudStorage/OneDrive-Curtin/Projects/TCZ-research/water point GIS/LGATE017 north permanent.shp,38.000000000000000,,,,
-485971.39153068,-1986750.57132531,"1",WaterBody,,,"200702071938","2",Perennial,"1",Manmade,,"-99",Unknown,"-99",Unknown,"2",EarthDam,LGATE017_north_perm_artificial,/Users/293003c/Library/CloudStorage/OneDrive-Curtin/Projects/TCZ-research/water point GIS/LGATE017 north permanent.shp,40.000000000000000,,,,
-568233.305587677,-1973954.56712914,"3",Spring,,,"200702071938","2",Perennial,"2",Natural,,"-99",Unknown,"-99",Unknown,"-98",NotApplicable,LGATE017_north_perm_artificial,/Users/293003c/Library/CloudStorage/OneDrive-Curtin/Projects/TCZ-research/water point GIS/LGATE017 north permanent.shp,37.000000000000000,,,,
-537813.936212689,-1961566.0557371,"5",WaterPointStructure,,,"200702071938","-99",Unknown,"1",Manmade,,"-99",Unknown,"-98",NotApplicable,"1",Bore,LGATE017_north_perm_artificial,/Users/293003c/Library/CloudStorage/OneDrive-Curtin/Projects/TCZ-research/water point GIS/LGATE017 north permanent.shp,42.000000000000000,,,,
-602098.55442805,-1976243.04833717,"3",Spring,,,"200702071938","2",Perennial,"2",Natural,,"-99",Unknown,"-99",Unknown,"-98",NotApplicable,LGATE017_north_perm_artificial,/Users/293003c/Library/CloudStorage/OneDrive-Curtin/Projects/TCZ-research/water point GIS/LGATE017 north permanent.shp,40.000000000000000,,,,
-452878.964728068,-1982724.21176713,"1",WaterBody,,,"200702071938","2",Perennial,"2",Natural,,"-99",Unknown,"-99",Unknown,"5",Pool,LGATE017_north_perm_artificial,/Users/293003c/Library/CloudStorage/OneDrive-Curtin/Projects/TCZ-research/water point GIS/LGATE017 north permanent.shp,39.000000000000000,"1",,,
-392938.225772622,-2103188.23975952,"5",WaterPointStructure,No. 3 Bore,No. 3 Bore,"200702101818","-99",Unknown,"1",Manmade,,"-99",Unknown,"-98",NotApplicable,"2",BoreAndWindmill,LGATE017_north_perm_artificial,/Users/293003c/Library/CloudStorage/OneDrive-Curtin/Projects/TCZ-research/water point GIS/LGATE017 north permanent.shp,28.000000000000000,,,,
-580633.073836325,-1945706.00703592,"3",Spring,,,"200702071938","2",Perennial,"2",Natural,,"-99",Unknown,"-99",Unknown,"-98",NotApplicable,LGATE017_north_perm_artificial,/Users/293003c/Library/CloudStorage/OneDrive-Curtin/Projects/TCZ-research/water point GIS/LGATE017 north permanent.shp,41.000000000000000,,,,
-583027.314143273,-1950139.6284673,"5",WaterPointStructure,,,"200702071938","-99",Unknown,"1",Manmade,,"-99",Unknown,"-98",NotApplicable,"1",Bore,LGATE017_north_perm_artificial,/Users/293003c/Library/CloudStorage/OneDrive-Curtin/Projects/TCZ-research/water point GIS/LGATE017 north permanent.shp,41.000000000000000,,,,
-446287.586732581,-1958039.25275561,"1",WaterBody,,,"200702071938","2",Perennial,"1",Manmade,,"-99",Unknown,"-99",Unknown,"2",EarthDam,LGATE017_north_perm_artificial,/Users/293003c/Library/CloudStorage/OneDrive-Curtin/Projects/TCZ-research/water point GIS/LGATE017 north permanent.shp,39.000000000000000,"1",,,
-578027.38561106,-2028346.79163734,"3",Spring,,,"200702071938","2",Perennial,"2",Natural,,"-99",Unknown,"-99",Unknown,"-98",NotApplicable,LGATE017_north_perm_artificial,/Users/293003c/Library/CloudStorage/OneDrive-Curtin/Projects/TCZ-research/water point GIS/LGATE017 north permanent.shp,35.000000000000000,,,,
-530613.72067672,-2009473.43167315,"1",WaterBody,,,"200702071938","2",Perennial,"1",Manmade,,"-99",Unknown,"-99",Unknown,"2",EarthDam,LGATE017_north_perm_artificial,/Users/293003c/Library/CloudStorage/OneDrive-Curtin/Projects/TCZ-research/water point GIS/LGATE017 north permanent.shp,38.000000000000000,,,,
-481764.472257446,-2026954.67462245,"5",WaterPointStructure,,,"200702071938","-99",Unknown,"1",Manmade,,"-99",Unknown,"-98",NotApplicable,"4",Tank,LGATE017_north_perm_artificial,/Users/293003c/Library/CloudStorage/OneDrive-Curtin/Projects/TCZ-research/water point GIS/LGATE017 north permanent.shp,37.000000000000000,,,,
-501989.054975507,-2038778.83724842,"5",WaterPointStructure,,,"200702071938","-99",Unknown,"1",Manmade,,"-99",Unknown,"-98",NotApplicable,"7",Windmill,LGATE017_north_perm_artificial,/Users/293003c/Library/CloudStorage/OneDrive-Curtin/Projects/TCZ-research/water point GIS/LGATE017 north permanent.shp,37.000000000000000,,,,
-426041.467953867,-1971009.87861073,"5",WaterPointStructure,,,"200702071938","-99",Unknown,"1",Manmade,,"-99",Unknown,"-98",NotApplicable,"4",Tank,LGATE017_north_perm_artificial,/Users/293003c/Library/CloudStorage/OneDrive-Curtin/Projects/TCZ-research/water point GIS/LGATE017 north permanent.shp,36.000000000000000,"1",,,
-576659.463384488,-1930199.06644475,"1",WaterBody,,,"200702071938","2",Perennial,"2",Natural,,"-99",Unknown,"-99",Unknown,"5",Pool,LGATE017_north_perm_artificial,/Users/293003c/Library/CloudStorage/OneDrive-Curtin/Projects/TCZ-research/water point GIS/LGATE017 north permanent.shp,42.000000000000000,,,,
-556631.696372154,-2012094.79494045,"5",WaterPointStructure,,,"201406231955","-99",Unknown,"1",Manmade,,"-99",Unknown,"-98",NotApplicable,"4",Tank,LGATE017_north_perm_artificial,/Users/293003c/Library/CloudStorage/OneDrive-Curtin/Projects/TCZ-research/water point GIS/LGATE017 north permanent.shp,35.000000000000000,,,,
-555680.902568165,-2036876.13752941,"3",Spring,,,"200702071938","2",Perennial,"2",Natural,,"-99",Unknown,"-99",Unknown,"-98",NotApplicable,LGATE017_north_perm_artificial,/Users/293003c/Library/CloudStorage/OneDrive-Curtin/Projects/TCZ-research/water point GIS/LGATE017 north permanent.shp,35.000000000000000,,,,
-468313.238714623,-1947199.99944627,"5",WaterPointStructure,,,"200702071938","-99",Unknown,"1",Manmade,,"-99",Unknown,"-98",NotApplicable,"4",Tank,LGATE017_north_perm_artificial,/Users/293003c/Library/CloudStorage/OneDrive-Curtin/Projects/TCZ-research/water point GIS/LGATE017 north permanent.shp,44.000000000000000,,,,
-507769.762176146,-2007160.89848255,"3",Spring,,,"200702071938","2",Perennial,"2",Natural,,"-99",Unknown,"-99",Unknown,"-98",NotApplicable,LGATE017_north_perm_artificial,/Users/293003c/Library/CloudStorage/OneDrive-Curtin/Projects/TCZ-research/water point GIS/LGATE017 north permanent.shp,38.000000000000000,,,,
-507731.332687148,-2006666.3004955,"3",Spring,,,"200702071938","2",Perennial,"2",Natural,,"-99",Unknown,"-99",Unknown,"-98",NotApplicable,LGATE017_north_perm_artificial,/Users/293003c/Library/CloudStorage/OneDrive-Curtin/Projects/TCZ-research/water point GIS/LGATE017 north permanent.shp,38.000000000000000,,,,
-494787.058313959,-1954474.65976571,"5",WaterPointStructure,,,"200702071938","-99",Unknown,"1",Manmade,,"-99",Unknown,"-98",NotApplicable,"7",Windmill,LGATE017_north_perm_artificial,/Users/293003c/Library/CloudStorage/OneDrive-Curtin/Projects/TCZ-research/water point GIS/LGATE017 north permanent.shp,43.000000000000000,,,,
-442008.037442365,-1958425.37573286,"1",WaterBody,,,"200702071938","2",Perennial,"2",Natural,,"-99",Unknown,"-99",Unknown,"5",Pool,LGATE017_north_perm_artificial,/Users/293003c/Library/CloudStorage/OneDrive-Curtin/Projects/TCZ-research/water point GIS/LGATE017 north permanent.shp,39.000000000000000,"1",,,
-538134.791072437,-1936469.25722528,"4",Waterfall,,,"200702071938","2",Perennial,"2",Natural,,"-98",NotApplicable,"-99",Unknown,"-98",NotApplicable,LGATE017_north_perm_artificial,/Users/293003c/Library/CloudStorage/OneDrive-Curtin/Projects/TCZ-research/water point GIS/LGATE017 north permanent.shp,47.000000000000000,,,,
-604273.979524929,-1976926.39308762,"3",Spring,,,"200702071938","2",Perennial,"2",Natural,,"-99",Unknown,"-99",Unknown,"-98",NotApplicable,LGATE017_north_perm_artificial,/Users/293003c/Library/CloudStorage/OneDrive-Curtin/Projects/TCZ-research/water point GIS/LGATE017 north permanent.shp,40.000000000000000,,,,
-445776.650721305,-1983885.49117535,"1",WaterBody,,,"200702071938","2",Perennial,"2",Natural,,"-99",Unknown,"-99",Unknown,"5",Pool,LGATE017_north_perm_artificial,/Users/293003c/Library/CloudStorage/OneDrive-Curtin/Projects/TCZ-research/water point GIS/LGATE017 north permanent.shp,38.000000000000000,"1",,,
-581721.839370365,-1948709.69714592,"4",Waterfall,,,"200702071938","2",Perennial,"2",Natural,,"-98",NotApplicable,"-99",Unknown,"-98",NotApplicable,LGATE017_north_perm_artificial,/Users/293003c/Library/CloudStorage/OneDrive-Curtin/Projects/TCZ-research/water point GIS/LGATE017 north permanent.shp,41.000000000000000,,,,
-317377.434211808,-1937421.23871239,"5",WaterPointStructure,Otk Bore,Otk Bore,"200702101818","-99",Unknown,"1",Manmade,,"-99",Unknown,"-98",NotApplicable,"2",BoreAndWindmill,LGATE017_north_perm_artificial,/Users/293003c/Library/CloudStorage/OneDrive-Curtin/Projects/TCZ-research/water point GIS/LGATE017 north permanent.shp,35.000000000000000,"1",,,
-581971.361465969,-1951023.2936162,"5",WaterPointStructure,,,"200702071938","-99",Unknown,"1",Manmade,,"-99",Unknown,"-98",NotApplicable,"1",Bore,LGATE017_north_perm_artificial,/Users/293003c/Library/CloudStorage/OneDrive-Curtin/Projects/TCZ-research/water point GIS/LGATE017 north permanent.shp,41.000000000000000,,,,
-458641.374428558,-1926535.25085623,"1",WaterBody,,,"200702071938","2",Perennial,"2",Natural,,"-99",Unknown,"-99",Unknown,"5",Pool,LGATE017_north_perm_artificial,/Users/293003c/Library/CloudStorage/OneDrive-Curtin/Projects/TCZ-research/water point GIS/LGATE017 north permanent.shp,43.000000000000000,,,,
-447506.394712829,-2022697.00430116,"1",WaterBody,,,"201311201723","2",Perennial,"1",Manmade,,"-99",Unknown,"-98",NotApplicable,"2",EarthDam,LGATE017_north_perm_artificial,/Users/293003c/Library/CloudStorage/OneDrive-Curtin/Projects/TCZ-research/water point GIS/LGATE017 north permanent.shp,37.000000000000000,,,,
-583783.836960315,-1957963.38290918,"5",WaterPointStructure,,,"200702071938","-99",Unknown,"1",Manmade,,"-99",Unknown,"-98",NotApplicable,"1",Bore,LGATE017_north_perm_artificial,/Users/293003c/Library/CloudStorage/OneDrive-Curtin/Projects/TCZ-research/water point GIS/LGATE017 north permanent.shp,41.000000000000000,,,,
-424105.428490717,-1954693.30029462,"1",WaterBody,,,"200702071938","2",Perennial,"2",Natural,,"-99",Unknown,"-99",Unknown,"5",Pool,LGATE017_north_perm_artificial,/Users/293003c/Library/CloudStorage/OneDrive-Curtin/Projects/TCZ-research/water point GIS/LGATE017 north permanent.shp,37.000000000000000,"1",,,
-551790.195719937,-1999374.89847944,"3",Spring,,,"200702071938","2",Perennial,"2",Natural,,"-99",Unknown,"-99",Unknown,"-98",NotApplicable,LGATE017_north_perm_artificial,/Users/293003c/Library/CloudStorage/OneDrive-Curtin/Projects/TCZ-research/water point GIS/LGATE017 north permanent.shp,41.000000000000000,,,,
-320975.90800869,-2220964.32116652,"5",WaterPointStructure,,,"200702101818","-99",Unknown,"1",Manmade,,"-99",Unknown,"-98",NotApplicable,"7",Windmill,LGATE017_north_perm_artificial,/Users/293003c/Library/CloudStorage/OneDrive-Curtin/Projects/TCZ-research/water point GIS/LGATE017 north permanent.shp,24.000000000000000,,,,
-535183.850629353,-1956042.26343982,"5",WaterPointStructure,,,"200702071938","-99",Unknown,"1",Manmade,,"-99",Unknown,"-98",NotApplicable,"1",Bore,LGATE017_north_perm_artificial,/Users/293003c/Library/CloudStorage/OneDrive-Curtin/Projects/TCZ-research/water point GIS/LGATE017 north permanent.shp,41.000000000000000,,,,
-431015.144392035,-1950009.77006198,"1",WaterBody,,,"200702071938","2",Perennial,"2",Natural,,"-99",Unknown,"-99",Unknown,"5",Pool,LGATE017_north_perm_artificial,/Users/293003c/Library/CloudStorage/OneDrive-Curtin/Projects/TCZ-research/water point GIS/LGATE017 north permanent.shp,40.000000000000000,"1",,,
-473161.676590594,-1944158.05296525,"5",WaterPointStructure,,,"200702071938","-99",Unknown,"1",Manmade,,"-99",Unknown,"-98",NotApplicable,"2",BoreAndWindmill,LGATE017_north_perm_artificial,/Users/293003c/Library/CloudStorage/OneDrive-Curtin/Projects/TCZ-research/water point GIS/LGATE017 north permanent.shp,44.000000000000000,,,,
-575406.017164455,-1948322.717167,"5",WaterPointStructure,,,"200702071938","-99",Unknown,"1",Manmade,,"-99",Unknown,"-98",NotApplicable,"1",Bore,LGATE017_north_perm_artificial,/Users/293003c/Library/CloudStorage/OneDrive-Curtin/Projects/TCZ-research/water point GIS/LGATE017 north permanent.shp,43.000000000000000,,,,
-580284.839558825,-1945543.39127762,"3",Spring,,,"200702071938","2",Perennial,"2",Natural,,"-99",Unknown,"-99",Unknown,"-98",NotApplicable,LGATE017_north_perm_artificial,/Users/293003c/Library/CloudStorage/OneDrive-Curtin/Projects/TCZ-research/water point GIS/LGATE017 north permanent.shp,41.000000000000000,,,,
-580369.311237371,-1941819.40567888,"3",Spring,,,"200702071938","2",Perennial,"2",Natural,,"-99",Unknown,"-99",Unknown,"-98",NotApplicable,LGATE017_north_perm_artificial,/Users/293003c/Library/CloudStorage/OneDrive-Curtin/Projects/TCZ-research/water point GIS/LGATE017 north permanent.shp,41.000000000000000,,,,
-339247.561193344,-2234355.59581014,"3",Spring,,,"200702071242","2",Perennial,"2",Natural,,"-99",Unknown,"-99",Unknown,"-98",NotApplicable,LGATE017_north_perm_artificial,/Users/293003c/Library/CloudStorage/OneDrive-Curtin/Projects/TCZ-research/water point GIS/LGATE017 north permanent.shp,24.000000000000000,,,,
-581321.201832001,-1950087.70518937,"4",Waterfall,,,"200702071938","2",Perennial,"2",Natural,,"-98",NotApplicable,"-99",Unknown,"-98",NotApplicable,LGATE017_north_perm_artificial,/Users/293003c/Library/CloudStorage/OneDrive-Curtin/Projects/TCZ-research/water point GIS/LGATE017 north permanent.shp,41.000000000000000,,,,
-533347.480315749,-1952998.61507415,"3",Spring,,,"200702071938","2",Perennial,"2",Natural,,"-99",Unknown,"-99",Unknown,"-98",NotApplicable,LGATE017_north_perm_artificial,/Users/293003c/Library/CloudStorage/OneDrive-Curtin/Projects/TCZ-research/water point GIS/LGATE017 north permanent.shp,50.000000000000000,,,,
-552417.711622141,-2002225.94866727,"3",Spring,,,"200702071938","2",Perennial,"2",Natural,,"-99",Unknown,"-99",Unknown,"-98",NotApplicable,LGATE017_north_perm_artificial,/Users/293003c/Library/CloudStorage/OneDrive-Curtin/Projects/TCZ-research/water point GIS/LGATE017 north permanent.shp,41.000000000000000,,,,
-353163.657717173,-2014607.91837344,"5",WaterPointStructure,,,"201004091932","-99",Unknown,"1",Manmade,,"-99",Unknown,"-98",NotApplicable,"6",Well,LGATE017_north_perm_artificial,/Users/293003c/Library/CloudStorage/OneDrive-Curtin/Projects/TCZ-research/water point GIS/LGATE017 north permanent.shp,32.000000000000000,,,,
-478378.073458359,-1956756.05850289,"5",WaterPointStructure,,,"200702071938","-99",Unknown,"1",Manmade,,"-99",Unknown,"-98",NotApplicable,"1",Bore,LGATE017_north_perm_artificial,/Users/293003c/Library/CloudStorage/OneDrive-Curtin/Projects/TCZ-research/water point GIS/LGATE017 north permanent.shp,43.000000000000000,,,,
-622348.311507366,-1940740.22833893,"5",WaterPointStructure,,,"200702071938","-99",Unknown,"1",Manmade,,"-99",Unknown,"-98",NotApplicable,"4",Tank,LGATE017_north_perm_artificial,/Users/293003c/Library/CloudStorage/OneDrive-Curtin/Projects/TCZ-research/water point GIS/LGATE017 north permanent.shp,40.000000000000000,,,,
-565041.268918027,-1937235.82838986,"3",Spring,,,"200702071938","2",Perennial,"2",Natural,,"-99",Unknown,"-99",Unknown,"-98",NotApplicable,LGATE017_north_perm_artificial,/Users/293003c/Library/CloudStorage/OneDrive-Curtin/Projects/TCZ-research/water point GIS/LGATE017 north permanent.shp,42.000000000000000,,,,
-459515.307915808,-1955590.35072609,"5",WaterPointStructure,,,"201401292217","-99",Unknown,"1",Manmade,,"-99",Unknown,"-98",NotApplicable,"4",Tank,LGATE017_north_perm_artificial,/Users/293003c/Library/CloudStorage/OneDrive-Curtin/Projects/TCZ-research/water point GIS/LGATE017 north permanent.shp,41.000000000000000,,,,
-532253.34683999,-1931275.94395142,"4",Waterfall,,,"200702071938","2",Perennial,"2",Natural,,"-98",NotApplicable,"-99",Unknown,"-98",NotApplicable,LGATE017_north_perm_artificial,/Users/293003c/Library/CloudStorage/OneDrive-Curtin/Projects/TCZ-research/water point GIS/LGATE017 north permanent.shp,49.000000000000000,,,,
-442366.948189544,-1977309.19570144,"1",WaterBody,,,"200702071938","2",Perennial,"2",Natural,,"-99",Unknown,"-99",Unknown,"5",Pool,LGATE017_north_perm_artificial,/Users/293003c/Library/CloudStorage/OneDrive-Curtin/Projects/TCZ-research/water point GIS/LGATE017 north permanent.shp,38.000000000000000,"1",,,
-452276.409501483,-1957291.69585994,"1",WaterBody,,,"200702071938","2",Perennial,"2",Natural,,"-99",Unknown,"-99",Unknown,"5",Pool,LGATE017_north_perm_artificial,/Users/293003c/Library/CloudStorage/OneDrive-Curtin/Projects/TCZ-research/water point GIS/LGATE017 north permanent.shp,41.000000000000000,"1",,,
-591727.25936358,-2228814.5229256,"5",WaterPointStructure,No. 46 Kuduarra Well,No. 46 Kuduarra Well,"200702101818","-99",Unknown,"1",Manmade,,"-99",Unknown,"-98",NotApplicable,"6",Well,LGATE017_north_perm_artificial,/Users/293003c/Library/CloudStorage/OneDrive-Curtin/Projects/TCZ-research/water point GIS/LGATE017 north permanent.shp,25.000000000000000,"2",,,
-597591.870986669,-1989274.73252633,"4",Waterfall,,,"200702071938","2",Perennial,"2",Natural,,"-98",NotApplicable,"-99",Unknown,"-98",NotApplicable,LGATE017_north_perm_artificial,/Users/293003c/Library/CloudStorage/OneDrive-Curtin/Projects/TCZ-research/water point GIS/LGATE017 north permanent.shp,40.000000000000000,,,,
-498910.663364646,-2001444.82429174,"5",WaterPointStructure,,,"200702071938","-99",Unknown,"1",Manmade,,"-99",Unknown,"-98",NotApplicable,"7",Windmill,LGATE017_north_perm_artificial,/Users/293003c/Library/CloudStorage/OneDrive-Curtin/Projects/TCZ-research/water point GIS/LGATE017 north permanent.shp,39.000000000000000,,,,
-577836.921311444,-1965551.82231358,"4",Waterfall,,,"200702071938","2",Perennial,"2",Natural,,"-98",NotApplicable,"-99",Unknown,"-98",NotApplicable,LGATE017_north_perm_artificial,/Users/293003c/Library/CloudStorage/OneDrive-Curtin/Projects/TCZ-research/water point GIS/LGATE017 north permanent.shp,37.000000000000000,,,,
-541798.976969579,-1973739.77253614,"5",WaterPointStructure,,,"200702071938","-99",Unknown,"1",Manmade,,"-99",Unknown,"-98",NotApplicable,"7",Windmill,LGATE017_north_perm_artificial,/Users/293003c/Library/CloudStorage/OneDrive-Curtin/Projects/TCZ-research/water point GIS/LGATE017 north permanent.shp,40.000000000000000,,,,
-486398.54101677,-1997373.72880073,"5",WaterPointStructure,,,"200702071938","-99",Unknown,"1",Manmade,,"-99",Unknown,"-98",NotApplicable,"1",Bore,LGATE017_north_perm_artificial,/Users/293003c/Library/CloudStorage/OneDrive-Curtin/Projects/TCZ-research/water point GIS/LGATE017 north permanent.shp,39.000000000000000,,,,
-326594.094985293,-2002531.06212734,"5",WaterPointStructure,Pussycat Bore,Pussycat Bore,"200702101818","-99",Unknown,"1",Manmade,,"-99",Unknown,"-98",NotApplicable,"1",Bore,LGATE017_north_perm_artificial,/Users/293003c/Library/CloudStorage/OneDrive-Curtin/Projects/TCZ-research/water point GIS/LGATE017 north permanent.shp,33.000000000000000,,,,
-539310.481775425,-1931054.28542971,"1",WaterBody,,,"200702071938","2",Perennial,"2",Natural,,"-99",Unknown,"-99",Unknown,"5",Pool,LGATE017_north_perm_artificial,/Users/293003c/Library/CloudStorage/OneDrive-Curtin/Projects/TCZ-research/water point GIS/LGATE017 north permanent.shp,47.000000000000000,,,,
-476857.51813297,-1953363.64698104,"1",WaterBody,,,"200702071938","2",Perennial,"1",Manmade,,"-99",Unknown,"-99",Unknown,"2",EarthDam,LGATE017_north_perm_artificial,/Users/293003c/Library/CloudStorage/OneDrive-Curtin/Projects/TCZ-research/water point GIS/LGATE017 north permanent.shp,43.000000000000000,,,,
-442105.688580954,-1977142.30599077,"1",WaterBody,,,"200702071938","2",Perennial,"2",Natural,,"-99",Unknown,"-99",Unknown,"5",Pool,LGATE017_north_perm_artificial,/Users/293003c/Library/CloudStorage/OneDrive-Curtin/Projects/TCZ-research/water point GIS/LGATE017 north permanent.shp,38.000000000000000,"1",,,
-562199.64540297,-1979011.96597157,"4",Waterfall,,,"200702071938","2",Perennial,"2",Natural,,"-98",NotApplicable,"-99",Unknown,"-98",NotApplicable,LGATE017_north_perm_artificial,/Users/293003c/Library/CloudStorage/OneDrive-Curtin/Projects/TCZ-research/water point GIS/LGATE017 north permanent.shp,39.000000000000000,,,,
-529387.611727712,-1941321.00974943,"5",WaterPointStructure,,,"200702071938","-99",Unknown,"1",Manmade,,"-99",Unknown,"-98",NotApplicable,"1",Bore,LGATE017_north_perm_artificial,/Users/293003c/Library/CloudStorage/OneDrive-Curtin/Projects/TCZ-research/water point GIS/LGATE017 north permanent.shp,44.000000000000000,,,,
-444136.792371098,-1935748.09723269,"5",WaterPointStructure,,,"200702071938","-99",Unknown,"1",Manmade,,"-99",Unknown,"-98",NotApplicable,"4",Tank,LGATE017_north_perm_artificial,/Users/293003c/Library/CloudStorage/OneDrive-Curtin/Projects/TCZ-research/water point GIS/LGATE017 north permanent.shp,41.000000000000000,"1",,,
-488946.249443875,-1968744.01021573,"1",WaterBody,,,"200702071938","2",Perennial,"2",Natural,,"-99",Unknown,"-99",Unknown,"5",Pool,LGATE017_north_perm_artificial,/Users/293003c/Library/CloudStorage/OneDrive-Curtin/Projects/TCZ-research/water point GIS/LGATE017 north permanent.shp,42.000000000000000,,,,
-564037.311726975,-1942231.96665211,"5",WaterPointStructure,,,"200702071938","-99",Unknown,"1",Manmade,,"-99",Unknown,"-98",NotApplicable,"1",Bore,LGATE017_north_perm_artificial,/Users/293003c/Library/CloudStorage/OneDrive-Curtin/Projects/TCZ-research/water point GIS/LGATE017 north permanent.shp,43.000000000000000,,,,
-438722.836970079,-1965483.55537288,"5",WaterPointStructure,,,"200702071938","-99",Unknown,"1",Manmade,,"-99",Unknown,"-98",NotApplicable,"4",Tank,LGATE017_north_perm_artificial,/Users/293003c/Library/CloudStorage/OneDrive-Curtin/Projects/TCZ-research/water point GIS/LGATE017 north permanent.shp,39.000000000000000,"1",,,
-445708.9162579,-1973581.71568141,"1",WaterBody,,,"200702071938","2",Perennial,"2",Natural,,"-99",Unknown,"-99",Unknown,"5",Pool,LGATE017_north_perm_artificial,/Users/293003c/Library/CloudStorage/OneDrive-Curtin/Projects/TCZ-research/water point GIS/LGATE017 north permanent.shp,38.000000000000000,"1",,,
-458442.57214812,-1957458.30769,"1",WaterBody,,,"200702071938","2",Perennial,"1",Manmade,,"-99",Unknown,"-99",Unknown,"2",EarthDam,LGATE017_north_perm_artificial,/Users/293003c/Library/CloudStorage/OneDrive-Curtin/Projects/TCZ-research/water point GIS/LGATE017 north permanent.shp,41.000000000000000,,,,
-452108.92896701,-1959221.42797667,"1",WaterBody,,,"200702071938","2",Perennial,"2",Natural,,"-99",Unknown,"-99",Unknown,"5",Pool,LGATE017_north_perm_artificial,/Users/293003c/Library/CloudStorage/OneDrive-Curtin/Projects/TCZ-research/water point GIS/LGATE017 north permanent.shp,43.000000000000000,"1",,,
-578998.510669239,-1946188.07400255,"3",Spring,,,"200702071938","2",Perennial,"2",Natural,,"-99",Unknown,"-99",Unknown,"-98",NotApplicable,LGATE017_north_perm_artificial,/Users/293003c/Library/CloudStorage/OneDrive-Curtin/Projects/TCZ-research/water point GIS/LGATE017 north permanent.shp,41.000000000000000,,,,
-442668.838565686,-1957767.61838664,"1",WaterBody,,,"200702071938","2",Perennial,"2",Natural,,"-99",Unknown,"-99",Unknown,"5",Pool,LGATE017_north_perm_artificial,/Users/293003c/Library/CloudStorage/OneDrive-Curtin/Projects/TCZ-research/water point GIS/LGATE017 north permanent.shp,39.000000000000000,"1",,,
-547161.873125038,-1939443.79650502,"4",Waterfall,,,"200702071938","2",Perennial,"2",Natural,,"-98",NotApplicable,"-99",Unknown,"-98",NotApplicable,LGATE017_north_perm_artificial,/Users/293003c/Library/CloudStorage/OneDrive-Curtin/Projects/TCZ-research/water point GIS/LGATE017 north permanent.shp,44.000000000000000,,,,
-430730.811398368,-1963376.22289851,"1",WaterBody,,,"200702071938","2",Perennial,"2",Natural,,"-99",Unknown,"-99",Unknown,"5",Pool,LGATE017_north_perm_artificial,/Users/293003c/Library/CloudStorage/OneDrive-Curtin/Projects/TCZ-research/water point GIS/LGATE017 north permanent.shp,37.000000000000000,"1",,,
-555520.146334826,-1952519.92645783,"5",WaterPointStructure,,,"200702071938","-99",Unknown,"1",Manmade,,"-99",Unknown,"-98",NotApplicable,"1",Bore,LGATE017_north_perm_artificial,/Users/293003c/Library/CloudStorage/OneDrive-Curtin/Projects/TCZ-research/water point GIS/LGATE017 north permanent.shp,42.000000000000000,,,,
-532602.19596898,-2007890.73228405,"5",WaterPointStructure,,,"200702071938","-99",Unknown,"1",Manmade,,"-99",Unknown,"-98",NotApplicable,"2",BoreAndWindmill,LGATE017_north_perm_artificial,/Users/293003c/Library/CloudStorage/OneDrive-Curtin/Projects/TCZ-research/water point GIS/LGATE017 north permanent.shp,38.000000000000000,,,,
-455551.907209649,-1957382.4112756,"1",WaterBody,,,"200702071938","2",Perennial,"1",Manmade,,"-99",Unknown,"-99",Unknown,"2",EarthDam,LGATE017_north_perm_artificial,/Users/293003c/Library/CloudStorage/OneDrive-Curtin/Projects/TCZ-research/water point GIS/LGATE017 north permanent.shp,41.000000000000000,"1",,,
-579002.10684773,-1946129.8520104,"3",Spring,,,"200702071938","2",Perennial,"2",Natural,,"-99",Unknown,"-99",Unknown,"-98",NotApplicable,LGATE017_north_perm_artificial,/Users/293003c/Library/CloudStorage/OneDrive-Curtin/Projects/TCZ-research/water point GIS/LGATE017 north permanent.shp,41.000000000000000,,,,
-422528.539478403,-1964908.21504403,"5",WaterPointStructure,,,"200702071938","-99",Unknown,"1",Manmade,,"-99",Unknown,"-98",NotApplicable,"4",Tank,LGATE017_north_perm_artificial,/Users/293003c/Library/CloudStorage/OneDrive-Curtin/Projects/TCZ-research/water point GIS/LGATE017 north permanent.shp,36.000000000000000,"1",,,
-442753.107036957,-1977649.68193185,"1",WaterBody,,,"200702071938","2",Perennial,"2",Natural,,"-99",Unknown,"-99",Unknown,"5",Pool,LGATE017_north_perm_artificial,/Users/293003c/Library/CloudStorage/OneDrive-Curtin/Projects/TCZ-research/water point GIS/LGATE017 north permanent.shp,38.000000000000000,"1",,,
-517268.78386722,-2048429.19918656,"3",Spring,,,"200702071241","2",Perennial,"2",Natural,,"-99",Unknown,"-99",Unknown,"-98",NotApplicable,LGATE017_north_perm_artificial,/Users/293003c/Library/CloudStorage/OneDrive-Curtin/Projects/TCZ-research/water point GIS/LGATE017 north permanent.shp,37.000000000000000,,,,
-538227.413205334,-1935802.9111744,"4",Waterfall,,,"200702071938","2",Perennial,"2",Natural,,"-98",NotApplicable,"-99",Unknown,"-98",NotApplicable,LGATE017_north_perm_artificial,/Users/293003c/Library/CloudStorage/OneDrive-Curtin/Projects/TCZ-research/water point GIS/LGATE017 north permanent.shp,47.000000000000000,,,,
-478153.108214448,-1998517.94499967,"3",Spring,,,"200702071938","2",Perennial,"2",Natural,,"-99",Unknown,"-99",Unknown,"-98",NotApplicable,LGATE017_north_perm_artificial,/Users/293003c/Library/CloudStorage/OneDrive-Curtin/Projects/TCZ-research/water point GIS/LGATE017 north permanent.shp,40.000000000000000,,,,
-570279.595957665,-1950867.91658981,"5",WaterPointStructure,,,"200702071938","-99",Unknown,"1",Manmade,,"-99",Unknown,"-98",NotApplicable,"1",Bore,LGATE017_north_perm_artificial,/Users/293003c/Library/CloudStorage/OneDrive-Curtin/Projects/TCZ-research/water point GIS/LGATE017 north permanent.shp,42.000000000000000,,,,
-539011.440915676,-1929697.1588181,"1",WaterBody,,,"200702071938","2",Perennial,"2",Natural,,"-99",Unknown,"-99",Unknown,"5",Pool,LGATE017_north_perm_artificial,/Users/293003c/Library/CloudStorage/OneDrive-Curtin/Projects/TCZ-research/water point GIS/LGATE017 north permanent.shp,47.000000000000000,,,,
-558852.677148259,-1976139.66513705,"4",Waterfall,,,"200702071938","2",Perennial,"2",Natural,,"-98",NotApplicable,"-99",Unknown,"-98",NotApplicable,LGATE017_north_perm_artificial,/Users/293003c/Library/CloudStorage/OneDrive-Curtin/Projects/TCZ-research/water point GIS/LGATE017 north permanent.shp,39.000000000000000,,,,
-589796.151375582,-1982590.76049648,"3",Spring,,,"200702071938","2",Perennial,"2",Natural,,"-99",Unknown,"-99",Unknown,"-98",NotApplicable,LGATE017_north_perm_artificial,/Users/293003c/Library/CloudStorage/OneDrive-Curtin/Projects/TCZ-research/water point GIS/LGATE017 north permanent.shp,41.000000000000000,,,,
-502569.285125743,-2008591.47176572,"5",WaterPointStructure,,,"200702071938","-99",Unknown,"1",Manmade,,"-99",Unknown,"-98",NotApplicable,"7",Windmill,LGATE017_north_perm_artificial,/Users/293003c/Library/CloudStorage/OneDrive-Curtin/Projects/TCZ-research/water point GIS/LGATE017 north permanent.shp,38.000000000000000,,,,
-497484.328287091,-1961588.8015218,"1",WaterBody,,,"200702071938","2",Perennial,"2",Natural,,"-99",Unknown,"-99",Unknown,"5",Pool,LGATE017_north_perm_artificial,/Users/293003c/Library/CloudStorage/OneDrive-Curtin/Projects/TCZ-research/water point GIS/LGATE017 north permanent.shp,42.000000000000000,,,,
-537993.140921779,-1961392.24385595,"5",WaterPointStructure,,,"200702071938","-99",Unknown,"1",Manmade,,"-99",Unknown,"-98",NotApplicable,"1",Bore,LGATE017_north_perm_artificial,/Users/293003c/Library/CloudStorage/OneDrive-Curtin/Projects/TCZ-research/water point GIS/LGATE017 north permanent.shp,42.000000000000000,,,,
-545054.762572109,-2048399.42667972,"3",Spring,,,"200702071241","2",Perennial,"2",Natural,,"-99",Unknown,"-99",Unknown,"-98",NotApplicable,LGATE017_north_perm_artificial,/Users/293003c/Library/CloudStorage/OneDrive-Curtin/Projects/TCZ-research/water point GIS/LGATE017 north permanent.shp,35.000000000000000,,,,
-595250.854336857,-2062188.93586142,"5",WaterPointStructure,,,"200702101818","-99",Unknown,"1",Manmade,,"-99",Unknown,"-98",NotApplicable,"7",Windmill,LGATE017_north_perm_artificial,/Users/293003c/Library/CloudStorage/OneDrive-Curtin/Projects/TCZ-research/water point GIS/LGATE017 north permanent.shp,33.000000000000000,,,,
-551165.0476909,-1973797.29636462,"4",Waterfall,,,"200702071938","2",Perennial,"2",Natural,,"-98",NotApplicable,"-99",Unknown,"-98",NotApplicable,LGATE017_north_perm_artificial,/Users/293003c/Library/CloudStorage/OneDrive-Curtin/Projects/TCZ-research/water point GIS/LGATE017 north permanent.shp,40.000000000000000,,,,
-444851.220470367,-1973965.38069522,"1",WaterBody,,,"200702071938","2",Perennial,"2",Natural,,"-99",Unknown,"-99",Unknown,"5",Pool,LGATE017_north_perm_artificial,/Users/293003c/Library/CloudStorage/OneDrive-Curtin/Projects/TCZ-research/water point GIS/LGATE017 north permanent.shp,38.000000000000000,"1",,,
-403043.080317751,-2047647.80054746,"5",WaterPointStructure,,,"200702101818","-99",Unknown,"1",Manmade,,"-99",Unknown,"-98",NotApplicable,"4",Tank,LGATE017_north_perm_artificial,/Users/293003c/Library/CloudStorage/OneDrive-Curtin/Projects/TCZ-research/water point GIS/LGATE017 north permanent.shp,30.000000000000000,,,,
-551753.277746502,-1999523.51464245,"3",Spring,,,"200702071938","2",Perennial,"2",Natural,,"-99",Unknown,"-99",Unknown,"-98",NotApplicable,LGATE017_north_perm_artificial,/Users/293003c/Library/CloudStorage/OneDrive-Curtin/Projects/TCZ-research/water point GIS/LGATE017 north permanent.shp,41.000000000000000,,,,
-423064.916961043,-1955113.38953258,"1",WaterBody,,,"200702071938","2",Perennial,"2",Natural,,"-99",Unknown,"-99",Unknown,"5",Pool,LGATE017_north_perm_artificial,/Users/293003c/Library/CloudStorage/OneDrive-Curtin/Projects/TCZ-research/water point GIS/LGATE017 north permanent.shp,37.000000000000000,"1",,,
-568152.071569294,-1970955.25595789,"3",Spring,,,"200702071938","2",Perennial,"2",Natural,,"-99",Unknown,"-99",Unknown,"-98",NotApplicable,LGATE017_north_perm_artificial,/Users/293003c/Library/CloudStorage/OneDrive-Curtin/Projects/TCZ-research/water point GIS/LGATE017 north permanent.shp,38.000000000000000,,,,
-552576.575633331,-1935425.99112643,"4",Waterfall,,,"200702071938","2",Perennial,"2",Natural,,"-98",NotApplicable,"-99",Unknown,"-98",NotApplicable,LGATE017_north_perm_artificial,/Users/293003c/Library/CloudStorage/OneDrive-Curtin/Projects/TCZ-research/water point GIS/LGATE017 north permanent.shp,44.000000000000000,,,,
-544119.480603779,-2040001.01729001,"4",Waterfall,,,"200702071938","2",Perennial,"2",Natural,,"-98",NotApplicable,"-99",Unknown,"-98",NotApplicable,LGATE017_north_perm_artificial,/Users/293003c/Library/CloudStorage/OneDrive-Curtin/Projects/TCZ-research/water point GIS/LGATE017 north permanent.shp,35.000000000000000,,,,
-425561.286304275,-1982811.77219937,"5",WaterPointStructure,,,"200702071938","-99",Unknown,"1",Manmade,,"-99",Unknown,"-98",NotApplicable,"4",Tank,LGATE017_north_perm_artificial,/Users/293003c/Library/CloudStorage/OneDrive-Curtin/Projects/TCZ-research/water point GIS/LGATE017 north permanent.shp,35.000000000000000,"1",,,
-432671.595519982,-1975757.42686464,"4",Waterfall,,,"200702071938","2",Perennial,"2",Natural,,"-98",NotApplicable,"-99",Unknown,"-98",NotApplicable,LGATE017_north_perm_artificial,/Users/293003c/Library/CloudStorage/OneDrive-Curtin/Projects/TCZ-research/water point GIS/LGATE017 north permanent.shp,37.000000000000000,"1",,,
-541406.614614854,-1930001.2762754,"1",WaterBody,,,"200702071938","2",Perennial,"2",Natural,,"-99",Unknown,"-99",Unknown,"5",Pool,LGATE017_north_perm_artificial,/Users/293003c/Library/CloudStorage/OneDrive-Curtin/Projects/TCZ-research/water point GIS/LGATE017 north permanent.shp,47.000000000000000,,,,
-339184.772373435,-1995389.03397749,"5",WaterPointStructure,,,"200702101818","-99",Unknown,"1",Manmade,,"-99",Unknown,"-98",NotApplicable,"7",Windmill,LGATE017_north_perm_artificial,/Users/293003c/Library/CloudStorage/OneDrive-Curtin/Projects/TCZ-research/water point GIS/LGATE017 north permanent.shp,33.000000000000000,,,,
-551856.336574677,-1999093.85403844,"3",Spring,,,"200702071938","2",Perennial,"2",Natural,,"-99",Unknown,"-99",Unknown,"-98",NotApplicable,LGATE017_north_perm_artificial,/Users/293003c/Library/CloudStorage/OneDrive-Curtin/Projects/TCZ-research/water point GIS/LGATE017 north permanent.shp,41.000000000000000,,,,
-451714.391994424,-1957749.8281087,"1",WaterBody,,,"200702071938","2",Perennial,"2",Natural,,"-99",Unknown,"-99",Unknown,"5",Pool,LGATE017_north_perm_artificial,/Users/293003c/Library/CloudStorage/OneDrive-Curtin/Projects/TCZ-research/water point GIS/LGATE017 north permanent.shp,43.000000000000000,"1",,,
-603318.507865221,-1938202.72561663,"5",WaterPointStructure,,,"200702071938","-99",Unknown,"1",Manmade,,"-99",Unknown,"-98",NotApplicable,"4",Tank,LGATE017_north_perm_artificial,/Users/293003c/Library/CloudStorage/OneDrive-Curtin/Projects/TCZ-research/water point GIS/LGATE017 north permanent.shp,40.000000000000000,,,,
-426016.900643039,-1970917.13132706,"5",WaterPointStructure,,,"200702071938","-99",Unknown,"1",Manmade,,"-99",Unknown,"-98",NotApplicable,"7",Windmill,LGATE017_north_perm_artificial,/Users/293003c/Library/CloudStorage/OneDrive-Curtin/Projects/TCZ-research/water point GIS/LGATE017 north permanent.shp,36.000000000000000,"1",,,
-535449.378147575,-1931313.23847784,"1",WaterBody,,,"200702071938","2",Perennial,"2",Natural,,"-99",Unknown,"-99",Unknown,"5",Pool,LGATE017_north_perm_artificial,/Users/293003c/Library/CloudStorage/OneDrive-Curtin/Projects/TCZ-research/water point GIS/LGATE017 north permanent.shp,47.000000000000000,,,,
-534392.544200298,-1934352.8102092,"4",Waterfall,,,"200702071938","2",Perennial,"2",Natural,,"-98",NotApplicable,"-99",Unknown,"-98",NotApplicable,LGATE017_north_perm_artificial,/Users/293003c/Library/CloudStorage/OneDrive-Curtin/Projects/TCZ-research/water point GIS/LGATE017 north permanent.shp,49.000000000000000,,,,
-578877.085899717,-1949689.12376314,"4",Waterfall,,,"200702071938","2",Perennial,"2",Natural,,"-98",NotApplicable,"-99",Unknown,"-98",NotApplicable,LGATE017_north_perm_artificial,/Users/293003c/Library/CloudStorage/OneDrive-Curtin/Projects/TCZ-research/water point GIS/LGATE017 north permanent.shp,41.000000000000000,,,,
-604290.358207,-2034368.909435,"5",WaterPointStructure,,,"201303181734","-99",Unknown,"1",Manmade,,"-99",Unknown,"-98",NotApplicable,"4",Tank,LGATE017_north_perm_artificial,/Users/293003c/Library/CloudStorage/OneDrive-Curtin/Projects/TCZ-research/water point GIS/LGATE017 north permanent.shp,33.000000000000000,,,,
-598904.116899588,-1989922.48653212,"3",Spring,,,"200702071938","2",Perennial,"2",Natural,,"-99",Unknown,"-99",Unknown,"-98",NotApplicable,LGATE017_north_perm_artificial,/Users/293003c/Library/CloudStorage/OneDrive-Curtin/Projects/TCZ-research/water point GIS/LGATE017 north permanent.shp,40.000000000000000,,,,
-585119.561210445,-2023597.74721619,"5",WaterPointStructure,,,"200702071938","-99",Unknown,"1",Manmade,,"-99",Unknown,"-98",NotApplicable,"2",BoreAndWindmill,LGATE017_north_perm_artificial,/Users/293003c/Library/CloudStorage/OneDrive-Curtin/Projects/TCZ-research/water point GIS/LGATE017 north permanent.shp,36.000000000000000,,,,
-578888.60927889,-1947333.99156068,"3",Spring,,,"200702071938","2",Perennial,"2",Natural,,"-99",Unknown,"-99",Unknown,"-98",NotApplicable,LGATE017_north_perm_artificial,/Users/293003c/Library/CloudStorage/OneDrive-Curtin/Projects/TCZ-research/water point GIS/LGATE017 north permanent.shp,41.000000000000000,,,,
-546518.310464724,-1965218.81390861,"4",Waterfall,,,"200702071938","2",Perennial,"2",Natural,,"-98",NotApplicable,"-99",Unknown,"-98",NotApplicable,LGATE017_north_perm_artificial,/Users/293003c/Library/CloudStorage/OneDrive-Curtin/Projects/TCZ-research/water point GIS/LGATE017 north permanent.shp,40.000000000000000,,,,
-554461.485417454,-1992567.44960056,"5",WaterPointStructure,,,"200702071938","-99",Unknown,"1",Manmade,,"-99",Unknown,"-98",NotApplicable,"1",Bore,LGATE017_north_perm_artificial,/Users/293003c/Library/CloudStorage/OneDrive-Curtin/Projects/TCZ-research/water point GIS/LGATE017 north permanent.shp,37.000000000000000,,,,
-513716.440392155,-1970978.8828,"1",WaterBody,,,"200702071938","2",Perennial,"2",Natural,,"-99",Unknown,"-99",Unknown,"5",Pool,LGATE017_north_perm_artificial,/Users/293003c/Library/CloudStorage/OneDrive-Curtin/Projects/TCZ-research/water point GIS/LGATE017 north permanent.shp,41.000000000000000,,,,
-380062.159409858,-2211574.22571458,"3",Spring,,,"200702071242","2",Perennial,"2",Natural,,"-99",Unknown,"-99",Unknown,"-98",NotApplicable,LGATE017_north_perm_artificial,/Users/293003c/Library/CloudStorage/OneDrive-Curtin/Projects/TCZ-research/water point GIS/LGATE017 north permanent.shp,26.000000000000000,,,,
-441169.050632084,-1981751.07736498,"1",WaterBody,,,"200702071938","2",Perennial,"2",Natural,,"-99",Unknown,"-99",Unknown,"5",Pool,LGATE017_north_perm_artificial,/Users/293003c/Library/CloudStorage/OneDrive-Curtin/Projects/TCZ-research/water point GIS/LGATE017 north permanent.shp,38.000000000000000,"1",,,
-562582.416686399,-2018674.73051738,"3",Spring,,,"200702071938","2",Perennial,"2",Natural,,"-99",Unknown,"-99",Unknown,"-98",NotApplicable,LGATE017_north_perm_artificial,/Users/293003c/Library/CloudStorage/OneDrive-Curtin/Projects/TCZ-research/water point GIS/LGATE017 north permanent.shp,36.000000000000000,,,,
-476184.809452005,-1958885.18735993,"3",Spring,,,"200702071938","2",Perennial,"2",Natural,,"-99",Unknown,"-99",Unknown,"-98",NotApplicable,LGATE017_north_perm_artificial,/Users/293003c/Library/CloudStorage/OneDrive-Curtin/Projects/TCZ-research/water point GIS/LGATE017 north permanent.shp,42.000000000000000,,,,
-563070.017674258,-1973395.39293785,"4",Waterfall,,,"200702071938","2",Perennial,"2",Natural,,"-98",NotApplicable,"-99",Unknown,"-98",NotApplicable,LGATE017_north_perm_artificial,/Users/293003c/Library/CloudStorage/OneDrive-Curtin/Projects/TCZ-research/water point GIS/LGATE017 north permanent.shp,39.000000000000000,,,,
-458480.252122962,-2163306.12968916,"5",WaterPointStructure,,,"201004141754","-99",Unknown,"1",Manmade,,"-99",Unknown,"-98",NotApplicable,"4",Tank,LGATE017_north_perm_artificial,/Users/293003c/Library/CloudStorage/OneDrive-Curtin/Projects/TCZ-research/water point GIS/LGATE017 north permanent.shp,26.000000000000000,,,,
-548890.962942939,-1970922.37999169,"4",Waterfall,,,"200702071938","2",Perennial,"2",Natural,,"-98",NotApplicable,"-99",Unknown,"-98",NotApplicable,LGATE017_north_perm_artificial,/Users/293003c/Library/CloudStorage/OneDrive-Curtin/Projects/TCZ-research/water point GIS/LGATE017 north permanent.shp,40.000000000000000,,,,
-517815.213516844,-2022247.52304321,"3",Spring,,,"200702071938","2",Perennial,"2",Natural,,"-99",Unknown,"-99",Unknown,"-98",NotApplicable,LGATE017_north_perm_artificial,/Users/293003c/Library/CloudStorage/OneDrive-Curtin/Projects/TCZ-research/water point GIS/LGATE017 north permanent.shp,37.000000000000000,,,,
-442451.498237522,-1960018.31313668,"5",WaterPointStructure,,,"200702071938","-99",Unknown,"1",Manmade,,"-99",Unknown,"-98",NotApplicable,"7",Windmill,LGATE017_north_perm_artificial,/Users/293003c/Library/CloudStorage/OneDrive-Curtin/Projects/TCZ-research/water point GIS/LGATE017 north permanent.shp,39.000000000000000,"1",,,
-513849.627727794,-1983134.02132307,"5",WaterPointStructure,,,"200702071938","-99",Unknown,"1",Manmade,,"-99",Unknown,"-98",NotApplicable,"4",Tank,LGATE017_north_perm_artificial,/Users/293003c/Library/CloudStorage/OneDrive-Curtin/Projects/TCZ-research/water point GIS/LGATE017 north permanent.shp,40.000000000000000,,,,
-552622.313710415,-1996134.65624928,"3",Spring,,,"200702071938","2",Perennial,"2",Natural,,"-99",Unknown,"-99",Unknown,"-98",NotApplicable,LGATE017_north_perm_artificial,/Users/293003c/Library/CloudStorage/OneDrive-Curtin/Projects/TCZ-research/water point GIS/LGATE017 north permanent.shp,41.000000000000000,,,,
-600402.89161156,-1988638.82494971,"4",Waterfall,,,"200702071938","2",Perennial,"2",Natural,,"-98",NotApplicable,"-99",Unknown,"-98",NotApplicable,LGATE017_north_perm_artificial,/Users/293003c/Library/CloudStorage/OneDrive-Curtin/Projects/TCZ-research/water point GIS/LGATE017 north permanent.shp,40.000000000000000,,,,
-552463.194816088,-1979940.05911885,"3",Spring,,,"200702071938","2",Perennial,"2",Natural,,"-99",Unknown,"-99",Unknown,"-98",NotApplicable,LGATE017_north_perm_artificial,/Users/293003c/Library/CloudStorage/OneDrive-Curtin/Projects/TCZ-research/water point GIS/LGATE017 north permanent.shp,40.000000000000000,,,,
-453563.398625735,-2102472.98715734,"5",WaterPointStructure,,,"201001150929","-99",Unknown,"1",Manmade,,"-99",Unknown,"-98",NotApplicable,"1",Bore,LGATE017_north_perm_artificial,/Users/293003c/Library/CloudStorage/OneDrive-Curtin/Projects/TCZ-research/water point GIS/LGATE017 north permanent.shp,29.000000000000000,,,,
-541956.42242089,-2001226.59657445,"3",Spring,,,"200702071938","2",Perennial,"2",Natural,,"-99",Unknown,"-99",Unknown,"-98",NotApplicable,LGATE017_north_perm_artificial,/Users/293003c/Library/CloudStorage/OneDrive-Curtin/Projects/TCZ-research/water point GIS/LGATE017 north permanent.shp,39.000000000000000,,,,
-458133.391822497,-2196597.02805816,"5",WaterPointStructure,Djaluwon Well,Djaluwon Well,"200702101818","-99",Unknown,"1",Manmade,,"-99",Unknown,"-98",NotApplicable,"6",Well,LGATE017_north_perm_artificial,/Users/293003c/Library/CloudStorage/OneDrive-Curtin/Projects/TCZ-research/water point GIS/LGATE017 north permanent.shp,26.000000000000000,,,,
-560090.195908155,-1976727.82784633,"4",Waterfall,,,"200702071938","2",Perennial,"2",Natural,,"-98",NotApplicable,"-99",Unknown,"-98",NotApplicable,LGATE017_north_perm_artificial,/Users/293003c/Library/CloudStorage/OneDrive-Curtin/Projects/TCZ-research/water point GIS/LGATE017 north permanent.shp,39.000000000000000,,,,
-521047.578784484,-1939010.40021106,"3",Spring,,,"200702071938","2",Perennial,"2",Natural,,"-99",Unknown,"-99",Unknown,"-98",NotApplicable,LGATE017_north_perm_artificial,/Users/293003c/Library/CloudStorage/OneDrive-Curtin/Projects/TCZ-research/water point GIS/LGATE017 north permanent.shp,43.000000000000000,,,,
-574310.908520674,-2040193.03463298,"4",Waterfall,,,"200702071938","2",Perennial,"2",Natural,,"-98",NotApplicable,"-99",Unknown,"-98",NotApplicable,LGATE017_north_perm_artificial,/Users/293003c/Library/CloudStorage/OneDrive-Curtin/Projects/TCZ-research/water point GIS/LGATE017 north permanent.shp,36.000000000000000,,,,
-567613.745564779,-1988135.21730051,"3",Spring,,,"200702071938","2",Perennial,"2",Natural,,"-99",Unknown,"-99",Unknown,"-98",NotApplicable,LGATE017_north_perm_artificial,/Users/293003c/Library/CloudStorage/OneDrive-Curtin/Projects/TCZ-research/water point GIS/LGATE017 north permanent.shp,37.000000000000000,,,,
-455904.241089509,-1953875.35703414,"5",WaterPointStructure,,,"200702071938","-99",Unknown,"1",Manmade,,"-99",Unknown,"-98",NotApplicable,"1",Bore,LGATE017_north_perm_artificial,/Users/293003c/Library/CloudStorage/OneDrive-Curtin/Projects/TCZ-research/water point GIS/LGATE017 north permanent.shp,41.000000000000000,"1",,,
-455063.501034568,-1957641.16049627,"5",WaterPointStructure,,,"202304171944","-99",Unknown,"1",Manmade,,"-99",Unknown,"-98",NotApplicable,"4",Tank,LGATE017_north_perm_artificial,/Users/293003c/Library/CloudStorage/OneDrive-Curtin/Projects/TCZ-research/water point GIS/LGATE017 north permanent.shp,43.000000000000000,"1",,,
-561980.208130384,-1978982.75084517,"4",Waterfall,,,"200702071938","2",Perennial,"2",Natural,,"-98",NotApplicable,"-99",Unknown,"-98",NotApplicable,LGATE017_north_perm_artificial,/Users/293003c/Library/CloudStorage/OneDrive-Curtin/Projects/TCZ-research/water point GIS/LGATE017 north permanent.shp,39.000000000000000,,,,
-573762.181345799,-1941976.55105165,"3",Spring,,,"200702071938","2",Perennial,"2",Natural,,"-99",Unknown,"-99",Unknown,"-98",NotApplicable,LGATE017_north_perm_artificial,/Users/293003c/Library/CloudStorage/OneDrive-Curtin/Projects/TCZ-research/water point GIS/LGATE017 north permanent.shp,43.000000000000000,,,,
-575674.233188782,-1949080.06154621,"5",WaterPointStructure,,,"200702071938","-99",Unknown,"1",Manmade,,"-99",Unknown,"-98",NotApplicable,"1",Bore,LGATE017_north_perm_artificial,/Users/293003c/Library/CloudStorage/OneDrive-Curtin/Projects/TCZ-research/water point GIS/LGATE017 north permanent.shp,43.000000000000000,,,,
-543897.998122524,-1967952.73391681,"4",Waterfall,,,"200702071938","2",Perennial,"2",Natural,,"-98",NotApplicable,"-99",Unknown,"-98",NotApplicable,LGATE017_north_perm_artificial,/Users/293003c/Library/CloudStorage/OneDrive-Curtin/Projects/TCZ-research/water point GIS/LGATE017 north permanent.shp,40.000000000000000,,,,
-460202.612977485,-1966142.33277126,"1",WaterBody,,,"200702071938","2",Perennial,"2",Natural,,"-99",Unknown,"-99",Unknown,"5",Pool,LGATE017_north_perm_artificial,/Users/293003c/Library/CloudStorage/OneDrive-Curtin/Projects/TCZ-research/water point GIS/LGATE017 north permanent.shp,41.000000000000000,,,,
-550094.43089499,-1936564.05341467,"4",Waterfall,,,"200702071938","2",Perennial,"2",Natural,,"-98",NotApplicable,"-99",Unknown,"-98",NotApplicable,LGATE017_north_perm_artificial,/Users/293003c/Library/CloudStorage/OneDrive-Curtin/Projects/TCZ-research/water point GIS/LGATE017 north permanent.shp,44.000000000000000,,,,
-488852.703490358,-1987787.56816165,"5",WaterPointStructure,,,"200702071938","-99",Unknown,"1",Manmade,,"-99",Unknown,"-98",NotApplicable,"7",Windmill,LGATE017_north_perm_artificial,/Users/293003c/Library/CloudStorage/OneDrive-Curtin/Projects/TCZ-research/water point GIS/LGATE017 north permanent.shp,40.000000000000000,,,,
-524490.067844336,-2006419.45543558,"1",WaterBody,,,"200702071938","2",Perennial,"1",Manmade,,"-99",Unknown,"-99",Unknown,"2",EarthDam,LGATE017_north_perm_artificial,/Users/293003c/Library/CloudStorage/OneDrive-Curtin/Projects/TCZ-research/water point GIS/LGATE017 north permanent.shp,38.000000000000000,,,,
-519667.490460772,-1946767.95497795,"3",Spring,,,"200702071938","2",Perennial,"2",Natural,,"-99",Unknown,"-99",Unknown,"-98",NotApplicable,LGATE017_north_perm_artificial,/Users/293003c/Library/CloudStorage/OneDrive-Curtin/Projects/TCZ-research/water point GIS/LGATE017 north permanent.shp,43.000000000000000,,,,
-558743.003129667,-1977513.81989606,"4",Waterfall,,,"200702071938","2",Perennial,"2",Natural,,"-98",NotApplicable,"-99",Unknown,"-98",NotApplicable,LGATE017_north_perm_artificial,/Users/293003c/Library/CloudStorage/OneDrive-Curtin/Projects/TCZ-research/water point GIS/LGATE017 north permanent.shp,39.000000000000000,,,,
-599172.456048277,-1990014.05949374,"3",Spring,,,"200702071938","2",Perennial,"2",Natural,,"-99",Unknown,"-99",Unknown,"-98",NotApplicable,LGATE017_north_perm_artificial,/Users/293003c/Library/CloudStorage/OneDrive-Curtin/Projects/TCZ-research/water point GIS/LGATE017 north permanent.shp,40.000000000000000,,,,
-396900.581067983,-1960770.118825,"1",WaterBody,,,"200702071241","2",Perennial,"1",Manmade,,"-99",Unknown,"-99",Unknown,"2",EarthDam,LGATE017_north_perm_artificial,/Users/293003c/Library/CloudStorage/OneDrive-Curtin/Projects/TCZ-research/water point GIS/LGATE017 north permanent.shp,37.000000000000000,"1",,,
-571985.789951694,-1991932.87068144,"5",WaterPointStructure,,,"200702071938","-99",Unknown,"1",Manmade,,"-99",Unknown,"-98",NotApplicable,"4",Tank,LGATE017_north_perm_artificial,/Users/293003c/Library/CloudStorage/OneDrive-Curtin/Projects/TCZ-research/water point GIS/LGATE017 north permanent.shp,37.000000000000000,,,,
-473664.588295287,-1985231.73330718,"1",WaterBody,,,"200702071938","2",Perennial,"2",Natural,,"-99",Unknown,"-99",Unknown,"5",Pool,LGATE017_north_perm_artificial,/Users/293003c/Library/CloudStorage/OneDrive-Curtin/Projects/TCZ-research/water point GIS/LGATE017 north permanent.shp,41.000000000000000,,,,
-550917.496661529,-1975390.65497784,"4",Waterfall,,,"200702071938","2",Perennial,"2",Natural,,"-98",NotApplicable,"-99",Unknown,"-98",NotApplicable,LGATE017_north_perm_artificial,/Users/293003c/Library/CloudStorage/OneDrive-Curtin/Projects/TCZ-research/water point GIS/LGATE017 north permanent.shp,40.000000000000000,,,,
-600213.279297683,-1980545.04583821,"3",Spring,,,"200702071938","2",Perennial,"2",Natural,,"-99",Unknown,"-99",Unknown,"-98",NotApplicable,LGATE017_north_perm_artificial,/Users/293003c/Library/CloudStorage/OneDrive-Curtin/Projects/TCZ-research/water point GIS/LGATE017 north permanent.shp,40.000000000000000,,,,
-442063.175998204,-1976990.94751643,"1",WaterBody,,,"200702071938","2",Perennial,"2",Natural,,"-99",Unknown,"-99",Unknown,"5",Pool,LGATE017_north_perm_artificial,/Users/293003c/Library/CloudStorage/OneDrive-Curtin/Projects/TCZ-research/water point GIS/LGATE017 north permanent.shp,38.000000000000000,"1",,,
-514467.394950105,-1928575.49289585,"4",Waterfall,,,"200702071938","2",Perennial,"2",Natural,,"-98",NotApplicable,"-99",Unknown,"-98",NotApplicable,LGATE017_north_perm_artificial,/Users/293003c/Library/CloudStorage/OneDrive-Curtin/Projects/TCZ-research/water point GIS/LGATE017 north permanent.shp,46.000000000000000,,,,
-471410.117102804,-1968031.43087181,"5",WaterPointStructure,,,"200702071938","-99",Unknown,"1",Manmade,,"-99",Unknown,"-98",NotApplicable,"4",Tank,LGATE017_north_perm_artificial,/Users/293003c/Library/CloudStorage/OneDrive-Curtin/Projects/TCZ-research/water point GIS/LGATE017 north permanent.shp,42.000000000000000,,,,
-551976.754695385,-2013254.36389034,"5",WaterPointStructure,,,"201005241756","-99",Unknown,"1",Manmade,,"-99",Unknown,"-98",NotApplicable,"4",Tank,LGATE017_north_perm_artificial,/Users/293003c/Library/CloudStorage/OneDrive-Curtin/Projects/TCZ-research/water point GIS/LGATE017 north permanent.shp,37.000000000000000,,,,
-419921.406187569,-2177958.00593896,"5",WaterPointStructure,,,"200702101818","-99",Unknown,"1",Manmade,,"-99",Unknown,"-98",NotApplicable,"4",Tank,LGATE017_north_perm_artificial,/Users/293003c/Library/CloudStorage/OneDrive-Curtin/Projects/TCZ-research/water point GIS/LGATE017 north permanent.shp,28.000000000000000,,,,
-522818.17118558,-1933132.10281069,"3",Spring,,,"200702071938","2",Perennial,"2",Natural,,"-99",Unknown,"-99",Unknown,"-98",NotApplicable,LGATE017_north_perm_artificial,/Users/293003c/Library/CloudStorage/OneDrive-Curtin/Projects/TCZ-research/water point GIS/LGATE017 north permanent.shp,46.000000000000000,,,,
-581499.667743366,-2028461.53096944,"5",WaterPointStructure,,,"200702071938","-99",Unknown,"1",Manmade,,"-99",Unknown,"-98",NotApplicable,"2",BoreAndWindmill,LGATE017_north_perm_artificial,/Users/293003c/Library/CloudStorage/OneDrive-Curtin/Projects/TCZ-research/water point GIS/LGATE017 north permanent.shp,35.000000000000000,,,,
-577361.102614162,-1984262.34646786,"4",Waterfall,,,"200702071938","2",Perennial,"2",Natural,,"-98",NotApplicable,"-99",Unknown,"-98",NotApplicable,LGATE017_north_perm_artificial,/Users/293003c/Library/CloudStorage/OneDrive-Curtin/Projects/TCZ-research/water point GIS/LGATE017 north permanent.shp,41.000000000000000,,,,
-436775.930686444,-1959171.84263894,"1",WaterBody,,,"200702071938","2",Perennial,"2",Natural,,"-99",Unknown,"-99",Unknown,"5",Pool,LGATE017_north_perm_artificial,/Users/293003c/Library/CloudStorage/OneDrive-Curtin/Projects/TCZ-research/water point GIS/LGATE017 north permanent.shp,37.000000000000000,"1",,,
-583113.295589303,-1949995.22000988,"5",WaterPointStructure,,,"200702071938","-99",Unknown,"1",Manmade,,"-99",Unknown,"-98",NotApplicable,"1",Bore,LGATE017_north_perm_artificial,/Users/293003c/Library/CloudStorage/OneDrive-Curtin/Projects/TCZ-research/water point GIS/LGATE017 north permanent.shp,41.000000000000000,,,,
-604688.76669588,-2034713.11754914,"5",WaterPointStructure,,,"201303181734","-99",Unknown,"1",Manmade,,"-99",Unknown,"-98",NotApplicable,"5",TankAndWindmill,LGATE017_north_perm_artificial,/Users/293003c/Library/CloudStorage/OneDrive-Curtin/Projects/TCZ-research/water point GIS/LGATE017 north permanent.shp,33.000000000000000,,,,
-369944.276872028,-1981793.47558882,"5",WaterPointStructure,,,"200702101818","-99",Unknown,"1",Manmade,,"-99",Unknown,"-98",NotApplicable,"7",Windmill,LGATE017_north_perm_artificial,/Users/293003c/Library/CloudStorage/OneDrive-Curtin/Projects/TCZ-research/water point GIS/LGATE017 north permanent.shp,33.000000000000000,"1",,,
-464409.137714908,-2003174.25623912,"5",WaterPointStructure,Illjarra Bore,Illjarra Bore,"200702101818","-99",Unknown,"1",Manmade,,"-99",Unknown,"-98",NotApplicable,"1",Bore,LGATE017_north_perm_artificial,/Users/293003c/Library/CloudStorage/OneDrive-Curtin/Projects/TCZ-research/water point GIS/LGATE017 north permanent.shp,38.000000000000000,,,,
-445328.575272789,-1973587.59870201,"1",WaterBody,,,"200702071938","2",Perennial,"2",Natural,,"-99",Unknown,"-99",Unknown,"5",Pool,LGATE017_north_perm_artificial,/Users/293003c/Library/CloudStorage/OneDrive-Curtin/Projects/TCZ-research/water point GIS/LGATE017 north permanent.shp,38.000000000000000,"1",,,
-437657.319308381,-1970736.12732137,"1",WaterBody,,,"200702071938","2",Perennial,"2",Natural,,"-99",Unknown,"-99",Unknown,"5",Pool,LGATE017_north_perm_artificial,/Users/293003c/Library/CloudStorage/OneDrive-Curtin/Projects/TCZ-research/water point GIS/LGATE017 north permanent.shp,37.000000000000000,"1",,,
-344846.352321169,-1947340.25873892,"5",WaterPointStructure,Calico Bore,Calico Bore,"200702101818","-99",Unknown,"1",Manmade,,"-99",Unknown,"-98",NotApplicable,"1",Bore,LGATE017_north_perm_artificial,/Users/293003c/Library/CloudStorage/OneDrive-Curtin/Projects/TCZ-research/water point GIS/LGATE017 north permanent.shp,36.000000000000000,"1",,,
-564804.012907377,-1944718.49543562,"5",WaterPointStructure,,,"200702071938","-99",Unknown,"1",Manmade,,"-99",Unknown,"-98",NotApplicable,"1",Bore,LGATE017_north_perm_artificial,/Users/293003c/Library/CloudStorage/OneDrive-Curtin/Projects/TCZ-research/water point GIS/LGATE017 north permanent.shp,43.000000000000000,,,,
-558254.21198363,-1988605.9511561,"3",Spring,,,"200702071938","2",Perennial,"2",Natural,,"-99",Unknown,"-99",Unknown,"-98",NotApplicable,LGATE017_north_perm_artificial,/Users/293003c/Library/CloudStorage/OneDrive-Curtin/Projects/TCZ-research/water point GIS/LGATE017 north permanent.shp,37.000000000000000,,,,
-521277.337233374,-1941359.53526502,"5",WaterPointStructure,,,"200702071938","-99",Unknown,"1",Manmade,,"-99",Unknown,"-98",NotApplicable,"2",BoreAndWindmill,LGATE017_north_perm_artificial,/Users/293003c/Library/CloudStorage/OneDrive-Curtin/Projects/TCZ-research/water point GIS/LGATE017 north permanent.shp,43.000000000000000,,,,
-582070.028145474,-1951032.86170592,"5",WaterPointStructure,,,"200702071938","-99",Unknown,"1",Manmade,,"-99",Unknown,"-98",NotApplicable,"1",Bore,LGATE017_north_perm_artificial,/Users/293003c/Library/CloudStorage/OneDrive-Curtin/Projects/TCZ-research/water point GIS/LGATE017 north permanent.shp,41.000000000000000,,,,
-431984.902764943,-1960539.1044179,"1",WaterBody,,,"200702071938","2",Perennial,"2",Natural,,"-99",Unknown,"-99",Unknown,"5",Pool,LGATE017_north_perm_artificial,/Users/293003c/Library/CloudStorage/OneDrive-Curtin/Projects/TCZ-research/water point GIS/LGATE017 north permanent.shp,37.000000000000000,"1",,,
-327206.050031626,-1925733.08218446,"5",WaterPointStructure,No. 9 Bore,No. 9 Bore,"200702101818","-99",Unknown,"1",Manmade,,"-99",Unknown,"-98",NotApplicable,"2",BoreAndWindmill,LGATE017_north_perm_artificial,/Users/293003c/Library/CloudStorage/OneDrive-Curtin/Projects/TCZ-research/water point GIS/LGATE017 north permanent.shp,36.000000000000000,"1",,,
-554795.778213237,-1976085.16247253,"4",Waterfall,,,"200702071938","2",Perennial,"2",Natural,,"-98",NotApplicable,"-99",Unknown,"-98",NotApplicable,LGATE017_north_perm_artificial,/Users/293003c/Library/CloudStorage/OneDrive-Curtin/Projects/TCZ-research/water point GIS/LGATE017 north permanent.shp,39.000000000000000,,,,
-494014.763005522,-2022347.54650633,"5",WaterPointStructure,,,"200702071938","-99",Unknown,"1",Manmade,,"-99",Unknown,"-98",NotApplicable,"4",Tank,LGATE017_north_perm_artificial,/Users/293003c/Library/CloudStorage/OneDrive-Curtin/Projects/TCZ-research/water point GIS/LGATE017 north permanent.shp,38.000000000000000,,,,
-464132.958167486,-1963403.43895063,"1",WaterBody,,,"201401292217","2",Perennial,"1",Manmade,,"-99",Unknown,"-98",NotApplicable,"2",EarthDam,LGATE017_north_perm_artificial,/Users/293003c/Library/CloudStorage/OneDrive-Curtin/Projects/TCZ-research/water point GIS/LGATE017 north permanent.shp,41.000000000000000,,,,
-467171.749278222,-1942640.0074241,"5",WaterPointStructure,,,"200702071938","-99",Unknown,"1",Manmade,,"-99",Unknown,"-98",NotApplicable,"4",Tank,LGATE017_north_perm_artificial,/Users/293003c/Library/CloudStorage/OneDrive-Curtin/Projects/TCZ-research/water point GIS/LGATE017 north permanent.shp,44.000000000000000,,,,
-483160.850805266,-1998107.11909303,"3",Spring,,,"200702071938","2",Perennial,"2",Natural,,"-99",Unknown,"-99",Unknown,"-98",NotApplicable,LGATE017_north_perm_artificial,/Users/293003c/Library/CloudStorage/OneDrive-Curtin/Projects/TCZ-research/water point GIS/LGATE017 north permanent.shp,39.000000000000000,,,,
-434279.271407215,-1966960.92650576,"1",WaterBody,,,"200702071938","2",Perennial,"2",Natural,,"-99",Unknown,"-99",Unknown,"5",Pool,LGATE017_north_perm_artificial,/Users/293003c/Library/CloudStorage/OneDrive-Curtin/Projects/TCZ-research/water point GIS/LGATE017 north permanent.shp,37.000000000000000,"1",,,
-581544.43118813,-1944868.07999346,"3",Spring,,,"200702071938","2",Perennial,"2",Natural,,"-99",Unknown,"-99",Unknown,"-98",NotApplicable,LGATE017_north_perm_artificial,/Users/293003c/Library/CloudStorage/OneDrive-Curtin/Projects/TCZ-research/water point GIS/LGATE017 north permanent.shp,41.000000000000000,,,,
-551066.94754765,-2003908.44414145,"3",Spring,,,"200702071938","2",Perennial,"2",Natural,,"-99",Unknown,"-99",Unknown,"-98",NotApplicable,LGATE017_north_perm_artificial,/Users/293003c/Library/CloudStorage/OneDrive-Curtin/Projects/TCZ-research/water point GIS/LGATE017 north permanent.shp,41.000000000000000,,,,
-550561.767839934,-2003275.49430907,"3",Spring,,,"200702071938","2",Perennial,"2",Natural,,"-99",Unknown,"-99",Unknown,"-98",NotApplicable,LGATE017_north_perm_artificial,/Users/293003c/Library/CloudStorage/OneDrive-Curtin/Projects/TCZ-research/water point GIS/LGATE017 north permanent.shp,41.000000000000000,,,,
-427948.458877929,-2153582.62067684,"1",WaterBody,,,"200702071242","2",Perennial,"1",Manmade,,"-99",Unknown,"-99",Unknown,"2",EarthDam,LGATE017_north_perm_artificial,/Users/293003c/Library/CloudStorage/OneDrive-Curtin/Projects/TCZ-research/water point GIS/LGATE017 north permanent.shp,28.000000000000000,,,,
-390571.500143695,-2024356.94854167,"5",WaterPointStructure,,,"200702101818","-99",Unknown,"1",Manmade,,"-99",Unknown,"-98",NotApplicable,"7",Windmill,LGATE017_north_perm_artificial,/Users/293003c/Library/CloudStorage/OneDrive-Curtin/Projects/TCZ-research/water point GIS/LGATE017 north permanent.shp,31.000000000000000,,,,
-540864.262859804,-2013522.70460521,"3",Spring,,,"200702071938","2",Perennial,"2",Natural,,"-99",Unknown,"-99",Unknown,"-98",NotApplicable,LGATE017_north_perm_artificial,/Users/293003c/Library/CloudStorage/OneDrive-Curtin/Projects/TCZ-research/water point GIS/LGATE017 north permanent.shp,38.000000000000000,,,,
-394171.370054621,-2183799.12835427,"5",WaterPointStructure,McGuire Bore,McGuire Bore,"200702101818","-99",Unknown,"1",Manmade,,"-99",Unknown,"-98",NotApplicable,"1",Bore,LGATE017_north_perm_artificial,/Users/293003c/Library/CloudStorage/OneDrive-Curtin/Projects/TCZ-research/water point GIS/LGATE017 north permanent.shp,27.000000000000000,,,,
-369764.556689472,-2005285.16888373,"5",WaterPointStructure,,,"200702101818","-99",Unknown,"1",Manmade,,"-99",Unknown,"-98",NotApplicable,"7",Windmill,LGATE017_north_perm_artificial,/Users/293003c/Library/CloudStorage/OneDrive-Curtin/Projects/TCZ-research/water point GIS/LGATE017 north permanent.shp,32.000000000000000,,,,
-505766.442605557,-1964974.33731367,"3",Spring,,,"200702071938","2",Perennial,"2",Natural,,"-99",Unknown,"-99",Unknown,"-98",NotApplicable,LGATE017_north_perm_artificial,/Users/293003c/Library/CloudStorage/OneDrive-Curtin/Projects/TCZ-research/water point GIS/LGATE017 north permanent.shp,42.000000000000000,,,,
-564898.022105473,-1944377.01455721,"5",WaterPointStructure,,,"200702071938","-99",Unknown,"1",Manmade,,"-99",Unknown,"-98",NotApplicable,"1",Bore,LGATE017_north_perm_artificial,/Users/293003c/Library/CloudStorage/OneDrive-Curtin/Projects/TCZ-research/water point GIS/LGATE017 north permanent.shp,43.000000000000000,,,,
-523937.587393677,-1998138.42039072,"5",WaterPointStructure,,,"200702071938","-99",Unknown,"1",Manmade,,"-99",Unknown,"-98",NotApplicable,"4",Tank,LGATE017_north_perm_artificial,/Users/293003c/Library/CloudStorage/OneDrive-Curtin/Projects/TCZ-research/water point GIS/LGATE017 north permanent.shp,38.000000000000000,,,,
-441907.266897218,-1945605.10391532,"5",WaterPointStructure,,,"200702071938","-99",Unknown,"1",Manmade,,"-99",Unknown,"-98",NotApplicable,"7",Windmill,LGATE017_north_perm_artificial,/Users/293003c/Library/CloudStorage/OneDrive-Curtin/Projects/TCZ-research/water point GIS/LGATE017 north permanent.shp,41.000000000000000,"1",,,
-588962.517806789,-1942857.32275152,"4",Waterfall,,,"200702071938","2",Perennial,"2",Natural,,"-98",NotApplicable,"-99",Unknown,"-98",NotApplicable,LGATE017_north_perm_artificial,/Users/293003c/Library/CloudStorage/OneDrive-Curtin/Projects/TCZ-research/water point GIS/LGATE017 north permanent.shp,43.000000000000000,,,,
-446716.855777594,-1973075.32029384,"1",WaterBody,,,"200702071938","2",Perennial,"2",Natural,,"-99",Unknown,"-99",Unknown,"5",Pool,LGATE017_north_perm_artificial,/Users/293003c/Library/CloudStorage/OneDrive-Curtin/Projects/TCZ-research/water point GIS/LGATE017 north permanent.shp,38.000000000000000,"1",,,
-488150.23001991,-2031713.09798826,"5",WaterPointStructure,,,"200702071938","-99",Unknown,"1",Manmade,,"-99",Unknown,"-98",NotApplicable,"1",Bore,LGATE017_north_perm_artificial,/Users/293003c/Library/CloudStorage/OneDrive-Curtin/Projects/TCZ-research/water point GIS/LGATE017 north permanent.shp,37.000000000000000,,,,
-585492.734373975,-1944591.14171314,"5",WaterPointStructure,,,"200702071938","-99",Unknown,"1",Manmade,,"-99",Unknown,"-98",NotApplicable,"1",Bore,LGATE017_north_perm_artificial,/Users/293003c/Library/CloudStorage/OneDrive-Curtin/Projects/TCZ-research/water point GIS/LGATE017 north permanent.shp,41.000000000000000,,,,
-590188.841588664,-1982423.10540971,"3",Spring,,,"200702071938","2",Perennial,"2",Natural,,"-99",Unknown,"-99",Unknown,"-98",NotApplicable,LGATE017_north_perm_artificial,/Users/293003c/Library/CloudStorage/OneDrive-Curtin/Projects/TCZ-research/water point GIS/LGATE017 north permanent.shp,41.000000000000000,,,,
-464703.137007418,-1964228.95905489,"5",WaterPointStructure,,,"200702071938","-99",Unknown,"1",Manmade,,"-99",Unknown,"-98",NotApplicable,"7",Windmill,LGATE017_north_perm_artificial,/Users/293003c/Library/CloudStorage/OneDrive-Curtin/Projects/TCZ-research/water point GIS/LGATE017 north permanent.shp,41.000000000000000,,,,
-518772.6091592,-1928798.59792759,"4",Waterfall,,,"200702071938","2",Perennial,"2",Natural,,"-98",NotApplicable,"-99",Unknown,"-98",NotApplicable,LGATE017_north_perm_artificial,/Users/293003c/Library/CloudStorage/OneDrive-Curtin/Projects/TCZ-research/water point GIS/LGATE017 north permanent.shp,46.000000000000000,,,,
-447565.255775314,-1984297.16434699,"1",WaterBody,,,"200702071938","2",Perennial,"2",Natural,,"-99",Unknown,"-99",Unknown,"5",Pool,LGATE017_north_perm_artificial,/Users/293003c/Library/CloudStorage/OneDrive-Curtin/Projects/TCZ-research/water point GIS/LGATE017 north permanent.shp,38.000000000000000,"1",,,
-567299.443979498,-1988105.92558564,"3",Spring,,,"200702071938","2",Perennial,"2",Natural,,"-99",Unknown,"-99",Unknown,"-98",NotApplicable,LGATE017_north_perm_artificial,/Users/293003c/Library/CloudStorage/OneDrive-Curtin/Projects/TCZ-research/water point GIS/LGATE017 north permanent.shp,37.000000000000000,,,,
-556098.244212081,-1952945.22039111,"5",WaterPointStructure,,,"200702071938","-99",Unknown,"1",Manmade,,"-99",Unknown,"-98",NotApplicable,"1",Bore,LGATE017_north_perm_artificial,/Users/293003c/Library/CloudStorage/OneDrive-Curtin/Projects/TCZ-research/water point GIS/LGATE017 north permanent.shp,42.000000000000000,,,,
-439896.285464105,-1981144.38653728,"1",WaterBody,,,"200702071938","2",Perennial,"2",Natural,,"-99",Unknown,"-99",Unknown,"5",Pool,LGATE017_north_perm_artificial,/Users/293003c/Library/CloudStorage/OneDrive-Curtin/Projects/TCZ-research/water point GIS/LGATE017 north permanent.shp,38.000000000000000,"1",,,
-601909.810328353,-1976327.07385359,"3",Spring,,,"200702071938","2",Perennial,"2",Natural,,"-99",Unknown,"-99",Unknown,"-98",NotApplicable,LGATE017_north_perm_artificial,/Users/293003c/Library/CloudStorage/OneDrive-Curtin/Projects/TCZ-research/water point GIS/LGATE017 north permanent.shp,40.000000000000000,,,,
-563004.938396527,-1999880.40685716,"5",WaterPointStructure,,,"200702071938","-99",Unknown,"1",Manmade,,"-99",Unknown,"-98",NotApplicable,"1",Bore,LGATE017_north_perm_artificial,/Users/293003c/Library/CloudStorage/OneDrive-Curtin/Projects/TCZ-research/water point GIS/LGATE017 north permanent.shp,39.000000000000000,,,,
-468278.432346281,-1964327.56878579,"1",WaterBody,,,"201401292217","2",Perennial,"1",Manmade,,"-99",Unknown,"-98",NotApplicable,"2",EarthDam,LGATE017_north_perm_artificial,/Users/293003c/Library/CloudStorage/OneDrive-Curtin/Projects/TCZ-research/water point GIS/LGATE017 north permanent.shp,41.000000000000000,,,,
-496765.842613838,-1975978.43507652,"1",WaterBody,,,"200702071938","2",Perennial,"2",Natural,,"-99",Unknown,"-99",Unknown,"5",Pool,LGATE017_north_perm_artificial,/Users/293003c/Library/CloudStorage/OneDrive-Curtin/Projects/TCZ-research/water point GIS/LGATE017 north permanent.shp,41.000000000000000,,,,
-568655.995339829,-1960069.81299651,"5",WaterPointStructure,,,"200702071938","-99",Unknown,"1",Manmade,,"-99",Unknown,"-98",NotApplicable,"1",Bore,LGATE017_north_perm_artificial,/Users/293003c/Library/CloudStorage/OneDrive-Curtin/Projects/TCZ-research/water point GIS/LGATE017 north permanent.shp,42.000000000000000,,,,
-535937.701627449,-2046985.3930574,"3",Spring,,,"200702071241","2",Perennial,"2",Natural,,"-99",Unknown,"-99",Unknown,"-98",NotApplicable,LGATE017_north_perm_artificial,/Users/293003c/Library/CloudStorage/OneDrive-Curtin/Projects/TCZ-research/water point GIS/LGATE017 north permanent.shp,36.000000000000000,,,,
-548976.23326378,-2046628.62085087,"3",Spring,,,"200702071241","2",Perennial,"2",Natural,,"-99",Unknown,"-99",Unknown,"-98",NotApplicable,LGATE017_north_perm_artificial,/Users/293003c/Library/CloudStorage/OneDrive-Curtin/Projects/TCZ-research/water point GIS/LGATE017 north permanent.shp,35.000000000000000,,,,
-598070.237998514,-1945318.34488615,"5",WaterPointStructure,,,"200702071938","-99",Unknown,"1",Manmade,,"-99",Unknown,"-98",NotApplicable,"1",Bore,LGATE017_north_perm_artificial,/Users/293003c/Library/CloudStorage/OneDrive-Curtin/Projects/TCZ-research/water point GIS/LGATE017 north permanent.shp,41.000000000000000,,,,
-441679.627323273,-2160159.72309158,"5",WaterPointStructure,Robbys Bore,Robbys Bore,"200702101818","-99",Unknown,"1",Manmade,,"-99",Unknown,"-98",NotApplicable,"1",Bore,LGATE017_north_perm_artificial,/Users/293003c/Library/CloudStorage/OneDrive-Curtin/Projects/TCZ-research/water point GIS/LGATE017 north permanent.shp,26.000000000000000,,,,
-554460.230013362,-1972504.21172289,"4",Waterfall,,,"200702071938","2",Perennial,"2",Natural,,"-98",NotApplicable,"-99",Unknown,"-98",NotApplicable,LGATE017_north_perm_artificial,/Users/293003c/Library/CloudStorage/OneDrive-Curtin/Projects/TCZ-research/water point GIS/LGATE017 north permanent.shp,39.000000000000000,,,,
-348410.771767059,-1924414.32871545,"5",WaterPointStructure,Drews Bore,Drews Bore,"200702101818","-99",Unknown,"1",Manmade,,"-99",Unknown,"-98",NotApplicable,"1",Bore,LGATE017_north_perm_artificial,/Users/293003c/Library/CloudStorage/OneDrive-Curtin/Projects/TCZ-research/water point GIS/LGATE017 north permanent.shp,36.000000000000000,"1",,,
-589350.876931534,-1978528.74523963,"5",WaterPointStructure,,,"200702071938","-99",Unknown,"1",Manmade,,"-99",Unknown,"-98",NotApplicable,"1",Bore,LGATE017_north_perm_artificial,/Users/293003c/Library/CloudStorage/OneDrive-Curtin/Projects/TCZ-research/water point GIS/LGATE017 north permanent.shp,41.000000000000000,,,,
-498956.597292301,-2001403.74968612,"5",WaterPointStructure,,,"200702071938","-99",Unknown,"1",Manmade,,"-99",Unknown,"-98",NotApplicable,"4",Tank,LGATE017_north_perm_artificial,/Users/293003c/Library/CloudStorage/OneDrive-Curtin/Projects/TCZ-research/water point GIS/LGATE017 north permanent.shp,39.000000000000000,,,,
-455553.401520986,-1953391.71175258,"5",WaterPointStructure,,,"200702071938","-99",Unknown,"1",Manmade,,"-99",Unknown,"-98",NotApplicable,"1",Bore,LGATE017_north_perm_artificial,/Users/293003c/Library/CloudStorage/OneDrive-Curtin/Projects/TCZ-research/water point GIS/LGATE017 north permanent.shp,41.000000000000000,"1",,,
-440024.347732447,-1975340.8704646,"1",WaterBody,,,"200702071938","2",Perennial,"2",Natural,,"-99",Unknown,"-99",Unknown,"5",Pool,LGATE017_north_perm_artificial,/Users/293003c/Library/CloudStorage/OneDrive-Curtin/Projects/TCZ-research/water point GIS/LGATE017 north permanent.shp,38.000000000000000,"1",,,
-467717.110969899,-1964709.89002053,"1",WaterBody,,,"201401292217","2",Perennial,"1",Manmade,,"-99",Unknown,"-98",NotApplicable,"2",EarthDam,LGATE017_north_perm_artificial,/Users/293003c/Library/CloudStorage/OneDrive-Curtin/Projects/TCZ-research/water point GIS/LGATE017 north permanent.shp,41.000000000000000,,,,
-418816.062878584,-1926956.43587242,"1",WaterBody,,,"200702071938","2",Perennial,"2",Natural,,"-99",Unknown,"-99",Unknown,"5",Pool,LGATE017_north_perm_artificial,/Users/293003c/Library/CloudStorage/OneDrive-Curtin/Projects/TCZ-research/water point GIS/LGATE017 north permanent.shp,46.000000000000000,"1",,,
-569864.430412492,-1986311.59292754,"3",Spring,,,"200702071938","2",Perennial,"2",Natural,,"-99",Unknown,"-99",Unknown,"-98",NotApplicable,LGATE017_north_perm_artificial,/Users/293003c/Library/CloudStorage/OneDrive-Curtin/Projects/TCZ-research/water point GIS/LGATE017 north permanent.shp,37.000000000000000,,,,
-330348.642519688,-1939218.5294188,"5",WaterPointStructure,No. 2 Bore,No. 2 Bore,"200702101818","-99",Unknown,"1",Manmade,,"-99",Unknown,"-98",NotApplicable,"1",Bore,LGATE017_north_perm_artificial,/Users/293003c/Library/CloudStorage/OneDrive-Curtin/Projects/TCZ-research/water point GIS/LGATE017 north permanent.shp,36.000000000000000,"1",,,
-438427.967237594,-1964942.92777997,"5",WaterPointStructure,,,"200702071938","-99",Unknown,"1",Manmade,,"-99",Unknown,"-98",NotApplicable,"4",Tank,LGATE017_north_perm_artificial,/Users/293003c/Library/CloudStorage/OneDrive-Curtin/Projects/TCZ-research/water point GIS/LGATE017 north permanent.shp,39.000000000000000,"1",,,
-494034.1718706,-2022327.69618023,"5",WaterPointStructure,,,"200702071938","-99",Unknown,"1",Manmade,,"-99",Unknown,"-98",NotApplicable,"7",Windmill,LGATE017_north_perm_artificial,/Users/293003c/Library/CloudStorage/OneDrive-Curtin/Projects/TCZ-research/water point GIS/LGATE017 north permanent.shp,38.000000000000000,,,,
-556623.847947781,-1976513.16805351,"4",Waterfall,,,"200702071938","2",Perennial,"2",Natural,,"-98",NotApplicable,"-99",Unknown,"-98",NotApplicable,LGATE017_north_perm_artificial,/Users/293003c/Library/CloudStorage/OneDrive-Curtin/Projects/TCZ-research/water point GIS/LGATE017 north permanent.shp,39.000000000000000,,,,
-530977.063852774,-2025787.43666881,"3",Spring,,,"200702071938","2",Perennial,"2",Natural,,"-99",Unknown,"-99",Unknown,"-98",NotApplicable,LGATE017_north_perm_artificial,/Users/293003c/Library/CloudStorage/OneDrive-Curtin/Projects/TCZ-research/water point GIS/LGATE017 north permanent.shp,37.000000000000000,,,,
-504723.952061361,-2028160.02211913,"5",WaterPointStructure,,,"200702071938","-99",Unknown,"1",Manmade,,"-99",Unknown,"-98",NotApplicable,"8",WellAndWindmill,LGATE017_north_perm_artificial,/Users/293003c/Library/CloudStorage/OneDrive-Curtin/Projects/TCZ-research/water point GIS/LGATE017 north permanent.shp,37.000000000000000,,,,
-444600.695473826,-1973863.29240865,"1",WaterBody,,,"200702071938","2",Perennial,"2",Natural,,"-99",Unknown,"-99",Unknown,"5",Pool,LGATE017_north_perm_artificial,/Users/293003c/Library/CloudStorage/OneDrive-Curtin/Projects/TCZ-research/water point GIS/LGATE017 north permanent.shp,38.000000000000000,"1",,,
-576633.034877515,-1984669.05521841,"4",Waterfall,,,"200702071938","2",Perennial,"2",Natural,,"-98",NotApplicable,"-99",Unknown,"-98",NotApplicable,LGATE017_north_perm_artificial,/Users/293003c/Library/CloudStorage/OneDrive-Curtin/Projects/TCZ-research/water point GIS/LGATE017 north permanent.shp,37.000000000000000,,,,
-486526.860720428,-1997408.38755451,"5",WaterPointStructure,,,"200702071938","-99",Unknown,"1",Manmade,,"-99",Unknown,"-98",NotApplicable,"1",Bore,LGATE017_north_perm_artificial,/Users/293003c/Library/CloudStorage/OneDrive-Curtin/Projects/TCZ-research/water point GIS/LGATE017 north permanent.shp,39.000000000000000,,,,
-426598.728440247,-1942988.99102302,"3",Spring,,,"200702071938","2",Perennial,"2",Natural,,"-99",Unknown,"-99",Unknown,"-98",NotApplicable,LGATE017_north_perm_artificial,/Users/293003c/Library/CloudStorage/OneDrive-Curtin/Projects/TCZ-research/water point GIS/LGATE017 north permanent.shp,39.000000000000000,"1",,,
-459581.149241661,-1977137.99454704,"1",WaterBody,,,"200702071938","2",Perennial,"1",Manmade,,"-99",Unknown,"-99",Unknown,"2",EarthDam,LGATE017_north_perm_artificial,/Users/293003c/Library/CloudStorage/OneDrive-Curtin/Projects/TCZ-research/water point GIS/LGATE017 north permanent.shp,41.000000000000000,,,,
-440273.504239486,-1976079.99212566,"1",WaterBody,,,"200702071938","2",Perennial,"2",Natural,,"-99",Unknown,"-99",Unknown,"5",Pool,LGATE017_north_perm_artificial,/Users/293003c/Library/CloudStorage/OneDrive-Curtin/Projects/TCZ-research/water point GIS/LGATE017 north permanent.shp,38.000000000000000,"1",,,
-448510.028425956,-1949278.7775946,"5",WaterPointStructure,,,"200702071938","-99",Unknown,"1",Manmade,,"-99",Unknown,"-98",NotApplicable,"4",Tank,LGATE017_north_perm_artificial,/Users/293003c/Library/CloudStorage/OneDrive-Curtin/Projects/TCZ-research/water point GIS/LGATE017 north permanent.shp,41.000000000000000,"1",,,
-552461.640906285,-2001116.58156022,"3",Spring,,,"200702071938","2",Perennial,"2",Natural,,"-99",Unknown,"-99",Unknown,"-98",NotApplicable,LGATE017_north_perm_artificial,/Users/293003c/Library/CloudStorage/OneDrive-Curtin/Projects/TCZ-research/water point GIS/LGATE017 north permanent.shp,41.000000000000000,,,,
-552407.129842565,-1979774.40234541,"3",Spring,,,"200702071938","2",Perennial,"2",Natural,,"-99",Unknown,"-99",Unknown,"-98",NotApplicable,LGATE017_north_perm_artificial,/Users/293003c/Library/CloudStorage/OneDrive-Curtin/Projects/TCZ-research/water point GIS/LGATE017 north permanent.shp,40.000000000000000,,,,
-521361.376509599,-1996418.83004659,"5",WaterPointStructure,,,"200702071938","-99",Unknown,"1",Manmade,,"-99",Unknown,"-98",NotApplicable,"4",Tank,LGATE017_north_perm_artificial,/Users/293003c/Library/CloudStorage/OneDrive-Curtin/Projects/TCZ-research/water point GIS/LGATE017 north permanent.shp,39.000000000000000,,,,
-530845.121372994,-1999917.59443217,"1",WaterBody,,,"200702071938","2",Perennial,"1",Manmade,,"-99",Unknown,"-99",Unknown,"2",EarthDam,LGATE017_north_perm_artificial,/Users/293003c/Library/CloudStorage/OneDrive-Curtin/Projects/TCZ-research/water point GIS/LGATE017 north permanent.shp,38.000000000000000,,,,
-554428.681637858,-1992420.67404308,"5",WaterPointStructure,,,"200702071938","-99",Unknown,"1",Manmade,,"-99",Unknown,"-98",NotApplicable,"1",Bore,LGATE017_north_perm_artificial,/Users/293003c/Library/CloudStorage/OneDrive-Curtin/Projects/TCZ-research/water point GIS/LGATE017 north permanent.shp,37.000000000000000,,,,
-461285.712717849,-1948801.62310075,"1",WaterBody,,,"200702071938","2",Perennial,"1",Manmade,,"-99",Unknown,"-99",Unknown,"2",EarthDam,LGATE017_north_perm_artificial,/Users/293003c/Library/CloudStorage/OneDrive-Curtin/Projects/TCZ-research/water point GIS/LGATE017 north permanent.shp,44.000000000000000,,,,
-591050.430986478,-1969741.20218944,"3",Spring,,,"200702071938","2",Perennial,"2",Natural,,"-99",Unknown,"-99",Unknown,"-98",NotApplicable,LGATE017_north_perm_artificial,/Users/293003c/Library/CloudStorage/OneDrive-Curtin/Projects/TCZ-research/water point GIS/LGATE017 north permanent.shp,38.000000000000000,,,,
-613906.162916672,-2069485.57096268,"3",Spring,,,"200702071241","2",Perennial,"2",Natural,,"-99",Unknown,"-99",Unknown,"-98",NotApplicable,LGATE017_north_perm_artificial,/Users/293003c/Library/CloudStorage/OneDrive-Curtin/Projects/TCZ-research/water point GIS/LGATE017 north permanent.shp,31.000000000000000,,,,
-447670.943656099,-1978591.99305783,"1",WaterBody,,,"200702071938","2",Perennial,"2",Natural,,"-99",Unknown,"-99",Unknown,"5",Pool,LGATE017_north_perm_artificial,/Users/293003c/Library/CloudStorage/OneDrive-Curtin/Projects/TCZ-research/water point GIS/LGATE017 north permanent.shp,38.000000000000000,"1",,,
-550702.317065815,-1939315.58538335,"4",Waterfall,,,"200702071938","2",Perennial,"2",Natural,,"-98",NotApplicable,"-99",Unknown,"-98",NotApplicable,LGATE017_north_perm_artificial,/Users/293003c/Library/CloudStorage/OneDrive-Curtin/Projects/TCZ-research/water point GIS/LGATE017 north permanent.shp,44.000000000000000,,,,
-560578.666470023,-1976269.26369763,"4",Waterfall,,,"200702071938","2",Perennial,"2",Natural,,"-98",NotApplicable,"-99",Unknown,"-98",NotApplicable,LGATE017_north_perm_artificial,/Users/293003c/Library/CloudStorage/OneDrive-Curtin/Projects/TCZ-research/water point GIS/LGATE017 north permanent.shp,39.000000000000000,,,,
-551965.529480207,-2013259.14799321,"5",WaterPointStructure,,,"201005241756","-99",Unknown,"1",Manmade,,"-99",Unknown,"-98",NotApplicable,"4",Tank,LGATE017_north_perm_artificial,/Users/293003c/Library/CloudStorage/OneDrive-Curtin/Projects/TCZ-research/water point GIS/LGATE017 north permanent.shp,37.000000000000000,,,,
-551977.273901438,-1979522.00617311,"3",Spring,,,"200702071938","2",Perennial,"2",Natural,,"-99",Unknown,"-99",Unknown,"-98",NotApplicable,LGATE017_north_perm_artificial,/Users/293003c/Library/CloudStorage/OneDrive-Curtin/Projects/TCZ-research/water point GIS/LGATE017 north permanent.shp,40.000000000000000,,,,
-428317.212526443,-2012919.73345377,"1",WaterBody,,,"201311201723","2",Perennial,"1",Manmade,,"-99",Unknown,"-98",NotApplicable,"2",EarthDam,LGATE017_north_perm_artificial,/Users/293003c/Library/CloudStorage/OneDrive-Curtin/Projects/TCZ-research/water point GIS/LGATE017 north permanent.shp,35.000000000000000,,,,
-575119.229191376,-1945622.93646759,"5",WaterPointStructure,,,"200702071938","-99",Unknown,"1",Manmade,,"-99",Unknown,"-98",NotApplicable,"1",Bore,LGATE017_north_perm_artificial,/Users/293003c/Library/CloudStorage/OneDrive-Curtin/Projects/TCZ-research/water point GIS/LGATE017 north permanent.shp,43.000000000000000,,,,
-592806.277070452,-1967681.65865468,"4",Waterfall,,,"200702071938","2",Perennial,"2",Natural,,"-98",NotApplicable,"-99",Unknown,"-98",NotApplicable,LGATE017_north_perm_artificial,/Users/293003c/Library/CloudStorage/OneDrive-Curtin/Projects/TCZ-research/water point GIS/LGATE017 north permanent.shp,38.000000000000000,,,,
-445660.347462738,-1983406.46415806,"1",WaterBody,,,"200702071938","2",Perennial,"2",Natural,,"-99",Unknown,"-99",Unknown,"5",Pool,LGATE017_north_perm_artificial,/Users/293003c/Library/CloudStorage/OneDrive-Curtin/Projects/TCZ-research/water point GIS/LGATE017 north permanent.shp,38.000000000000000,"1",,,
-536528.811029731,-1953890.99972856,"3",Spring,,,"200702071938","2",Perennial,"2",Natural,,"-99",Unknown,"-99",Unknown,"-98",NotApplicable,LGATE017_north_perm_artificial,/Users/293003c/Library/CloudStorage/OneDrive-Curtin/Projects/TCZ-research/water point GIS/LGATE017 north permanent.shp,41.000000000000000,,,,
-580779.151874355,-1943168.89705319,"4",Waterfall,,,"200702071938","2",Perennial,"2",Natural,,"-98",NotApplicable,"-99",Unknown,"-98",NotApplicable,LGATE017_north_perm_artificial,/Users/293003c/Library/CloudStorage/OneDrive-Curtin/Projects/TCZ-research/water point GIS/LGATE017 north permanent.shp,41.000000000000000,,,,
-558952.46399388,-1978595.7485667,"4",Waterfall,,,"200702071938","2",Perennial,"2",Natural,,"-98",NotApplicable,"-99",Unknown,"-98",NotApplicable,LGATE017_north_perm_artificial,/Users/293003c/Library/CloudStorage/OneDrive-Curtin/Projects/TCZ-research/water point GIS/LGATE017 north permanent.shp,39.000000000000000,,,,
-462008.563359234,-1971838.33377454,"1",WaterBody,,,"200702071938","2",Perennial,"2",Natural,,"-99",Unknown,"-99",Unknown,"5",Pool,LGATE017_north_perm_artificial,/Users/293003c/Library/CloudStorage/OneDrive-Curtin/Projects/TCZ-research/water point GIS/LGATE017 north permanent.shp,41.000000000000000,,,,
-497445.901026953,-1961414.87466901,"3",Spring,,,"200702071938","2",Perennial,"2",Natural,,"-99",Unknown,"-99",Unknown,"-98",NotApplicable,LGATE017_north_perm_artificial,/Users/293003c/Library/CloudStorage/OneDrive-Curtin/Projects/TCZ-research/water point GIS/LGATE017 north permanent.shp,42.000000000000000,,,,
-461421.429651537,-1948812.41593408,"5",WaterPointStructure,,,"200702071938","-99",Unknown,"1",Manmade,,"-99",Unknown,"-98",NotApplicable,"4",Tank,LGATE017_north_perm_artificial,/Users/293003c/Library/CloudStorage/OneDrive-Curtin/Projects/TCZ-research/water point GIS/LGATE017 north permanent.shp,44.000000000000000,,,,
-436531.761548745,-1971973.58268631,"1",WaterBody,,,"200702071938","2",Perennial,"2",Natural,,"-99",Unknown,"-99",Unknown,"5",Pool,LGATE017_north_perm_artificial,/Users/293003c/Library/CloudStorage/OneDrive-Curtin/Projects/TCZ-research/water point GIS/LGATE017 north permanent.shp,37.000000000000000,"1",,,
-540732.016452616,-1967746.58484101,"4",Waterfall,,,"200702071938","2",Perennial,"2",Natural,,"-98",NotApplicable,"-99",Unknown,"-98",NotApplicable,LGATE017_north_perm_artificial,/Users/293003c/Library/CloudStorage/OneDrive-Curtin/Projects/TCZ-research/water point GIS/LGATE017 north permanent.shp,42.000000000000000,,,,
-604962.102231027,-2034642.34546668,"5",WaterPointStructure,,,"201303181734","-99",Unknown,"1",Manmade,,"-99",Unknown,"-98",NotApplicable,"4",Tank,LGATE017_north_perm_artificial,/Users/293003c/Library/CloudStorage/OneDrive-Curtin/Projects/TCZ-research/water point GIS/LGATE017 north permanent.shp,33.000000000000000,,,,
-444832.566926005,-1928226.6909295,"5",WaterPointStructure,,,"200702071938","-99",Unknown,"1",Manmade,,"-99",Unknown,"-98",NotApplicable,"7",Windmill,LGATE017_north_perm_artificial,/Users/293003c/Library/CloudStorage/OneDrive-Curtin/Projects/TCZ-research/water point GIS/LGATE017 north permanent.shp,42.000000000000000,"1",,,
-580800.104447559,-1981443.20022109,"3",Spring,,,"200702071938","2",Perennial,"2",Natural,,"-99",Unknown,"-99",Unknown,"-98",NotApplicable,LGATE017_north_perm_artificial,/Users/293003c/Library/CloudStorage/OneDrive-Curtin/Projects/TCZ-research/water point GIS/LGATE017 north permanent.shp,41.000000000000000,,,,
-443792.001454274,-1974500.07440684,"1",WaterBody,,,"200702071938","2",Perennial,"2",Natural,,"-99",Unknown,"-99",Unknown,"5",Pool,LGATE017_north_perm_artificial,/Users/293003c/Library/CloudStorage/OneDrive-Curtin/Projects/TCZ-research/water point GIS/LGATE017 north permanent.shp,38.000000000000000,"1",,,
-559319.774096113,-1976127.14527791,"4",Waterfall,,,"200702071938","2",Perennial,"2",Natural,,"-98",NotApplicable,"-99",Unknown,"-98",NotApplicable,LGATE017_north_perm_artificial,/Users/293003c/Library/CloudStorage/OneDrive-Curtin/Projects/TCZ-research/water point GIS/LGATE017 north permanent.shp,39.000000000000000,,,,
-487204.768711802,-2040925.47771574,"5",WaterPointStructure,,,"200702071938","-99",Unknown,"1",Manmade,,"-99",Unknown,"-98",NotApplicable,"1",Bore,LGATE017_north_perm_artificial,/Users/293003c/Library/CloudStorage/OneDrive-Curtin/Projects/TCZ-research/water point GIS/LGATE017 north permanent.shp,36.000000000000000,,,,
-563775.853941737,-1975937.61229582,"4",Waterfall,,,"200702071938","2",Perennial,"2",Natural,,"-98",NotApplicable,"-99",Unknown,"-98",NotApplicable,LGATE017_north_perm_artificial,/Users/293003c/Library/CloudStorage/OneDrive-Curtin/Projects/TCZ-research/water point GIS/LGATE017 north permanent.shp,39.000000000000000,,,,
-406670.553014163,-2077156.60572003,"5",WaterPointStructure,S.C.A. Bore,S.C.A. Bore,"200702101818","-99",Unknown,"1",Manmade,,"-99",Unknown,"-98",NotApplicable,"2",BoreAndWindmill,LGATE017_north_perm_artificial,/Users/293003c/Library/CloudStorage/OneDrive-Curtin/Projects/TCZ-research/water point GIS/LGATE017 north permanent.shp,31.000000000000000,,,,
-571832.133259151,-1986454.69110823,"3",Spring,,,"200702071938","2",Perennial,"2",Natural,,"-99",Unknown,"-99",Unknown,"-98",NotApplicable,LGATE017_north_perm_artificial,/Users/293003c/Library/CloudStorage/OneDrive-Curtin/Projects/TCZ-research/water point GIS/LGATE017 north permanent.shp,37.000000000000000,,,,
-527614.214316594,-1999650.34906272,"1",WaterBody,,,"200702071938","2",Perennial,"1",Manmade,,"-99",Unknown,"-99",Unknown,"2",EarthDam,LGATE017_north_perm_artificial,/Users/293003c/Library/CloudStorage/OneDrive-Curtin/Projects/TCZ-research/water point GIS/LGATE017 north permanent.shp,38.000000000000000,,,,
-549064.922057997,-1971006.00791451,"4",Waterfall,,,"200702071938","2",Perennial,"2",Natural,,"-98",NotApplicable,"-99",Unknown,"-98",NotApplicable,LGATE017_north_perm_artificial,/Users/293003c/Library/CloudStorage/OneDrive-Curtin/Projects/TCZ-research/water point GIS/LGATE017 north permanent.shp,40.000000000000000,,,,
-535853.63300233,-1939810.50048883,"3",Spring,,,"200702071938","2",Perennial,"2",Natural,,"-99",Unknown,"-99",Unknown,"-98",NotApplicable,LGATE017_north_perm_artificial,/Users/293003c/Library/CloudStorage/OneDrive-Curtin/Projects/TCZ-research/water point GIS/LGATE017 north permanent.shp,44.000000000000000,,,,
-578719.417084841,-1947519.45537718,"3",Spring,,,"200702071938","2",Perennial,"2",Natural,,"-99",Unknown,"-99",Unknown,"-98",NotApplicable,LGATE017_north_perm_artificial,/Users/293003c/Library/CloudStorage/OneDrive-Curtin/Projects/TCZ-research/water point GIS/LGATE017 north permanent.shp,41.000000000000000,,,,
-524409.923656234,-2006473.58678579,"5",WaterPointStructure,,,"200702071938","-99",Unknown,"1",Manmade,,"-99",Unknown,"-98",NotApplicable,"7",Windmill,LGATE017_north_perm_artificial,/Users/293003c/Library/CloudStorage/OneDrive-Curtin/Projects/TCZ-research/water point GIS/LGATE017 north permanent.shp,38.000000000000000,,,,
-556219.994400351,-1976953.10942521,"4",Waterfall,,,"200702071938","2",Perennial,"2",Natural,,"-98",NotApplicable,"-99",Unknown,"-98",NotApplicable,LGATE017_north_perm_artificial,/Users/293003c/Library/CloudStorage/OneDrive-Curtin/Projects/TCZ-research/water point GIS/LGATE017 north permanent.shp,39.000000000000000,,,,
-522852.402384094,-1933080.42226732,"3",Spring,,,"200702071938","2",Perennial,"2",Natural,,"-99",Unknown,"-99",Unknown,"-98",NotApplicable,LGATE017_north_perm_artificial,/Users/293003c/Library/CloudStorage/OneDrive-Curtin/Projects/TCZ-research/water point GIS/LGATE017 north permanent.shp,46.000000000000000,,,,
-446514.936000198,-1973229.29539309,"1",WaterBody,,,"200702071938","2",Perennial,"2",Natural,,"-99",Unknown,"-99",Unknown,"5",Pool,LGATE017_north_perm_artificial,/Users/293003c/Library/CloudStorage/OneDrive-Curtin/Projects/TCZ-research/water point GIS/LGATE017 north permanent.shp,38.000000000000000,"1",,,
-581574.090836797,-1944385.72228007,"4",Waterfall,,,"200702071938","2",Perennial,"2",Natural,,"-98",NotApplicable,"-99",Unknown,"-98",NotApplicable,LGATE017_north_perm_artificial,/Users/293003c/Library/CloudStorage/OneDrive-Curtin/Projects/TCZ-research/water point GIS/LGATE017 north permanent.shp,41.000000000000000,,,,
-466251.264172184,-2166444.85205891,"3",Spring,,,"200702071242","2",Perennial,"2",Natural,,"-99",Unknown,"-99",Unknown,"-98",NotApplicable,LGATE017_north_perm_artificial,/Users/293003c/Library/CloudStorage/OneDrive-Curtin/Projects/TCZ-research/water point GIS/LGATE017 north permanent.shp,26.000000000000000,,,,
-364471.083934104,-1947788.74528093,"5",WaterPointStructure,No. 10 Bore,No. 10 Bore,"200702101818","-99",Unknown,"1",Manmade,,"-99",Unknown,"-98",NotApplicable,"2",BoreAndWindmill,LGATE017_north_perm_artificial,/Users/293003c/Library/CloudStorage/OneDrive-Curtin/Projects/TCZ-research/water point GIS/LGATE017 north permanent.shp,36.000000000000000,"1",,,
-520936.245438412,-1939097.92535547,"3",Spring,,,"200702071938","2",Perennial,"2",Natural,,"-99",Unknown,"-99",Unknown,"-98",NotApplicable,LGATE017_north_perm_artificial,/Users/293003c/Library/CloudStorage/OneDrive-Curtin/Projects/TCZ-research/water point GIS/LGATE017 north permanent.shp,43.000000000000000,,,,
-552949.211387914,-1941082.77778906,"4",Waterfall,,,"200702071938","2",Perennial,"2",Natural,,"-98",NotApplicable,"-99",Unknown,"-98",NotApplicable,LGATE017_north_perm_artificial,/Users/293003c/Library/CloudStorage/OneDrive-Curtin/Projects/TCZ-research/water point GIS/LGATE017 north permanent.shp,44.000000000000000,,,,
-455107.391968523,-1942827.06238434,"5",WaterPointStructure,,,"200702071938","-99",Unknown,"1",Manmade,,"-99",Unknown,"-98",NotApplicable,"7",Windmill,LGATE017_north_perm_artificial,/Users/293003c/Library/CloudStorage/OneDrive-Curtin/Projects/TCZ-research/water point GIS/LGATE017 north permanent.shp,43.000000000000000,"1",,,
-537948.172994973,-1931349.11507237,"1",WaterBody,,,"200702071938","2",Perennial,"2",Natural,,"-99",Unknown,"-99",Unknown,"5",Pool,LGATE017_north_perm_artificial,/Users/293003c/Library/CloudStorage/OneDrive-Curtin/Projects/TCZ-research/water point GIS/LGATE017 north permanent.shp,47.000000000000000,,,,
-403796.030377911,-1930122.78259564,"1",WaterBody,,,"200702071241","2",Perennial,"2",Natural,,"-99",Unknown,"-99",Unknown,"5",Pool,LGATE017_north_perm_artificial,/Users/293003c/Library/CloudStorage/OneDrive-Curtin/Projects/TCZ-research/water point GIS/LGATE017 north permanent.shp,36.000000000000000,"1",,,
-520937.123989434,-1939215.21539137,"3",Spring,,,"200702071938","2",Perennial,"2",Natural,,"-99",Unknown,"-99",Unknown,"-98",NotApplicable,LGATE017_north_perm_artificial,/Users/293003c/Library/CloudStorage/OneDrive-Curtin/Projects/TCZ-research/water point GIS/LGATE017 north permanent.shp,43.000000000000000,,,,
-438026.267394041,-1936869.43661494,"5",WaterPointStructure,,,"200702071938","-99",Unknown,"1",Manmade,,"-99",Unknown,"-98",NotApplicable,"1",Bore,LGATE017_north_perm_artificial,/Users/293003c/Library/CloudStorage/OneDrive-Curtin/Projects/TCZ-research/water point GIS/LGATE017 north permanent.shp,41.000000000000000,"1",,,
-558940.744277925,-1977767.58525222,"4",Waterfall,,,"200702071938","2",Perennial,"2",Natural,,"-98",NotApplicable,"-99",Unknown,"-98",NotApplicable,LGATE017_north_perm_artificial,/Users/293003c/Library/CloudStorage/OneDrive-Curtin/Projects/TCZ-research/water point GIS/LGATE017 north permanent.shp,39.000000000000000,,,,
-540895.885173107,-1937277.7897743,"4",Waterfall,,,"200702071938","2",Perennial,"2",Natural,,"-98",NotApplicable,"-99",Unknown,"-98",NotApplicable,LGATE017_north_perm_artificial,/Users/293003c/Library/CloudStorage/OneDrive-Curtin/Projects/TCZ-research/water point GIS/LGATE017 north permanent.shp,47.000000000000000,,,,
-442084.721411865,-1975423.56395548,"1",WaterBody,,,"200702071938","2",Perennial,"2",Natural,,"-99",Unknown,"-99",Unknown,"5",Pool,LGATE017_north_perm_artificial,/Users/293003c/Library/CloudStorage/OneDrive-Curtin/Projects/TCZ-research/water point GIS/LGATE017 north permanent.shp,38.000000000000000,"1",,,
-547234.594534803,-1964681.98327251,"4",Waterfall,,,"200702071938","2",Perennial,"2",Natural,,"-98",NotApplicable,"-99",Unknown,"-98",NotApplicable,LGATE017_north_perm_artificial,/Users/293003c/Library/CloudStorage/OneDrive-Curtin/Projects/TCZ-research/water point GIS/LGATE017 north permanent.shp,40.000000000000000,,,,
-576738.744622863,-2028645.78002383,"5",WaterPointStructure,,,"200702071938","-99",Unknown,"1",Manmade,,"-99",Unknown,"-98",NotApplicable,"2",BoreAndWindmill,LGATE017_north_perm_artificial,/Users/293003c/Library/CloudStorage/OneDrive-Curtin/Projects/TCZ-research/water point GIS/LGATE017 north permanent.shp,35.000000000000000,,,,
-429975.97946976,-1957174.75010192,"1",WaterBody,,,"200702071938","2",Perennial,"2",Natural,,"-99",Unknown,"-99",Unknown,"5",Pool,LGATE017_north_perm_artificial,/Users/293003c/Library/CloudStorage/OneDrive-Curtin/Projects/TCZ-research/water point GIS/LGATE017 north permanent.shp,37.000000000000000,"1",,,
-549928.210373528,-2000301.40439664,"3",Spring,,,"200702071938","2",Perennial,"2",Natural,,"-99",Unknown,"-99",Unknown,"-98",NotApplicable,LGATE017_north_perm_artificial,/Users/293003c/Library/CloudStorage/OneDrive-Curtin/Projects/TCZ-research/water point GIS/LGATE017 north permanent.shp,41.000000000000000,,,,
-542547.952797667,-1930078.07903592,"4",Waterfall,,,"200702071938","2",Perennial,"2",Natural,,"-98",NotApplicable,"-99",Unknown,"-98",NotApplicable,LGATE017_north_perm_artificial,/Users/293003c/Library/CloudStorage/OneDrive-Curtin/Projects/TCZ-research/water point GIS/LGATE017 north permanent.shp,47.000000000000000,,,,
-451813.167081796,-1957695.45900118,"1",WaterBody,,,"200702071938","2",Perennial,"2",Natural,,"-99",Unknown,"-99",Unknown,"5",Pool,LGATE017_north_perm_artificial,/Users/293003c/Library/CloudStorage/OneDrive-Curtin/Projects/TCZ-research/water point GIS/LGATE017 north permanent.shp,43.000000000000000,"1",,,
-581016.072705806,-1944885.18560054,"3",Spring,,,"200702071938","2",Perennial,"2",Natural,,"-99",Unknown,"-99",Unknown,"-98",NotApplicable,LGATE017_north_perm_artificial,/Users/293003c/Library/CloudStorage/OneDrive-Curtin/Projects/TCZ-research/water point GIS/LGATE017 north permanent.shp,41.000000000000000,,,,
-508905.272587714,-2006435.95171816,"3",Spring,,,"200702071938","2",Perennial,"2",Natural,,"-99",Unknown,"-99",Unknown,"-98",NotApplicable,LGATE017_north_perm_artificial,/Users/293003c/Library/CloudStorage/OneDrive-Curtin/Projects/TCZ-research/water point GIS/LGATE017 north permanent.shp,38.000000000000000,,,,
-599384.001638427,-1945597.32149665,"5",WaterPointStructure,,,"200702071938","-99",Unknown,"1",Manmade,,"-99",Unknown,"-98",NotApplicable,"1",Bore,LGATE017_north_perm_artificial,/Users/293003c/Library/CloudStorage/OneDrive-Curtin/Projects/TCZ-research/water point GIS/LGATE017 north permanent.shp,41.000000000000000,,,,
-570084.682931967,-1980195.47583653,"3",Spring,,,"200702071938","2",Perennial,"2",Natural,,"-99",Unknown,"-99",Unknown,"-98",NotApplicable,LGATE017_north_perm_artificial,/Users/293003c/Library/CloudStorage/OneDrive-Curtin/Projects/TCZ-research/water point GIS/LGATE017 north permanent.shp,37.000000000000000,,,,
-527506.870447538,-1954290.39809171,"4",Waterfall,,,"200702071938","2",Perennial,"2",Natural,,"-98",NotApplicable,"-99",Unknown,"-98",NotApplicable,LGATE017_north_perm_artificial,/Users/293003c/Library/CloudStorage/OneDrive-Curtin/Projects/TCZ-research/water point GIS/LGATE017 north permanent.shp,50.000000000000000,,,,
-556606.317594259,-1978507.99266282,"4",Waterfall,,,"200702071938","2",Perennial,"2",Natural,,"-98",NotApplicable,"-99",Unknown,"-98",NotApplicable,LGATE017_north_perm_artificial,/Users/293003c/Library/CloudStorage/OneDrive-Curtin/Projects/TCZ-research/water point GIS/LGATE017 north permanent.shp,39.000000000000000,,,,
-575507.313522228,-1956420.5111402,"5",WaterPointStructure,,,"200702071938","-99",Unknown,"1",Manmade,,"-99",Unknown,"-98",NotApplicable,"1",Bore,LGATE017_north_perm_artificial,/Users/293003c/Library/CloudStorage/OneDrive-Curtin/Projects/TCZ-research/water point GIS/LGATE017 north permanent.shp,42.000000000000000,,,,
-450425.539044193,-2030634.83899153,"5",WaterPointStructure,Beau Desert Bore,Beau Desert Bore,"200702101818","-99",Unknown,"1",Manmade,,"-99",Unknown,"-98",NotApplicable,"1",Bore,LGATE017_north_perm_artificial,/Users/293003c/Library/CloudStorage/OneDrive-Curtin/Projects/TCZ-research/water point GIS/LGATE017 north permanent.shp,35.000000000000000,,,,
-489434.932196629,-2166556.47507875,"3",Spring,,,"200702071242","2",Perennial,"2",Natural,,"-99",Unknown,"-99",Unknown,"-98",NotApplicable,LGATE017_north_perm_artificial,/Users/293003c/Library/CloudStorage/OneDrive-Curtin/Projects/TCZ-research/water point GIS/LGATE017 north permanent.shp,26.000000000000000,,,,
-570396.45578765,-1983746.36861747,"5",WaterPointStructure,,,"200702071938","-99",Unknown,"1",Manmade,,"-99",Unknown,"-98",NotApplicable,"1",Bore,LGATE017_north_perm_artificial,/Users/293003c/Library/CloudStorage/OneDrive-Curtin/Projects/TCZ-research/water point GIS/LGATE017 north permanent.shp,37.000000000000000,,,,
-443602.570885308,-1974590.17616212,"1",WaterBody,,,"200702071938","2",Perennial,"2",Natural,,"-99",Unknown,"-99",Unknown,"5",Pool,LGATE017_north_perm_artificial,/Users/293003c/Library/CloudStorage/OneDrive-Curtin/Projects/TCZ-research/water point GIS/LGATE017 north permanent.shp,38.000000000000000,"1",,,
-347866.153796436,-1965141.82723377,"5",WaterPointStructure,Gd 2 Bore,Gd 2 Bore,"200702101818","-99",Unknown,"1",Manmade,,"-99",Unknown,"-98",NotApplicable,"2",BoreAndWindmill,LGATE017_north_perm_artificial,/Users/293003c/Library/CloudStorage/OneDrive-Curtin/Projects/TCZ-research/water point GIS/LGATE017 north permanent.shp,35.000000000000000,"1",,,
-564417.621192165,-2183544.80509206,"3",Spring,,,"200702071242","2",Perennial,"2",Natural,,"-99",Unknown,"-99",Unknown,"-98",NotApplicable,LGATE017_north_perm_artificial,/Users/293003c/Library/CloudStorage/OneDrive-Curtin/Projects/TCZ-research/water point GIS/LGATE017 north permanent.shp,28.000000000000000,,,,
-471497.710709781,-1967682.31516058,"5",WaterPointStructure,,,"200702071938","-99",Unknown,"1",Manmade,,"-99",Unknown,"-98",NotApplicable,"4",Tank,LGATE017_north_perm_artificial,/Users/293003c/Library/CloudStorage/OneDrive-Curtin/Projects/TCZ-research/water point GIS/LGATE017 north permanent.shp,42.000000000000000,,,,
-477530.397933735,-1957678.73684957,"5",WaterPointStructure,,,"200702071938","-99",Unknown,"1",Manmade,,"-99",Unknown,"-98",NotApplicable,"1",Bore,LGATE017_north_perm_artificial,/Users/293003c/Library/CloudStorage/OneDrive-Curtin/Projects/TCZ-research/water point GIS/LGATE017 north permanent.shp,43.000000000000000,,,,
-559384.465534824,-1992124.55210398,"4",Waterfall,,,"200702071938","2",Perennial,"2",Natural,,"-98",NotApplicable,"-99",Unknown,"-98",NotApplicable,LGATE017_north_perm_artificial,/Users/293003c/Library/CloudStorage/OneDrive-Curtin/Projects/TCZ-research/water point GIS/LGATE017 north permanent.shp,37.000000000000000,,,,
-571535.264649709,-1995863.28683352,"5",WaterPointStructure,,,"200702071938","-99",Unknown,"1",Manmade,,"-99",Unknown,"-98",NotApplicable,"2",BoreAndWindmill,LGATE017_north_perm_artificial,/Users/293003c/Library/CloudStorage/OneDrive-Curtin/Projects/TCZ-research/water point GIS/LGATE017 north permanent.shp,37.000000000000000,,,,
-559177.55694382,-1973134.53157529,"4",Waterfall,,,"200702071938","2",Perennial,"2",Natural,,"-98",NotApplicable,"-99",Unknown,"-98",NotApplicable,LGATE017_north_perm_artificial,/Users/293003c/Library/CloudStorage/OneDrive-Curtin/Projects/TCZ-research/water point GIS/LGATE017 north permanent.shp,39.000000000000000,,,,
-438920.693842118,-1932635.30520789,"5",WaterPointStructure,,,"200702071938","-99",Unknown,"1",Manmade,,"-99",Unknown,"-98",NotApplicable,"6",Well,LGATE017_north_perm_artificial,/Users/293003c/Library/CloudStorage/OneDrive-Curtin/Projects/TCZ-research/water point GIS/LGATE017 north permanent.shp,43.000000000000000,"1",,,
-430295.554534221,-1962506.19468247,"1",WaterBody,,,"200702071938","2",Perennial,"2",Natural,,"-99",Unknown,"-99",Unknown,"5",Pool,LGATE017_north_perm_artificial,/Users/293003c/Library/CloudStorage/OneDrive-Curtin/Projects/TCZ-research/water point GIS/LGATE017 north permanent.shp,37.000000000000000,"1",,,
-552240.847609299,-1978954.00396332,"3",Spring,,,"200702071938","2",Perennial,"2",Natural,,"-99",Unknown,"-99",Unknown,"-98",NotApplicable,LGATE017_north_perm_artificial,/Users/293003c/Library/CloudStorage/OneDrive-Curtin/Projects/TCZ-research/water point GIS/LGATE017 north permanent.shp,40.000000000000000,,,,
-463063.303729735,-1959455.26933393,"1",WaterBody,,,"200702071938","2",Perennial,"1",Manmade,,"-99",Unknown,"-98",NotApplicable,"2",EarthDam,LGATE017_north_perm_artificial,/Users/293003c/Library/CloudStorage/OneDrive-Curtin/Projects/TCZ-research/water point GIS/LGATE017 north permanent.shp,41.000000000000000,,,,
-495301.475403642,-1959292.12892862,"3",Spring,,,"200702071938","2",Perennial,"2",Natural,,"-99",Unknown,"-99",Unknown,"-98",NotApplicable,LGATE017_north_perm_artificial,/Users/293003c/Library/CloudStorage/OneDrive-Curtin/Projects/TCZ-research/water point GIS/LGATE017 north permanent.shp,42.000000000000000,,,,
-551006.288651548,-2003834.84405128,"3",Spring,,,"200702071938","2",Perennial,"2",Natural,,"-99",Unknown,"-99",Unknown,"-98",NotApplicable,LGATE017_north_perm_artificial,/Users/293003c/Library/CloudStorage/OneDrive-Curtin/Projects/TCZ-research/water point GIS/LGATE017 north permanent.shp,41.000000000000000,,,,
-540170.366706889,-2046619.74167723,"3",Spring,,,"200702071241","2",Perennial,"2",Natural,,"-99",Unknown,"-99",Unknown,"-98",NotApplicable,LGATE017_north_perm_artificial,/Users/293003c/Library/CloudStorage/OneDrive-Curtin/Projects/TCZ-research/water point GIS/LGATE017 north permanent.shp,36.000000000000000,,,,
-434544.639732104,-1944810.99892299,"3",Spring,,,"200702071938","2",Perennial,"2",Natural,,"-99",Unknown,"-99",Unknown,"-98",NotApplicable,LGATE017_north_perm_artificial,/Users/293003c/Library/CloudStorage/OneDrive-Curtin/Projects/TCZ-research/water point GIS/LGATE017 north permanent.shp,41.000000000000000,"1",,,
-397387.47335424,-1974276.65701026,"1",WaterBody,,,"200702071241","2",Perennial,"1",Manmade,,"-99",Unknown,"-99",Unknown,"2",EarthDam,LGATE017_north_perm_artificial,/Users/293003c/Library/CloudStorage/OneDrive-Curtin/Projects/TCZ-research/water point GIS/LGATE017 north permanent.shp,37.000000000000000,"1",,,
-591142.668107636,-1977521.03368573,"4",Waterfall,,,"200702071938","2",Perennial,"2",Natural,,"-98",NotApplicable,"-99",Unknown,"-98",NotApplicable,LGATE017_north_perm_artificial,/Users/293003c/Library/CloudStorage/OneDrive-Curtin/Projects/TCZ-research/water point GIS/LGATE017 north permanent.shp,41.000000000000000,,,,
-559032.266340405,-1943999.43871407,"5",WaterPointStructure,,,"200702071938","-99",Unknown,"1",Manmade,,"-99",Unknown,"-98",NotApplicable,"1",Bore,LGATE017_north_perm_artificial,/Users/293003c/Library/CloudStorage/OneDrive-Curtin/Projects/TCZ-research/water point GIS/LGATE017 north permanent.shp,43.000000000000000,,,,
-520786.335087931,-1968760.60288444,"5",WaterPointStructure,,,"200702071938","-99",Unknown,"1",Manmade,,"-99",Unknown,"-98",NotApplicable,"4",Tank,LGATE017_north_perm_artificial,/Users/293003c/Library/CloudStorage/OneDrive-Curtin/Projects/TCZ-research/water point GIS/LGATE017 north permanent.shp,43.000000000000000,,,,
-474251.178117714,-1938228.08935389,"1",WaterBody,,,"200702071938","2",Perennial,"2",Natural,,"-99",Unknown,"-99",Unknown,"5",Pool,LGATE017_north_perm_artificial,/Users/293003c/Library/CloudStorage/OneDrive-Curtin/Projects/TCZ-research/water point GIS/LGATE017 north permanent.shp,44.000000000000000,,,,
-448423.422385588,-1978478.19255952,"1",WaterBody,,,"200702071938","2",Perennial,"2",Natural,,"-99",Unknown,"-99",Unknown,"5",Pool,LGATE017_north_perm_artificial,/Users/293003c/Library/CloudStorage/OneDrive-Curtin/Projects/TCZ-research/water point GIS/LGATE017 north permanent.shp,39.000000000000000,"1",,,
-553169.560998488,-1977740.93822512,"4",Waterfall,,,"200702071938","2",Perennial,"2",Natural,,"-98",NotApplicable,"-99",Unknown,"-98",NotApplicable,LGATE017_north_perm_artificial,/Users/293003c/Library/CloudStorage/OneDrive-Curtin/Projects/TCZ-research/water point GIS/LGATE017 north permanent.shp,40.000000000000000,,,,
-547384.111763655,-1969598.1444373,"4",Waterfall,,,"200702071938","2",Perennial,"2",Natural,,"-98",NotApplicable,"-99",Unknown,"-98",NotApplicable,LGATE017_north_perm_artificial,/Users/293003c/Library/CloudStorage/OneDrive-Curtin/Projects/TCZ-research/water point GIS/LGATE017 north permanent.shp,40.000000000000000,,,,
-431106.065062051,-1941596.46121607,"1",WaterBody,,,"200702071938","2",Perennial,"2",Natural,,"-99",Unknown,"-99",Unknown,"5",Pool,LGATE017_north_perm_artificial,/Users/293003c/Library/CloudStorage/OneDrive-Curtin/Projects/TCZ-research/water point GIS/LGATE017 north permanent.shp,41.000000000000000,"1",,,
-557616.979908047,-1988226.25623466,"3",Spring,,,"200702071938","2",Perennial,"2",Natural,,"-99",Unknown,"-99",Unknown,"-98",NotApplicable,LGATE017_north_perm_artificial,/Users/293003c/Library/CloudStorage/OneDrive-Curtin/Projects/TCZ-research/water point GIS/LGATE017 north permanent.shp,37.000000000000000,,,,
-442398.17055793,-1950944.27947112,"5",WaterPointStructure,,,"200702071938","-99",Unknown,"1",Manmade,,"-99",Unknown,"-98",NotApplicable,"4",Tank,LGATE017_north_perm_artificial,/Users/293003c/Library/CloudStorage/OneDrive-Curtin/Projects/TCZ-research/water point GIS/LGATE017 north permanent.shp,41.000000000000000,"1",,,
-583451.19475533,-1990189.37847447,"5",WaterPointStructure,,,"200702071938","-99",Unknown,"1",Manmade,,"-99",Unknown,"-98",NotApplicable,"1",Bore,LGATE017_north_perm_artificial,/Users/293003c/Library/CloudStorage/OneDrive-Curtin/Projects/TCZ-research/water point GIS/LGATE017 north permanent.shp,37.000000000000000,,,,
-563481.758753389,-2041247.4551462,"3",Spring,,,"200702071938","2",Perennial,"2",Natural,,"-99",Unknown,"-99",Unknown,"-98",NotApplicable,LGATE017_north_perm_artificial,/Users/293003c/Library/CloudStorage/OneDrive-Curtin/Projects/TCZ-research/water point GIS/LGATE017 north permanent.shp,36.000000000000000,,,,
-340087.763631535,-1985993.64271492,"5",WaterPointStructure,No. 13 Bore,No. 13 Bore,"200702101818","-99",Unknown,"1",Manmade,,"-99",Unknown,"-98",NotApplicable,"2",BoreAndWindmill,LGATE017_north_perm_artificial,/Users/293003c/Library/CloudStorage/OneDrive-Curtin/Projects/TCZ-research/water point GIS/LGATE017 north permanent.shp,33.000000000000000,"1",,,
-600127.031399171,-1980721.90838147,"3",Spring,,,"200702071938","2",Perennial,"2",Natural,,"-99",Unknown,"-99",Unknown,"-98",NotApplicable,LGATE017_north_perm_artificial,/Users/293003c/Library/CloudStorage/OneDrive-Curtin/Projects/TCZ-research/water point GIS/LGATE017 north permanent.shp,40.000000000000000,,,,
-505040.41407238,-1960357.93209788,"3",Spring,,,"200702071938","2",Perennial,"2",Natural,,"-99",Unknown,"-99",Unknown,"-98",NotApplicable,LGATE017_north_perm_artificial,/Users/293003c/Library/CloudStorage/OneDrive-Curtin/Projects/TCZ-research/water point GIS/LGATE017 north permanent.shp,42.000000000000000,,,,
-617094.634556598,-1957032.60598529,"3",Spring,,,"200702071938","2",Perennial,"2",Natural,,"-99",Unknown,"-99",Unknown,"-98",NotApplicable,LGATE017_north_perm_artificial,/Users/293003c/Library/CloudStorage/OneDrive-Curtin/Projects/TCZ-research/water point GIS/LGATE017 north permanent.shp,40.000000000000000,,,,
-553140.79179879,-2173901.18341243,"5",WaterPointStructure,No. 49 Well,No. 49 Well,"200702101818","-99",Unknown,"1",Manmade,,"-99",Unknown,"-98",NotApplicable,"6",Well,LGATE017_north_perm_artificial,/Users/293003c/Library/CloudStorage/OneDrive-Curtin/Projects/TCZ-research/water point GIS/LGATE017 north permanent.shp,27.000000000000000,,,,
-557996.156231656,-1951045.18432203,"5",WaterPointStructure,,,"200702071938","-99",Unknown,"1",Manmade,,"-99",Unknown,"-98",NotApplicable,"1",Bore,LGATE017_north_perm_artificial,/Users/293003c/Library/CloudStorage/OneDrive-Curtin/Projects/TCZ-research/water point GIS/LGATE017 north permanent.shp,42.000000000000000,,,,
-426298.699298401,-1970609.31482989,"5",WaterPointStructure,,,"200702071938","-99",Unknown,"1",Manmade,,"-99",Unknown,"-98",NotApplicable,"4",Tank,LGATE017_north_perm_artificial,/Users/293003c/Library/CloudStorage/OneDrive-Curtin/Projects/TCZ-research/water point GIS/LGATE017 north permanent.shp,36.000000000000000,"1",,,
-575749.947678716,-2027353.7360898,"5",WaterPointStructure,,,"200702071938","-99",Unknown,"1",Manmade,,"-99",Unknown,"-98",NotApplicable,"4",Tank,LGATE017_north_perm_artificial,/Users/293003c/Library/CloudStorage/OneDrive-Curtin/Projects/TCZ-research/water point GIS/LGATE017 north permanent.shp,35.000000000000000,,,,
-564791.337934737,-2003028.19564709,"5",WaterPointStructure,,,"200702071938","-99",Unknown,"1",Manmade,,"-99",Unknown,"-98",NotApplicable,"4",Tank,LGATE017_north_perm_artificial,/Users/293003c/Library/CloudStorage/OneDrive-Curtin/Projects/TCZ-research/water point GIS/LGATE017 north permanent.shp,37.000000000000000,,,,
-444399.297095811,-1974139.69184299,"1",WaterBody,,,"200702071938","2",Perennial,"2",Natural,,"-99",Unknown,"-99",Unknown,"5",Pool,LGATE017_north_perm_artificial,/Users/293003c/Library/CloudStorage/OneDrive-Curtin/Projects/TCZ-research/water point GIS/LGATE017 north permanent.shp,38.000000000000000,"1",,,
-441815.520853172,-1981410.46445396,"1",WaterBody,,,"200702071938","2",Perennial,"2",Natural,,"-99",Unknown,"-99",Unknown,"5",Pool,LGATE017_north_perm_artificial,/Users/293003c/Library/CloudStorage/OneDrive-Curtin/Projects/TCZ-research/water point GIS/LGATE017 north permanent.shp,38.000000000000000,"1",,,
-505648.051156708,-1994556.32441043,"5",WaterPointStructure,,,"200702071938","-99",Unknown,"1",Manmade,,"-99",Unknown,"-98",NotApplicable,"2",BoreAndWindmill,LGATE017_north_perm_artificial,/Users/293003c/Library/CloudStorage/OneDrive-Curtin/Projects/TCZ-research/water point GIS/LGATE017 north permanent.shp,39.000000000000000,,,,
-461342.186526313,-1948828.7743869,"5",WaterPointStructure,,,"200702071938","-99",Unknown,"1",Manmade,,"-99",Unknown,"-98",NotApplicable,"7",Windmill,LGATE017_north_perm_artificial,/Users/293003c/Library/CloudStorage/OneDrive-Curtin/Projects/TCZ-research/water point GIS/LGATE017 north permanent.shp,44.000000000000000,,,,
-511625.566535087,-2093481.48629535,"3",Spring,,,"200702071241","2",Perennial,"2",Natural,,"-99",Unknown,"-99",Unknown,"-98",NotApplicable,LGATE017_north_perm_artificial,/Users/293003c/Library/CloudStorage/OneDrive-Curtin/Projects/TCZ-research/water point GIS/LGATE017 north permanent.shp,33.000000000000000,,,,
-589432.645020415,-1952059.9254004,"4",Waterfall,,,"200702071938","2",Perennial,"2",Natural,,"-98",NotApplicable,"-99",Unknown,"-98",NotApplicable,LGATE017_north_perm_artificial,/Users/293003c/Library/CloudStorage/OneDrive-Curtin/Projects/TCZ-research/water point GIS/LGATE017 north permanent.shp,41.000000000000000,,,,
-584547.322751384,-1943701.28164453,"5",WaterPointStructure,,,"200702071938","-99",Unknown,"1",Manmade,,"-99",Unknown,"-98",NotApplicable,"1",Bore,LGATE017_north_perm_artificial,/Users/293003c/Library/CloudStorage/OneDrive-Curtin/Projects/TCZ-research/water point GIS/LGATE017 north permanent.shp,41.000000000000000,,,,
-595501.773695248,-1991565.83348045,"5",WaterPointStructure,,,"200702071938","-99",Unknown,"1",Manmade,,"-99",Unknown,"-98",NotApplicable,"1",Bore,LGATE017_north_perm_artificial,/Users/293003c/Library/CloudStorage/OneDrive-Curtin/Projects/TCZ-research/water point GIS/LGATE017 north permanent.shp,38.000000000000000,,,,
-436978.613979794,-1970664.21995607,"1",WaterBody,,,"200702071938","2",Perennial,"2",Natural,,"-99",Unknown,"-99",Unknown,"5",Pool,LGATE017_north_perm_artificial,/Users/293003c/Library/CloudStorage/OneDrive-Curtin/Projects/TCZ-research/water point GIS/LGATE017 north permanent.shp,37.000000000000000,"1",,,
-552267.11879242,-1978784.30347842,"3",Spring,,,"200702071938","2",Perennial,"2",Natural,,"-99",Unknown,"-99",Unknown,"-98",NotApplicable,LGATE017_north_perm_artificial,/Users/293003c/Library/CloudStorage/OneDrive-Curtin/Projects/TCZ-research/water point GIS/LGATE017 north permanent.shp,40.000000000000000,,,,
-541885.408773964,-1967897.59697034,"4",Waterfall,,,"200702071938","2",Perennial,"2",Natural,,"-98",NotApplicable,"-99",Unknown,"-98",NotApplicable,LGATE017_north_perm_artificial,/Users/293003c/Library/CloudStorage/OneDrive-Curtin/Projects/TCZ-research/water point GIS/LGATE017 north permanent.shp,42.000000000000000,,,,
-587254.216033795,-1942420.88560902,"4",Waterfall,,,"200702071938","2",Perennial,"2",Natural,,"-98",NotApplicable,"-99",Unknown,"-98",NotApplicable,LGATE017_north_perm_artificial,/Users/293003c/Library/CloudStorage/OneDrive-Curtin/Projects/TCZ-research/water point GIS/LGATE017 north permanent.shp,41.000000000000000,,,,
-427447.972316049,-1952011.50452009,"1",WaterBody,,,"200702071938","2",Perennial,"2",Natural,,"-99",Unknown,"-99",Unknown,"5",Pool,LGATE017_north_perm_artificial,/Users/293003c/Library/CloudStorage/OneDrive-Curtin/Projects/TCZ-research/water point GIS/LGATE017 north permanent.shp,37.000000000000000,"1",,,
-437441.881969525,-1959001.22719654,"1",WaterBody,,,"200702071938","2",Perennial,"2",Natural,,"-99",Unknown,"-99",Unknown,"5",Pool,LGATE017_north_perm_artificial,/Users/293003c/Library/CloudStorage/OneDrive-Curtin/Projects/TCZ-research/water point GIS/LGATE017 north permanent.shp,37.000000000000000,"1",,,
-493503.883160442,-1928200.02358511,"1",WaterBody,,,"200702071938","2",Perennial,"2",Natural,,"-99",Unknown,"-99",Unknown,"5",Pool,LGATE017_north_perm_artificial,/Users/293003c/Library/CloudStorage/OneDrive-Curtin/Projects/TCZ-research/water point GIS/LGATE017 north permanent.shp,44.000000000000000,,,,
-486997.649394478,-1988930.6870523,"3",Spring,,,"200702071938","2",Perennial,"2",Natural,,"-99",Unknown,"-99",Unknown,"-98",NotApplicable,LGATE017_north_perm_artificial,/Users/293003c/Library/CloudStorage/OneDrive-Curtin/Projects/TCZ-research/water point GIS/LGATE017 north permanent.shp,40.000000000000000,,,,
-431820.348993996,-1935775.13822669,"5",WaterPointStructure,,,"200702071938","-99",Unknown,"1",Manmade,,"-99",Unknown,"-98",NotApplicable,"4",Tank,LGATE017_north_perm_artificial,/Users/293003c/Library/CloudStorage/OneDrive-Curtin/Projects/TCZ-research/water point GIS/LGATE017 north permanent.shp,41.000000000000000,"1",,,
-547341.142409615,-1964606.53965566,"4",Waterfall,,,"200702071938","2",Perennial,"2",Natural,,"-98",NotApplicable,"-99",Unknown,"-98",NotApplicable,LGATE017_north_perm_artificial,/Users/293003c/Library/CloudStorage/OneDrive-Curtin/Projects/TCZ-research/water point GIS/LGATE017 north permanent.shp,40.000000000000000,,,,
-557733.591961673,-1974087.33286139,"4",Waterfall,,,"200702071938","2",Perennial,"2",Natural,,"-98",NotApplicable,"-99",Unknown,"-98",NotApplicable,LGATE017_north_perm_artificial,/Users/293003c/Library/CloudStorage/OneDrive-Curtin/Projects/TCZ-research/water point GIS/LGATE017 north permanent.shp,39.000000000000000,,,,
-545617.191708864,-1960757.86518096,"4",Waterfall,,,"200702071938","2",Perennial,"2",Natural,,"-98",NotApplicable,"-99",Unknown,"-98",NotApplicable,LGATE017_north_perm_artificial,/Users/293003c/Library/CloudStorage/OneDrive-Curtin/Projects/TCZ-research/water point GIS/LGATE017 north permanent.shp,41.000000000000000,,,,
-361062.758046703,-2232725.61022322,"3",Spring,,,"200702071242","2",Perennial,"2",Natural,,"-99",Unknown,"-99",Unknown,"-98",NotApplicable,LGATE017_north_perm_artificial,/Users/293003c/Library/CloudStorage/OneDrive-Curtin/Projects/TCZ-research/water point GIS/LGATE017 north permanent.shp,25.000000000000000,,,,
-427066.874437437,-1936636.06495174,"1",WaterBody,,,"200702071938","2",Perennial,"2",Natural,,"-99",Unknown,"-99",Unknown,"5",Pool,LGATE017_north_perm_artificial,/Users/293003c/Library/CloudStorage/OneDrive-Curtin/Projects/TCZ-research/water point GIS/LGATE017 north permanent.shp,39.000000000000000,"1",,,
-527151.551022149,-1951215.74847456,"4",Waterfall,,,"200702071938","2",Perennial,"2",Natural,,"-98",NotApplicable,"-99",Unknown,"-98",NotApplicable,LGATE017_north_perm_artificial,/Users/293003c/Library/CloudStorage/OneDrive-Curtin/Projects/TCZ-research/water point GIS/LGATE017 north permanent.shp,50.000000000000000,,,,
-542829.892521009,-1939181.94344563,"4",Waterfall,,,"200702071938","2",Perennial,"2",Natural,,"-98",NotApplicable,"-99",Unknown,"-98",NotApplicable,LGATE017_north_perm_artificial,/Users/293003c/Library/CloudStorage/OneDrive-Curtin/Projects/TCZ-research/water point GIS/LGATE017 north permanent.shp,44.000000000000000,,,,
-442925.590537298,-1975460.53879439,"1",WaterBody,,,"200702071938","2",Perennial,"2",Natural,,"-99",Unknown,"-99",Unknown,"5",Pool,LGATE017_north_perm_artificial,/Users/293003c/Library/CloudStorage/OneDrive-Curtin/Projects/TCZ-research/water point GIS/LGATE017 north permanent.shp,38.000000000000000,"1",,,
-423558.335414475,-1962315.91931921,"1",WaterBody,,,"200702071938","2",Perennial,"2",Natural,,"-99",Unknown,"-99",Unknown,"5",Pool,LGATE017_north_perm_artificial,/Users/293003c/Library/CloudStorage/OneDrive-Curtin/Projects/TCZ-research/water point GIS/LGATE017 north permanent.shp,36.000000000000000,"1",,,
-540060.175690058,-1930858.48489471,"1",WaterBody,,,"200702071938","2",Perennial,"2",Natural,,"-99",Unknown,"-99",Unknown,"5",Pool,LGATE017_north_perm_artificial,/Users/293003c/Library/CloudStorage/OneDrive-Curtin/Projects/TCZ-research/water point GIS/LGATE017 north permanent.shp,47.000000000000000,,,,
-458493.863667478,-2163307.39301733,"5",WaterPointStructure,,,"201004141754","-99",Unknown,"1",Manmade,,"-99",Unknown,"-98",NotApplicable,"4",Tank,LGATE017_north_perm_artificial,/Users/293003c/Library/CloudStorage/OneDrive-Curtin/Projects/TCZ-research/water point GIS/LGATE017 north permanent.shp,26.000000000000000,,,,
-558671.901979253,-2020976.82652105,"5",WaterPointStructure,,,"200702071938","-99",Unknown,"1",Manmade,,"-99",Unknown,"-98",NotApplicable,"4",Tank,LGATE017_north_perm_artificial,/Users/293003c/Library/CloudStorage/OneDrive-Curtin/Projects/TCZ-research/water point GIS/LGATE017 north permanent.shp,36.000000000000000,,,,
-594357.1416271,-1934014.83651522,"1",WaterBody,,,"200702071938","2",Perennial,"2",Natural,,"-99",Unknown,"-99",Unknown,"5",Pool,LGATE017_north_perm_artificial,/Users/293003c/Library/CloudStorage/OneDrive-Curtin/Projects/TCZ-research/water point GIS/LGATE017 north permanent.shp,40.000000000000000,,,,
-573592.097308547,-1938010.19130333,"3",Spring,,,"200702071938","2",Perennial,"2",Natural,,"-99",Unknown,"-99",Unknown,"-98",NotApplicable,LGATE017_north_perm_artificial,/Users/293003c/Library/CloudStorage/OneDrive-Curtin/Projects/TCZ-research/water point GIS/LGATE017 north permanent.shp,42.000000000000000,,,,
-467668.925031694,-2137299.99173219,"5",WaterPointStructure,Limestone Well,Limestone Well,"200702101818","-99",Unknown,"1",Manmade,,"-99",Unknown,"-98",NotApplicable,"8",WellAndWindmill,LGATE017_north_perm_artificial,/Users/293003c/Library/CloudStorage/OneDrive-Curtin/Projects/TCZ-research/water point GIS/LGATE017 north permanent.shp,27.000000000000000,,,,
-548589.957532848,-1963148.39854709,"3",Spring,,,"200702071938","2",Perennial,"2",Natural,,"-99",Unknown,"-99",Unknown,"-98",NotApplicable,LGATE017_north_perm_artificial,/Users/293003c/Library/CloudStorage/OneDrive-Curtin/Projects/TCZ-research/water point GIS/LGATE017 north permanent.shp,40.000000000000000,,,,
-396988.868990638,-1960719.21632868,"5",WaterPointStructure,Nyulasy Bore,Nyulasy Bore,"200702101818","-99",Unknown,"1",Manmade,,"-99",Unknown,"-98",NotApplicable,"1",Bore,LGATE017_north_perm_artificial,/Users/293003c/Library/CloudStorage/OneDrive-Curtin/Projects/TCZ-research/water point GIS/LGATE017 north permanent.shp,37.000000000000000,"1",,,
-356073.653494936,-2015243.43692254,"5",WaterPointStructure,,,"201004091932","-99",Unknown,"1",Manmade,,"-99",Unknown,"-98",NotApplicable,"4",Tank,LGATE017_north_perm_artificial,/Users/293003c/Library/CloudStorage/OneDrive-Curtin/Projects/TCZ-research/water point GIS/LGATE017 north permanent.shp,32.000000000000000,,,,
-545671.772466062,-1962109.53806489,"3",Spring,,,"200702071938","2",Perennial,"2",Natural,,"-99",Unknown,"-99",Unknown,"-98",NotApplicable,LGATE017_north_perm_artificial,/Users/293003c/Library/CloudStorage/OneDrive-Curtin/Projects/TCZ-research/water point GIS/LGATE017 north permanent.shp,40.000000000000000,,,,
-568189.67971748,-1973984.3547312,"4",Waterfall,,,"200702071938","2",Perennial,"2",Natural,,"-98",NotApplicable,"-99",Unknown,"-98",NotApplicable,LGATE017_north_perm_artificial,/Users/293003c/Library/CloudStorage/OneDrive-Curtin/Projects/TCZ-research/water point GIS/LGATE017 north permanent.shp,37.000000000000000,,,,
-484996.779529611,-1988695.69830903,"3",Spring,,,"200702071938","2",Perennial,"2",Natural,,"-99",Unknown,"-99",Unknown,"-98",NotApplicable,LGATE017_north_perm_artificial,/Users/293003c/Library/CloudStorage/OneDrive-Curtin/Projects/TCZ-research/water point GIS/LGATE017 north permanent.shp,40.000000000000000,,,,
-560147.452861328,-2029282.58915743,"3",Spring,,,"200702071938","2",Perennial,"2",Natural,,"-99",Unknown,"-99",Unknown,"-98",NotApplicable,LGATE017_north_perm_artificial,/Users/293003c/Library/CloudStorage/OneDrive-Curtin/Projects/TCZ-research/water point GIS/LGATE017 north permanent.shp,35.000000000000000,,,,
-577243.48114679,-1980183.30262216,"3",Spring,,,"200702071938","2",Perennial,"2",Natural,,"-99",Unknown,"-99",Unknown,"-98",NotApplicable,LGATE017_north_perm_artificial,/Users/293003c/Library/CloudStorage/OneDrive-Curtin/Projects/TCZ-research/water point GIS/LGATE017 north permanent.shp,41.000000000000000,,,,
-549241.535097216,-1963569.74117803,"4",Waterfall,,,"200702071938","2",Perennial,"2",Natural,,"-98",NotApplicable,"-99",Unknown,"-98",NotApplicable,LGATE017_north_perm_artificial,/Users/293003c/Library/CloudStorage/OneDrive-Curtin/Projects/TCZ-research/water point GIS/LGATE017 north permanent.shp,40.000000000000000,,,,
-555006.381678673,-2173514.85488789,"5",WaterPointStructure,Lumba Well,Lumba Well,"200702101818","-99",Unknown,"1",Manmade,,"-99",Unknown,"-98",NotApplicable,"6",Well,LGATE017_north_perm_artificial,/Users/293003c/Library/CloudStorage/OneDrive-Curtin/Projects/TCZ-research/water point GIS/LGATE017 north permanent.shp,27.000000000000000,,,,
-441600.593367048,-1981130.67672526,"1",WaterBody,,,"200702071938","2",Perennial,"2",Natural,,"-99",Unknown,"-99",Unknown,"5",Pool,LGATE017_north_perm_artificial,/Users/293003c/Library/CloudStorage/OneDrive-Curtin/Projects/TCZ-research/water point GIS/LGATE017 north permanent.shp,38.000000000000000,"1",,,
-543030.007583035,-1967188.78938381,"4",Waterfall,,,"200702071938","2",Perennial,"2",Natural,,"-98",NotApplicable,"-99",Unknown,"-98",NotApplicable,LGATE017_north_perm_artificial,/Users/293003c/Library/CloudStorage/OneDrive-Curtin/Projects/TCZ-research/water point GIS/LGATE017 north permanent.shp,42.000000000000000,,,,
-618703.803846856,-1941137.95646939,"5",WaterPointStructure,,,"200702071938","-99",Unknown,"1",Manmade,,"-99",Unknown,"-98",NotApplicable,"4",Tank,LGATE017_north_perm_artificial,/Users/293003c/Library/CloudStorage/OneDrive-Curtin/Projects/TCZ-research/water point GIS/LGATE017 north permanent.shp,41.000000000000000,,,,
-536401.723995051,-1953911.06957801,"3",Spring,,,"200702071938","2",Perennial,"2",Natural,,"-99",Unknown,"-99",Unknown,"-98",NotApplicable,LGATE017_north_perm_artificial,/Users/293003c/Library/CloudStorage/OneDrive-Curtin/Projects/TCZ-research/water point GIS/LGATE017 north permanent.shp,41.000000000000000,,,,
-560773.551752214,-1943696.44747111,"5",WaterPointStructure,,,"200702071938","-99",Unknown,"1",Manmade,,"-99",Unknown,"-98",NotApplicable,"1",Bore,LGATE017_north_perm_artificial,/Users/293003c/Library/CloudStorage/OneDrive-Curtin/Projects/TCZ-research/water point GIS/LGATE017 north permanent.shp,43.000000000000000,,,,
-543399.011235438,-1931245.42992972,"4",Waterfall,,,"200702071938","2",Perennial,"2",Natural,,"-98",NotApplicable,"-99",Unknown,"-98",NotApplicable,LGATE017_north_perm_artificial,/Users/293003c/Library/CloudStorage/OneDrive-Curtin/Projects/TCZ-research/water point GIS/LGATE017 north permanent.shp,47.000000000000000,,,,
-445427.869029845,-1977737.50882764,"1",WaterBody,,,"200702071938","2",Perennial,"2",Natural,,"-99",Unknown,"-99",Unknown,"5",Pool,LGATE017_north_perm_artificial,/Users/293003c/Library/CloudStorage/OneDrive-Curtin/Projects/TCZ-research/water point GIS/LGATE017 north permanent.shp,38.000000000000000,"1",,,
-502610.606852298,-1985407.08518739,"5",WaterPointStructure,,,"200702071938","-99",Unknown,"1",Manmade,,"-99",Unknown,"-98",NotApplicable,"7",Windmill,LGATE017_north_perm_artificial,/Users/293003c/Library/CloudStorage/OneDrive-Curtin/Projects/TCZ-research/water point GIS/LGATE017 north permanent.shp,40.000000000000000,,,,
-359383.43429605,-1956754.94582347,"1",WaterBody,,,"200702071241","2",Perennial,"1",Manmade,,"-99",Unknown,"-99",Unknown,"2",EarthDam,LGATE017_north_perm_artificial,/Users/293003c/Library/CloudStorage/OneDrive-Curtin/Projects/TCZ-research/water point GIS/LGATE017 north permanent.shp,35.000000000000000,"1",,,
-530779.893092559,-1999958.20278685,"5",WaterPointStructure,,,"200702071938","-99",Unknown,"1",Manmade,,"-99",Unknown,"-98",NotApplicable,"2",BoreAndWindmill,LGATE017_north_perm_artificial,/Users/293003c/Library/CloudStorage/OneDrive-Curtin/Projects/TCZ-research/water point GIS/LGATE017 north permanent.shp,38.000000000000000,,,,
-453913.19440158,-1957313.46558981,"5",WaterPointStructure,,,"200702071938","-99",Unknown,"1",Manmade,,"-99",Unknown,"-98",NotApplicable,"4",Tank,LGATE017_north_perm_artificial,/Users/293003c/Library/CloudStorage/OneDrive-Curtin/Projects/TCZ-research/water point GIS/LGATE017 north permanent.shp,41.000000000000000,"1",,,
-476422.630252641,-1948528.8233609,"1",WaterBody,,,"200702071938","2",Perennial,"1",Manmade,,"-99",Unknown,"-99",Unknown,"2",EarthDam,LGATE017_north_perm_artificial,/Users/293003c/Library/CloudStorage/OneDrive-Curtin/Projects/TCZ-research/water point GIS/LGATE017 north permanent.shp,43.000000000000000,,,,
-555492.896260494,-2037002.71141895,"3",Spring,,,"200702071938","2",Perennial,"2",Natural,,"-99",Unknown,"-99",Unknown,"-98",NotApplicable,LGATE017_north_perm_artificial,/Users/293003c/Library/CloudStorage/OneDrive-Curtin/Projects/TCZ-research/water point GIS/LGATE017 north permanent.shp,35.000000000000000,,,,
-534275.046767258,-1992408.8730404,"1",WaterBody,,,"200702071938","2",Perennial,"1",Manmade,,"-99",Unknown,"-99",Unknown,"2",EarthDam,LGATE017_north_perm_artificial,/Users/293003c/Library/CloudStorage/OneDrive-Curtin/Projects/TCZ-research/water point GIS/LGATE017 north permanent.shp,39.000000000000000,,,,
-583127.913743069,-1950341.23870757,"5",WaterPointStructure,,,"200702071938","-99",Unknown,"1",Manmade,,"-99",Unknown,"-98",NotApplicable,"1",Bore,LGATE017_north_perm_artificial,/Users/293003c/Library/CloudStorage/OneDrive-Curtin/Projects/TCZ-research/water point GIS/LGATE017 north permanent.shp,41.000000000000000,,,,
-581499.58275548,-1949441.06236254,"4",Waterfall,,,"200702071938","2",Perennial,"2",Natural,,"-98",NotApplicable,"-99",Unknown,"-98",NotApplicable,LGATE017_north_perm_artificial,/Users/293003c/Library/CloudStorage/OneDrive-Curtin/Projects/TCZ-research/water point GIS/LGATE017 north permanent.shp,41.000000000000000,,,,
-441714.729870729,-1975463.3496634,"1",WaterBody,,,"200702071938","2",Perennial,"2",Natural,,"-99",Unknown,"-99",Unknown,"5",Pool,LGATE017_north_perm_artificial,/Users/293003c/Library/CloudStorage/OneDrive-Curtin/Projects/TCZ-research/water point GIS/LGATE017 north permanent.shp,38.000000000000000,"1",,,
-492192.768291529,-1980097.04307379,"5",WaterPointStructure,,,"200702071938","-99",Unknown,"1",Manmade,,"-99",Unknown,"-98",NotApplicable,"4",Tank,LGATE017_north_perm_artificial,/Users/293003c/Library/CloudStorage/OneDrive-Curtin/Projects/TCZ-research/water point GIS/LGATE017 north permanent.shp,41.000000000000000,,,,
-537715.193844301,-1931567.83106639,"1",WaterBody,,,"200702071938","2",Perennial,"2",Natural,,"-99",Unknown,"-99",Unknown,"5",Pool,LGATE017_north_perm_artificial,/Users/293003c/Library/CloudStorage/OneDrive-Curtin/Projects/TCZ-research/water point GIS/LGATE017 north permanent.shp,47.000000000000000,,,,
-437982.719924402,-1975394.13395058,"1",WaterBody,,,"200702071938","2",Perennial,"2",Natural,,"-99",Unknown,"-99",Unknown,"5",Pool,LGATE017_north_perm_artificial,/Users/293003c/Library/CloudStorage/OneDrive-Curtin/Projects/TCZ-research/water point GIS/LGATE017 north permanent.shp,38.000000000000000,"1",,,
-514036.009482954,-1996965.77514966,"3",Spring,,,"200702071938","2",Perennial,"2",Natural,,"-99",Unknown,"-99",Unknown,"-98",NotApplicable,LGATE017_north_perm_artificial,/Users/293003c/Library/CloudStorage/OneDrive-Curtin/Projects/TCZ-research/water point GIS/LGATE017 north permanent.shp,39.000000000000000,,,,
-441140.338363806,-1976385.40155774,"1",WaterBody,,,"200702071938","2",Perennial,"2",Natural,,"-99",Unknown,"-99",Unknown,"5",Pool,LGATE017_north_perm_artificial,/Users/293003c/Library/CloudStorage/OneDrive-Curtin/Projects/TCZ-research/water point GIS/LGATE017 north permanent.shp,38.000000000000000,"1",,,
-453669.659451444,-2102498.25605262,"5",WaterPointStructure,,,"201001150944","-99",Unknown,"1",Manmade,,"-99",Unknown,"-98",NotApplicable,"1",Bore,LGATE017_north_perm_artificial,/Users/293003c/Library/CloudStorage/OneDrive-Curtin/Projects/TCZ-research/water point GIS/LGATE017 north permanent.shp,29.000000000000000,,,,
-455065.16647138,-1942884.84637731,"5",WaterPointStructure,,,"200702071938","-99",Unknown,"1",Manmade,,"-99",Unknown,"-98",NotApplicable,"1",Bore,LGATE017_north_perm_artificial,/Users/293003c/Library/CloudStorage/OneDrive-Curtin/Projects/TCZ-research/water point GIS/LGATE017 north permanent.shp,43.000000000000000,"1",,,
-477612.268112479,-1998812.26732614,"3",Spring,,,"200702071938","2",Perennial,"2",Natural,,"-99",Unknown,"-99",Unknown,"-98",NotApplicable,LGATE017_north_perm_artificial,/Users/293003c/Library/CloudStorage/OneDrive-Curtin/Projects/TCZ-research/water point GIS/LGATE017 north permanent.shp,40.000000000000000,,,,
-581573.430294556,-1944589.87137495,"3",Spring,,,"200702071938","2",Perennial,"2",Natural,,"-99",Unknown,"-99",Unknown,"-98",NotApplicable,LGATE017_north_perm_artificial,/Users/293003c/Library/CloudStorage/OneDrive-Curtin/Projects/TCZ-research/water point GIS/LGATE017 north permanent.shp,41.000000000000000,,,,
-341145.741950016,-1957728.1542518,"5",WaterPointStructure,Gc Bore,Gc Bore,"200702101818","-99",Unknown,"1",Manmade,,"-99",Unknown,"-98",NotApplicable,"1",Bore,LGATE017_north_perm_artificial,/Users/293003c/Library/CloudStorage/OneDrive-Curtin/Projects/TCZ-research/water point GIS/LGATE017 north permanent.shp,35.000000000000000,"1",,,
-538048.416641348,-1929494.54738895,"1",WaterBody,,,"200702071938","2",Perennial,"2",Natural,,"-99",Unknown,"-99",Unknown,"5",Pool,LGATE017_north_perm_artificial,/Users/293003c/Library/CloudStorage/OneDrive-Curtin/Projects/TCZ-research/water point GIS/LGATE017 north permanent.shp,47.000000000000000,,,,
-581850.052102674,-1951343.35864176,"5",WaterPointStructure,,,"200702071938","-99",Unknown,"1",Manmade,,"-99",Unknown,"-98",NotApplicable,"1",Bore,LGATE017_north_perm_artificial,/Users/293003c/Library/CloudStorage/OneDrive-Curtin/Projects/TCZ-research/water point GIS/LGATE017 north permanent.shp,41.000000000000000,,,,
-567998.940374715,-1957140.9925702,"5",WaterPointStructure,,,"200702071938","-99",Unknown,"1",Manmade,,"-99",Unknown,"-98",NotApplicable,"1",Bore,LGATE017_north_perm_artificial,/Users/293003c/Library/CloudStorage/OneDrive-Curtin/Projects/TCZ-research/water point GIS/LGATE017 north permanent.shp,42.000000000000000,,,,
-491805.154155108,-1958276.63686438,"5",WaterPointStructure,,,"200702071938","-99",Unknown,"1",Manmade,,"-99",Unknown,"-98",NotApplicable,"4",Tank,LGATE017_north_perm_artificial,/Users/293003c/Library/CloudStorage/OneDrive-Curtin/Projects/TCZ-research/water point GIS/LGATE017 north permanent.shp,43.000000000000000,,,,
-589488.551482383,-1967621.70014146,"3",Spring,,,"200702071938","2",Perennial,"2",Natural,,"-99",Unknown,"-99",Unknown,"-98",NotApplicable,LGATE017_north_perm_artificial,/Users/293003c/Library/CloudStorage/OneDrive-Curtin/Projects/TCZ-research/water point GIS/LGATE017 north permanent.shp,38.000000000000000,,,,
-321799.727662478,-2229559.56080692,"5",WaterPointStructure,,,"200702101818","-99",Unknown,"1",Manmade,,"-99",Unknown,"-98",NotApplicable,"4",Tank,LGATE017_north_perm_artificial,/Users/293003c/Library/CloudStorage/OneDrive-Curtin/Projects/TCZ-research/water point GIS/LGATE017 north permanent.shp,24.000000000000000,,,,
-441160.388245319,-1970719.96875563,"1",WaterBody,,,"200702071938","2",Perennial,"2",Natural,,"-99",Unknown,"-99",Unknown,"5",Pool,LGATE017_north_perm_artificial,/Users/293003c/Library/CloudStorage/OneDrive-Curtin/Projects/TCZ-research/water point GIS/LGATE017 north permanent.shp,38.000000000000000,"1",,,
-579540.447377937,-1933059.4981124,"1",WaterBody,,,"200702071938","2",Perennial,"2",Natural,,"-99",Unknown,"-99",Unknown,"5",Pool,LGATE017_north_perm_artificial,/Users/293003c/Library/CloudStorage/OneDrive-Curtin/Projects/TCZ-research/water point GIS/LGATE017 north permanent.shp,41.000000000000000,,,,
-438237.264277891,-2182230.89801109,"3",Spring,,,"200702071242","2",Perennial,"2",Natural,,"-99",Unknown,"-99",Unknown,"-98",NotApplicable,LGATE017_north_perm_artificial,/Users/293003c/Library/CloudStorage/OneDrive-Curtin/Projects/TCZ-research/water point GIS/LGATE017 north permanent.shp,27.000000000000000,,,,
-579085.312550773,-1943984.2488016,"4",Waterfall,,,"200702071938","2",Perennial,"2",Natural,,"-98",NotApplicable,"-99",Unknown,"-98",NotApplicable,LGATE017_north_perm_artificial,/Users/293003c/Library/CloudStorage/OneDrive-Curtin/Projects/TCZ-research/water point GIS/LGATE017 north permanent.shp,41.000000000000000,,,,
-544513.904066958,-1962972.90381595,"3",Spring,,,"200702071938","2",Perennial,"2",Natural,,"-99",Unknown,"-99",Unknown,"-98",NotApplicable,LGATE017_north_perm_artificial,/Users/293003c/Library/CloudStorage/OneDrive-Curtin/Projects/TCZ-research/water point GIS/LGATE017 north permanent.shp,40.000000000000000,,,,
-603464.873544599,-2027811.54312782,"5",WaterPointStructure,,,"200702071938","-99",Unknown,"1",Manmade,,"-99",Unknown,"-98",NotApplicable,"2",BoreAndWindmill,LGATE017_north_perm_artificial,/Users/293003c/Library/CloudStorage/OneDrive-Curtin/Projects/TCZ-research/water point GIS/LGATE017 north permanent.shp,35.000000000000000,,,,
-520859.065276883,-1968702.10867832,"1",WaterBody,,,"200702071938","2",Perennial,"1",Manmade,,"-99",Unknown,"-99",Unknown,"2",EarthDam,LGATE017_north_perm_artificial,/Users/293003c/Library/CloudStorage/OneDrive-Curtin/Projects/TCZ-research/water point GIS/LGATE017 north permanent.shp,43.000000000000000,,,,
-440340.369347458,-1968347.02371741,"1",WaterBody,,,"200702071938","2",Perennial,"2",Natural,,"-99",Unknown,"-99",Unknown,"5",Pool,LGATE017_north_perm_artificial,/Users/293003c/Library/CloudStorage/OneDrive-Curtin/Projects/TCZ-research/water point GIS/LGATE017 north permanent.shp,38.000000000000000,"1",,,
-533624.21035813,-2011690.90423871,"1",WaterBody,,,"200702071938","2",Perennial,"1",Manmade,,"-99",Unknown,"-99",Unknown,"2",EarthDam,LGATE017_north_perm_artificial,/Users/293003c/Library/CloudStorage/OneDrive-Curtin/Projects/TCZ-research/water point GIS/LGATE017 north permanent.shp,38.000000000000000,,,,
-568500.671975458,-1958341.44569233,"5",WaterPointStructure,,,"200702071938","-99",Unknown,"1",Manmade,,"-99",Unknown,"-98",NotApplicable,"1",Bore,LGATE017_north_perm_artificial,/Users/293003c/Library/CloudStorage/OneDrive-Curtin/Projects/TCZ-research/water point GIS/LGATE017 north permanent.shp,42.000000000000000,,,,
-458526.510865483,-1969692.33871908,"1",WaterBody,,,"200702071938","2",Perennial,"2",Natural,,"-99",Unknown,"-99",Unknown,"5",Pool,LGATE017_north_perm_artificial,/Users/293003c/Library/CloudStorage/OneDrive-Curtin/Projects/TCZ-research/water point GIS/LGATE017 north permanent.shp,39.000000000000000,,,,
-507403.407666807,-1982100.65993019,"5",WaterPointStructure,,,"200702071938","-99",Unknown,"1",Manmade,,"-99",Unknown,"-98",NotApplicable,"1",Bore,LGATE017_north_perm_artificial,/Users/293003c/Library/CloudStorage/OneDrive-Curtin/Projects/TCZ-research/water point GIS/LGATE017 north permanent.shp,40.000000000000000,,,,
-533511.932097084,-1952971.62979865,"3",Spring,,,"200702071938","2",Perennial,"2",Natural,,"-99",Unknown,"-99",Unknown,"-98",NotApplicable,LGATE017_north_perm_artificial,/Users/293003c/Library/CloudStorage/OneDrive-Curtin/Projects/TCZ-research/water point GIS/LGATE017 north permanent.shp,50.000000000000000,,,,
-442871.703234621,-1957536.44143851,"1",WaterBody,,,"200702071938","2",Perennial,"2",Natural,,"-99",Unknown,"-99",Unknown,"5",Pool,LGATE017_north_perm_artificial,/Users/293003c/Library/CloudStorage/OneDrive-Curtin/Projects/TCZ-research/water point GIS/LGATE017 north permanent.shp,39.000000000000000,"1",,,
-599325.458632078,-1981949.73364979,"3",Spring,,,"200702071938","2",Perennial,"2",Natural,,"-99",Unknown,"-99",Unknown,"-98",NotApplicable,LGATE017_north_perm_artificial,/Users/293003c/Library/CloudStorage/OneDrive-Curtin/Projects/TCZ-research/water point GIS/LGATE017 north permanent.shp,40.000000000000000,,,,
-598468.584716517,-1988592.16576108,"4",Waterfall,,,"200702071938","2",Perennial,"2",Natural,,"-98",NotApplicable,"-99",Unknown,"-98",NotApplicable,LGATE017_north_perm_artificial,/Users/293003c/Library/CloudStorage/OneDrive-Curtin/Projects/TCZ-research/water point GIS/LGATE017 north permanent.shp,40.000000000000000,,,,
-575987.435232807,-1949815.77738957,"5",WaterPointStructure,,,"200702071938","-99",Unknown,"1",Manmade,,"-99",Unknown,"-98",NotApplicable,"1",Bore,LGATE017_north_perm_artificial,/Users/293003c/Library/CloudStorage/OneDrive-Curtin/Projects/TCZ-research/water point GIS/LGATE017 north permanent.shp,43.000000000000000,,,,
-539198.233221852,-1930837.95202797,"1",WaterBody,,,"200702071938","2",Perennial,"2",Natural,,"-99",Unknown,"-99",Unknown,"5",Pool,LGATE017_north_perm_artificial,/Users/293003c/Library/CloudStorage/OneDrive-Curtin/Projects/TCZ-research/water point GIS/LGATE017 north permanent.shp,47.000000000000000,,,,
-556239.122351987,-1976796.02928012,"4",Waterfall,,,"200702071938","2",Perennial,"2",Natural,,"-98",NotApplicable,"-99",Unknown,"-98",NotApplicable,LGATE017_north_perm_artificial,/Users/293003c/Library/CloudStorage/OneDrive-Curtin/Projects/TCZ-research/water point GIS/LGATE017 north permanent.shp,39.000000000000000,,,,
-579415.448483756,-1933185.06405165,"1",WaterBody,,,"200702071938","2",Perennial,"2",Natural,,"-99",Unknown,"-99",Unknown,"5",Pool,LGATE017_north_perm_artificial,/Users/293003c/Library/CloudStorage/OneDrive-Curtin/Projects/TCZ-research/water point GIS/LGATE017 north permanent.shp,41.000000000000000,,,,
-535109.866952048,-1946715.92723606,"3",Spring,,,"200702071938","2",Perennial,"2",Natural,,"-99",Unknown,"-99",Unknown,"-98",NotApplicable,LGATE017_north_perm_artificial,/Users/293003c/Library/CloudStorage/OneDrive-Curtin/Projects/TCZ-research/water point GIS/LGATE017 north permanent.shp,44.000000000000000,,,,
-561620.688884016,-1992634.09933959,"4",Waterfall,,,"200702071938","2",Perennial,"2",Natural,,"-98",NotApplicable,"-99",Unknown,"-98",NotApplicable,LGATE017_north_perm_artificial,/Users/293003c/Library/CloudStorage/OneDrive-Curtin/Projects/TCZ-research/water point GIS/LGATE017 north permanent.shp,37.000000000000000,,,,
-430619.569829742,-1942689.11731813,"3",Spring,,,"200702071938","2",Perennial,"2",Natural,,"-99",Unknown,"-99",Unknown,"-98",NotApplicable,LGATE017_north_perm_artificial,/Users/293003c/Library/CloudStorage/OneDrive-Curtin/Projects/TCZ-research/water point GIS/LGATE017 north permanent.shp,41.000000000000000,"1",,,
-497840.054477235,-1993987.89497367,"5",WaterPointStructure,,,"200702071938","-99",Unknown,"1",Manmade,,"-99",Unknown,"-98",NotApplicable,"4",Tank,LGATE017_north_perm_artificial,/Users/293003c/Library/CloudStorage/OneDrive-Curtin/Projects/TCZ-research/water point GIS/LGATE017 north permanent.shp,39.000000000000000,,,,
-563898.822338834,-2184124.88950832,"3",Spring,,,"200702071242","2",Perennial,"2",Natural,,"-99",Unknown,"-99",Unknown,"-98",NotApplicable,LGATE017_north_perm_artificial,/Users/293003c/Library/CloudStorage/OneDrive-Curtin/Projects/TCZ-research/water point GIS/LGATE017 north permanent.shp,28.000000000000000,,,,
-434592.945198265,-1959963.14562265,"1",WaterBody,,,"200702071938","2",Perennial,"2",Natural,,"-99",Unknown,"-99",Unknown,"5",Pool,LGATE017_north_perm_artificial,/Users/293003c/Library/CloudStorage/OneDrive-Curtin/Projects/TCZ-research/water point GIS/LGATE017 north permanent.shp,37.000000000000000,"1",,,
-483336.496347065,-1944797.12385518,"1",WaterBody,,,"200702071938","2",Perennial,"2",Natural,,"-99",Unknown,"-99",Unknown,"5",Pool,LGATE017_north_perm_artificial,/Users/293003c/Library/CloudStorage/OneDrive-Curtin/Projects/TCZ-research/water point GIS/LGATE017 north permanent.shp,44.000000000000000,,,,
-504720.954083077,-2012478.20711755,"5",WaterPointStructure,,,"200702071938","-99",Unknown,"1",Manmade,,"-99",Unknown,"-98",NotApplicable,"7",Windmill,LGATE017_north_perm_artificial,/Users/293003c/Library/CloudStorage/OneDrive-Curtin/Projects/TCZ-research/water point GIS/LGATE017 north permanent.shp,38.000000000000000,,,,
-347687.536417863,-2173942.44054436,"3",Spring,,,"200702071242","2",Perennial,"2",Natural,,"-99",Unknown,"-99",Unknown,"-98",NotApplicable,LGATE017_north_perm_artificial,/Users/293003c/Library/CloudStorage/OneDrive-Curtin/Projects/TCZ-research/water point GIS/LGATE017 north permanent.shp,28.000000000000000,,,,
-543969.011161936,-1930685.94946232,"4",Waterfall,,,"200702071938","2",Perennial,"2",Natural,,"-98",NotApplicable,"-99",Unknown,"-98",NotApplicable,LGATE017_north_perm_artificial,/Users/293003c/Library/CloudStorage/OneDrive-Curtin/Projects/TCZ-research/water point GIS/LGATE017 north permanent.shp,47.000000000000000,,,,
-591547.271053439,-1945960.79700047,"5",WaterPointStructure,,,"200702071938","-99",Unknown,"1",Manmade,,"-99",Unknown,"-98",NotApplicable,"1",Bore,LGATE017_north_perm_artificial,/Users/293003c/Library/CloudStorage/OneDrive-Curtin/Projects/TCZ-research/water point GIS/LGATE017 north permanent.shp,43.000000000000000,,,,
-495454.870055532,-1989722.35170983,"3",Spring,,,"200702071938","2",Perennial,"2",Natural,,"-99",Unknown,"-99",Unknown,"-98",NotApplicable,LGATE017_north_perm_artificial,/Users/293003c/Library/CloudStorage/OneDrive-Curtin/Projects/TCZ-research/water point GIS/LGATE017 north permanent.shp,40.000000000000000,,,,
-552515.181278665,-2000466.97977732,"3",Spring,,,"200702071938","2",Perennial,"2",Natural,,"-99",Unknown,"-99",Unknown,"-98",NotApplicable,LGATE017_north_perm_artificial,/Users/293003c/Library/CloudStorage/OneDrive-Curtin/Projects/TCZ-research/water point GIS/LGATE017 north permanent.shp,41.000000000000000,,,,
-450364.623187492,-2012242.40554273,"1",WaterBody,,,"201311201723","2",Perennial,"1",Manmade,,"-99",Unknown,"-98",NotApplicable,"2",EarthDam,LGATE017_north_perm_artificial,/Users/293003c/Library/CloudStorage/OneDrive-Curtin/Projects/TCZ-research/water point GIS/LGATE017 north permanent.shp,38.000000000000000,,,,
-568922.989897757,-1959713.76804049,"5",WaterPointStructure,,,"200702071938","-99",Unknown,"1",Manmade,,"-99",Unknown,"-98",NotApplicable,"1",Bore,LGATE017_north_perm_artificial,/Users/293003c/Library/CloudStorage/OneDrive-Curtin/Projects/TCZ-research/water point GIS/LGATE017 north permanent.shp,42.000000000000000,,,,
-597992.046281507,-1988849.06253749,"4",Waterfall,,,"200702071938","2",Perennial,"2",Natural,,"-98",NotApplicable,"-99",Unknown,"-98",NotApplicable,LGATE017_north_perm_artificial,/Users/293003c/Library/CloudStorage/OneDrive-Curtin/Projects/TCZ-research/water point GIS/LGATE017 north permanent.shp,40.000000000000000,,,,
-561486.869443487,-1973628.19121741,"4",Waterfall,,,"200702071938","2",Perennial,"2",Natural,,"-98",NotApplicable,"-99",Unknown,"-98",NotApplicable,LGATE017_north_perm_artificial,/Users/293003c/Library/CloudStorage/OneDrive-Curtin/Projects/TCZ-research/water point GIS/LGATE017 north permanent.shp,39.000000000000000,,,,
-408121.865645982,-2169228.7121,"5",WaterPointStructure,,,"200702101818","-99",Unknown,"1",Manmade,,"-99",Unknown,"-98",NotApplicable,"1",Bore,LGATE017_north_perm_artificial,/Users/293003c/Library/CloudStorage/OneDrive-Curtin/Projects/TCZ-research/water point GIS/LGATE017 north permanent.shp,28.000000000000000,,,,
-414308.332480942,-2173251.13010312,"3",Spring,,,"200702071242","2",Perennial,"2",Natural,,"-99",Unknown,"-99",Unknown,"-98",NotApplicable,LGATE017_north_perm_artificial,/Users/293003c/Library/CloudStorage/OneDrive-Curtin/Projects/TCZ-research/water point GIS/LGATE017 north permanent.shp,28.000000000000000,,,,
-510857.150455197,-1975676.06475912,"5",WaterPointStructure,,,"200702071938","-99",Unknown,"1",Manmade,,"-99",Unknown,"-98",NotApplicable,"1",Bore,LGATE017_north_perm_artificial,/Users/293003c/Library/CloudStorage/OneDrive-Curtin/Projects/TCZ-research/water point GIS/LGATE017 north permanent.shp,41.000000000000000,,,,
-469837.509186601,-2131920.75648572,"3",Spring,,,"200702071241","2",Perennial,"2",Natural,,"-99",Unknown,"-99",Unknown,"-98",NotApplicable,LGATE017_north_perm_artificial,/Users/293003c/Library/CloudStorage/OneDrive-Curtin/Projects/TCZ-research/water point GIS/LGATE017 north permanent.shp,28.000000000000000,,,,
-549706.563977626,-2002065.94517256,"3",Spring,,,"200702071938","2",Perennial,"2",Natural,,"-99",Unknown,"-99",Unknown,"-98",NotApplicable,LGATE017_north_perm_artificial,/Users/293003c/Library/CloudStorage/OneDrive-Curtin/Projects/TCZ-research/water point GIS/LGATE017 north permanent.shp,41.000000000000000,,,,
-423989.091056109,-1954806.35619852,"1",WaterBody,,,"200702071938","2",Perennial,"2",Natural,,"-99",Unknown,"-99",Unknown,"5",Pool,LGATE017_north_perm_artificial,/Users/293003c/Library/CloudStorage/OneDrive-Curtin/Projects/TCZ-research/water point GIS/LGATE017 north permanent.shp,37.000000000000000,"1",,,
-572413.95478105,-1935675.94560281,"3",Spring,,,"200702071938","2",Perennial,"2",Natural,,"-99",Unknown,"-99",Unknown,"-98",NotApplicable,LGATE017_north_perm_artificial,/Users/293003c/Library/CloudStorage/OneDrive-Curtin/Projects/TCZ-research/water point GIS/LGATE017 north permanent.shp,42.000000000000000,,,,
-575456.797605904,-1981345.97315207,"3",Spring,,,"200702071938","2",Perennial,"2",Natural,,"-99",Unknown,"-99",Unknown,"-98",NotApplicable,LGATE017_north_perm_artificial,/Users/293003c/Library/CloudStorage/OneDrive-Curtin/Projects/TCZ-research/water point GIS/LGATE017 north permanent.shp,41.000000000000000,,,,
-559817.647586055,-1974338.55673322,"4",Waterfall,,,"200702071938","2",Perennial,"2",Natural,,"-98",NotApplicable,"-99",Unknown,"-98",NotApplicable,LGATE017_north_perm_artificial,/Users/293003c/Library/CloudStorage/OneDrive-Curtin/Projects/TCZ-research/water point GIS/LGATE017 north permanent.shp,39.000000000000000,,,,
-563532.979892127,-2041342.28451495,"3",Spring,,,"200702071938","2",Perennial,"2",Natural,,"-99",Unknown,"-99",Unknown,"-98",NotApplicable,LGATE017_north_perm_artificial,/Users/293003c/Library/CloudStorage/OneDrive-Curtin/Projects/TCZ-research/water point GIS/LGATE017 north permanent.shp,36.000000000000000,,,,
-474895.9737614,-1969960.16159942,"5",WaterPointStructure,,,"200702071938","-99",Unknown,"1",Manmade,,"-99",Unknown,"-98",NotApplicable,"4",Tank,LGATE017_north_perm_artificial,/Users/293003c/Library/CloudStorage/OneDrive-Curtin/Projects/TCZ-research/water point GIS/LGATE017 north permanent.shp,42.000000000000000,,,,
-551967.50075146,-2013239.70904519,"5",WaterPointStructure,,,"201005241756","-99",Unknown,"1",Manmade,,"-99",Unknown,"-98",NotApplicable,"4",Tank,LGATE017_north_perm_artificial,/Users/293003c/Library/CloudStorage/OneDrive-Curtin/Projects/TCZ-research/water point GIS/LGATE017 north permanent.shp,37.000000000000000,,,,
-586164.393718297,-1948406.07633545,"4",Waterfall,,,"200702071938","2",Perennial,"2",Natural,,"-98",NotApplicable,"-99",Unknown,"-98",NotApplicable,LGATE017_north_perm_artificial,/Users/293003c/Library/CloudStorage/OneDrive-Curtin/Projects/TCZ-research/water point GIS/LGATE017 north permanent.shp,41.000000000000000,,,,
-496868.466337862,-2128636.6887459,"5",WaterPointStructure,Chungla Well,Chungla Well,"200702101818","-99",Unknown,"1",Manmade,,"-99",Unknown,"-98",NotApplicable,"8",WellAndWindmill,LGATE017_north_perm_artificial,/Users/293003c/Library/CloudStorage/OneDrive-Curtin/Projects/TCZ-research/water point GIS/LGATE017 north permanent.shp,29.000000000000000,,,,
-434162.420076756,-1945424.53984585,"1",WaterBody,,,"200702071938","2",Perennial,"2",Natural,,"-99",Unknown,"-99",Unknown,"5",Pool,LGATE017_north_perm_artificial,/Users/293003c/Library/CloudStorage/OneDrive-Curtin/Projects/TCZ-research/water point GIS/LGATE017 north permanent.shp,41.000000000000000,"1",,,
-435808.320396071,-1973577.07202277,"1",WaterBody,,,"200702071938","2",Perennial,"2",Natural,,"-99",Unknown,"-99",Unknown,"5",Pool,LGATE017_north_perm_artificial,/Users/293003c/Library/CloudStorage/OneDrive-Curtin/Projects/TCZ-research/water point GIS/LGATE017 north permanent.shp,37.000000000000000,"1",,,
-559265.824416765,-1943857.09871086,"5",WaterPointStructure,,,"200702071938","-99",Unknown,"1",Manmade,,"-99",Unknown,"-98",NotApplicable,"1",Bore,LGATE017_north_perm_artificial,/Users/293003c/Library/CloudStorage/OneDrive-Curtin/Projects/TCZ-research/water point GIS/LGATE017 north permanent.shp,43.000000000000000,,,,
-558381.743739722,-1976875.49008765,"4",Waterfall,,,"200702071938","2",Perennial,"2",Natural,,"-98",NotApplicable,"-99",Unknown,"-98",NotApplicable,LGATE017_north_perm_artificial,/Users/293003c/Library/CloudStorage/OneDrive-Curtin/Projects/TCZ-research/water point GIS/LGATE017 north permanent.shp,39.000000000000000,,,,
-534092.444494711,-2011389.45197244,"1",WaterBody,,,"200702071938","2",Perennial,"1",Manmade,,"-99",Unknown,"-99",Unknown,"2",EarthDam,LGATE017_north_perm_artificial,/Users/293003c/Library/CloudStorage/OneDrive-Curtin/Projects/TCZ-research/water point GIS/LGATE017 north permanent.shp,38.000000000000000,,,,
-575477.0742014,-1948291.42111651,"5",WaterPointStructure,,,"200702071938","-99",Unknown,"1",Manmade,,"-99",Unknown,"-98",NotApplicable,"1",Bore,LGATE017_north_perm_artificial,/Users/293003c/Library/CloudStorage/OneDrive-Curtin/Projects/TCZ-research/water point GIS/LGATE017 north permanent.shp,43.000000000000000,,,,
-565095.978337098,-1989214.3446175,"3",Spring,,,"200702071938","2",Perennial,"2",Natural,,"-99",Unknown,"-99",Unknown,"-98",NotApplicable,LGATE017_north_perm_artificial,/Users/293003c/Library/CloudStorage/OneDrive-Curtin/Projects/TCZ-research/water point GIS/LGATE017 north permanent.shp,37.000000000000000,,,,
-461552.630986279,-1964488.06792188,"1",WaterBody,,,"200702071938","2",Perennial,"2",Natural,,"-99",Unknown,"-99",Unknown,"5",Pool,LGATE017_north_perm_artificial,/Users/293003c/Library/CloudStorage/OneDrive-Curtin/Projects/TCZ-research/water point GIS/LGATE017 north permanent.shp,41.000000000000000,,,,
-380060.714351891,-2071343.93485812,"3",Spring,,,"200702071241","2",Perennial,"2",Natural,,"-99",Unknown,"-99",Unknown,"-98",NotApplicable,LGATE017_north_perm_artificial,/Users/293003c/Library/CloudStorage/OneDrive-Curtin/Projects/TCZ-research/water point GIS/LGATE017 north permanent.shp,28.000000000000000,,,,
-559337.15420491,-1943848.83338161,"5",WaterPointStructure,,,"200702071938","-99",Unknown,"1",Manmade,,"-99",Unknown,"-98",NotApplicable,"1",Bore,LGATE017_north_perm_artificial,/Users/293003c/Library/CloudStorage/OneDrive-Curtin/Projects/TCZ-research/water point GIS/LGATE017 north permanent.shp,43.000000000000000,,,,
-428539.634144761,-1960870.1680792,"1",WaterBody,,,"200702071938","2",Perennial,"2",Natural,,"-99",Unknown,"-99",Unknown,"5",Pool,LGATE017_north_perm_artificial,/Users/293003c/Library/CloudStorage/OneDrive-Curtin/Projects/TCZ-research/water point GIS/LGATE017 north permanent.shp,37.000000000000000,"1",,,
-581929.089699462,-2055379.86900835,"3",Spring,,,"200702071241","2",Perennial,"2",Natural,,"-99",Unknown,"-99",Unknown,"-98",NotApplicable,LGATE017_north_perm_artificial,/Users/293003c/Library/CloudStorage/OneDrive-Curtin/Projects/TCZ-research/water point GIS/LGATE017 north permanent.shp,35.000000000000000,,,,
-567172.298014124,-1988246.09862982,"3",Spring,,,"200702071938","2",Perennial,"2",Natural,,"-99",Unknown,"-99",Unknown,"-98",NotApplicable,LGATE017_north_perm_artificial,/Users/293003c/Library/CloudStorage/OneDrive-Curtin/Projects/TCZ-research/water point GIS/LGATE017 north permanent.shp,37.000000000000000,,,,
-504813.032586626,-2061650.94387977,"3",Spring,,,"200702071241","2",Perennial,"2",Natural,,"-99",Unknown,"-99",Unknown,"-98",NotApplicable,LGATE017_north_perm_artificial,/Users/293003c/Library/CloudStorage/OneDrive-Curtin/Projects/TCZ-research/water point GIS/LGATE017 north permanent.shp,36.000000000000000,,,,
-583707.82237342,-1934624.62360197,"1",WaterBody,,,"200702071938","2",Perennial,"2",Natural,,"-99",Unknown,"-99",Unknown,"5",Pool,LGATE017_north_perm_artificial,/Users/293003c/Library/CloudStorage/OneDrive-Curtin/Projects/TCZ-research/water point GIS/LGATE017 north permanent.shp,41.000000000000000,,,,
-518769.326394068,-2025349.28883532,"5",WaterPointStructure,,,"200702071938","-99",Unknown,"1",Manmade,,"-99",Unknown,"-98",NotApplicable,"7",Windmill,LGATE017_north_perm_artificial,/Users/293003c/Library/CloudStorage/OneDrive-Curtin/Projects/TCZ-research/water point GIS/LGATE017 north permanent.shp,37.000000000000000,,,,
-582146.043625007,-1950815.02763014,"5",WaterPointStructure,,,"200702071938","-99",Unknown,"1",Manmade,,"-99",Unknown,"-98",NotApplicable,"1",Bore,LGATE017_north_perm_artificial,/Users/293003c/Library/CloudStorage/OneDrive-Curtin/Projects/TCZ-research/water point GIS/LGATE017 north permanent.shp,41.000000000000000,,,,
-464568.100342979,-2003251.66236462,"5",WaterPointStructure,,,"200702101818","-99",Unknown,"1",Manmade,,"-99",Unknown,"-98",NotApplicable,"7",Windmill,LGATE017_north_perm_artificial,/Users/293003c/Library/CloudStorage/OneDrive-Curtin/Projects/TCZ-research/water point GIS/LGATE017 north permanent.shp,38.000000000000000,,,,
-450555.305453148,-1977271.03418646,"1",WaterBody,,,"200702071938","2",Perennial,"1",Manmade,,"-99",Unknown,"-99",Unknown,"2",EarthDam,LGATE017_north_perm_artificial,/Users/293003c/Library/CloudStorage/OneDrive-Curtin/Projects/TCZ-research/water point GIS/LGATE017 north permanent.shp,39.000000000000000,"1",,,
-443938.452343778,-1941177.79262344,"1",WaterBody,,,"200702071938","2",Perennial,"1",Manmade,,"-99",Unknown,"-98",NotApplicable,"2",EarthDam,LGATE017_north_perm_artificial,/Users/293003c/Library/CloudStorage/OneDrive-Curtin/Projects/TCZ-research/water point GIS/LGATE017 north permanent.shp,41.000000000000000,"1",,,
-424503.892575678,-2018371.27089301,"1",WaterBody,,,"201311201723","2",Perennial,"1",Manmade,,"-99",Unknown,"-98",NotApplicable,"2",EarthDam,LGATE017_north_perm_artificial,/Users/293003c/Library/CloudStorage/OneDrive-Curtin/Projects/TCZ-research/water point GIS/LGATE017 north permanent.shp,34.000000000000000,,,,
-538082.622380969,-1998055.50349463,"5",WaterPointStructure,,,"200702071938","-99",Unknown,"1",Manmade,,"-99",Unknown,"-98",NotApplicable,"2",BoreAndWindmill,LGATE017_north_perm_artificial,/Users/293003c/Library/CloudStorage/OneDrive-Curtin/Projects/TCZ-research/water point GIS/LGATE017 north permanent.shp,39.000000000000000,,,,
-396538.840356544,-1985163.85206257,"5",WaterPointStructure,,,"200702101818","-99",Unknown,"1",Manmade,,"-99",Unknown,"-98",NotApplicable,"7",Windmill,LGATE017_north_perm_artificial,/Users/293003c/Library/CloudStorage/OneDrive-Curtin/Projects/TCZ-research/water point GIS/LGATE017 north permanent.shp,36.000000000000000,"1",,,
-556797.59832861,-1979183.35443652,"3",Spring,,,"200702071938","2",Perennial,"2",Natural,,"-99",Unknown,"-99",Unknown,"-98",NotApplicable,LGATE017_north_perm_artificial,/Users/293003c/Library/CloudStorage/OneDrive-Curtin/Projects/TCZ-research/water point GIS/LGATE017 north permanent.shp,39.000000000000000,,,,
-399912.895726862,-1925440.79825049,"1",WaterBody,,,"200702071938","2",Perennial,"2",Natural,,"-99",Unknown,"-99",Unknown,"5",Pool,LGATE017_north_perm_artificial,/Users/293003c/Library/CloudStorage/OneDrive-Curtin/Projects/TCZ-research/water point GIS/LGATE017 north permanent.shp,36.000000000000000,"1",,,
-586934.047009769,-1935596.47834331,"5",WaterPointStructure,,,"200702071938","-99",Unknown,"1",Manmade,,"-99",Unknown,"-98",NotApplicable,"1",Bore,LGATE017_north_perm_artificial,/Users/293003c/Library/CloudStorage/OneDrive-Curtin/Projects/TCZ-research/water point GIS/LGATE017 north permanent.shp,41.000000000000000,,,,
-456698.8929576,-1957160.54734716,"1",WaterBody,,,"200702071938","2",Perennial,"1",Manmade,,"-99",Unknown,"-99",Unknown,"2",EarthDam,LGATE017_north_perm_artificial,/Users/293003c/Library/CloudStorage/OneDrive-Curtin/Projects/TCZ-research/water point GIS/LGATE017 north permanent.shp,41.000000000000000,,,,
-601149.446504839,-1983095.71710704,"3",Spring,,,"200702071938","2",Perennial,"2",Natural,,"-99",Unknown,"-99",Unknown,"-98",NotApplicable,LGATE017_north_perm_artificial,/Users/293003c/Library/CloudStorage/OneDrive-Curtin/Projects/TCZ-research/water point GIS/LGATE017 north permanent.shp,40.000000000000000,,,,
-382540.044990739,-1952773.81310941,"5",WaterPointStructure,Coolibah Bore,Coolibah Bore,"200702101818","-99",Unknown,"1",Manmade,,"-99",Unknown,"-98",NotApplicable,"2",BoreAndWindmill,LGATE017_north_perm_artificial,/Users/293003c/Library/CloudStorage/OneDrive-Curtin/Projects/TCZ-research/water point GIS/LGATE017 north permanent.shp,36.000000000000000,"1",,,
-560339.40133766,-1978229.82741945,"4",Waterfall,,,"200702071938","2",Perennial,"2",Natural,,"-98",NotApplicable,"-99",Unknown,"-98",NotApplicable,LGATE017_north_perm_artificial,/Users/293003c/Library/CloudStorage/OneDrive-Curtin/Projects/TCZ-research/water point GIS/LGATE017 north permanent.shp,39.000000000000000,,,,
-541295.57653382,-1967061.52750354,"4",Waterfall,,,"200702071938","2",Perennial,"2",Natural,,"-98",NotApplicable,"-99",Unknown,"-98",NotApplicable,LGATE017_north_perm_artificial,/Users/293003c/Library/CloudStorage/OneDrive-Curtin/Projects/TCZ-research/water point GIS/LGATE017 north permanent.shp,42.000000000000000,,,,
-575127.696274395,-1947049.04315665,"5",WaterPointStructure,,,"200702071938","-99",Unknown,"1",Manmade,,"-99",Unknown,"-98",NotApplicable,"1",Bore,LGATE017_north_perm_artificial,/Users/293003c/Library/CloudStorage/OneDrive-Curtin/Projects/TCZ-research/water point GIS/LGATE017 north permanent.shp,43.000000000000000,,,,
-576173.117826642,-1951054.58300235,"5",WaterPointStructure,,,"200702071938","-99",Unknown,"1",Manmade,,"-99",Unknown,"-98",NotApplicable,"1",Bore,LGATE017_north_perm_artificial,/Users/293003c/Library/CloudStorage/OneDrive-Curtin/Projects/TCZ-research/water point GIS/LGATE017 north permanent.shp,43.000000000000000,,,,
-551758.848408877,-1976111.68163562,"4",Waterfall,,,"200702071938","2",Perennial,"2",Natural,,"-98",NotApplicable,"-99",Unknown,"-98",NotApplicable,LGATE017_north_perm_artificial,/Users/293003c/Library/CloudStorage/OneDrive-Curtin/Projects/TCZ-research/water point GIS/LGATE017 north permanent.shp,40.000000000000000,,,,
-563699.080378425,-2041774.60611414,"3",Spring,,,"200702071938","2",Perennial,"2",Natural,,"-99",Unknown,"-99",Unknown,"-98",NotApplicable,LGATE017_north_perm_artificial,/Users/293003c/Library/CloudStorage/OneDrive-Curtin/Projects/TCZ-research/water point GIS/LGATE017 north permanent.shp,36.000000000000000,,,,
-469050.095911443,-1968855.12340935,"5",WaterPointStructure,,,"200702071938","-99",Unknown,"1",Manmade,,"-99",Unknown,"-98",NotApplicable,"7",Windmill,LGATE017_north_perm_artificial,/Users/293003c/Library/CloudStorage/OneDrive-Curtin/Projects/TCZ-research/water point GIS/LGATE017 north permanent.shp,41.000000000000000,,,,
-579102.247800607,-1946890.45465332,"3",Spring,,,"200702071938","2",Perennial,"2",Natural,,"-99",Unknown,"-99",Unknown,"-98",NotApplicable,LGATE017_north_perm_artificial,/Users/293003c/Library/CloudStorage/OneDrive-Curtin/Projects/TCZ-research/water point GIS/LGATE017 north permanent.shp,41.000000000000000,,,,
-533346.954387823,-1992574.22276071,"1",WaterBody,,,"200702071938","2",Perennial,"1",Manmade,,"-99",Unknown,"-99",Unknown,"2",EarthDam,LGATE017_north_perm_artificial,/Users/293003c/Library/CloudStorage/OneDrive-Curtin/Projects/TCZ-research/water point GIS/LGATE017 north permanent.shp,39.000000000000000,,,,
-575134.652951885,-1944459.54451628,"5",WaterPointStructure,,,"200702071938","-99",Unknown,"1",Manmade,,"-99",Unknown,"-98",NotApplicable,"1",Bore,LGATE017_north_perm_artificial,/Users/293003c/Library/CloudStorage/OneDrive-Curtin/Projects/TCZ-research/water point GIS/LGATE017 north permanent.shp,43.000000000000000,,,,
-433735.81341751,-1966611.74497781,"1",WaterBody,,,"200702071938","2",Perennial,"2",Natural,,"-99",Unknown,"-99",Unknown,"5",Pool,LGATE017_north_perm_artificial,/Users/293003c/Library/CloudStorage/OneDrive-Curtin/Projects/TCZ-research/water point GIS/LGATE017 north permanent.shp,37.000000000000000,"1",,,
-526911.386265406,-2005284.37883208,"5",WaterPointStructure,,,"200702071938","-99",Unknown,"1",Manmade,,"-99",Unknown,"-98",NotApplicable,"2",BoreAndWindmill,LGATE017_north_perm_artificial,/Users/293003c/Library/CloudStorage/OneDrive-Curtin/Projects/TCZ-research/water point GIS/LGATE017 north permanent.shp,38.000000000000000,,,,
-441769.88691826,-1975260.10260054,"1",WaterBody,,,"200702071938","2",Perennial,"2",Natural,,"-99",Unknown,"-99",Unknown,"5",Pool,LGATE017_north_perm_artificial,/Users/293003c/Library/CloudStorage/OneDrive-Curtin/Projects/TCZ-research/water point GIS/LGATE017 north permanent.shp,38.000000000000000,"1",,,
-537311.165497849,-1956148.03811379,"3",Spring,,,"200702071938","2",Perennial,"2",Natural,,"-99",Unknown,"-99",Unknown,"-98",NotApplicable,LGATE017_north_perm_artificial,/Users/293003c/Library/CloudStorage/OneDrive-Curtin/Projects/TCZ-research/water point GIS/LGATE017 north permanent.shp,41.000000000000000,,,,
-548729.365160403,-1963415.53618715,"4",Waterfall,,,"200702071938","2",Perennial,"2",Natural,,"-98",NotApplicable,"-99",Unknown,"-98",NotApplicable,LGATE017_north_perm_artificial,/Users/293003c/Library/CloudStorage/OneDrive-Curtin/Projects/TCZ-research/water point GIS/LGATE017 north permanent.shp,40.000000000000000,,,,
-457785.361776395,-1954430.06671205,"5",WaterPointStructure,,,"202208152027","-99",Unknown,"1",Manmade,,"-99",Unknown,"-98",NotApplicable,"4",Tank,LGATE017_north_perm_artificial,/Users/293003c/Library/CloudStorage/OneDrive-Curtin/Projects/TCZ-research/water point GIS/LGATE017 north permanent.shp,41.000000000000000,,,,
-433594.120025935,-1966855.27087279,"1",WaterBody,,,"200702071938","2",Perennial,"2",Natural,,"-99",Unknown,"-99",Unknown,"5",Pool,LGATE017_north_perm_artificial,/Users/293003c/Library/CloudStorage/OneDrive-Curtin/Projects/TCZ-research/water point GIS/LGATE017 north permanent.shp,37.000000000000000,"1",,,
-461373.714207794,-1948807.27624278,"5",WaterPointStructure,,,"200702071938","-99",Unknown,"1",Manmade,,"-99",Unknown,"-98",NotApplicable,"4",Tank,LGATE017_north_perm_artificial,/Users/293003c/Library/CloudStorage/OneDrive-Curtin/Projects/TCZ-research/water point GIS/LGATE017 north permanent.shp,44.000000000000000,,,,
-440044.514459922,-1975283.39516582,"1",WaterBody,,,"200702071938","2",Perennial,"2",Natural,,"-99",Unknown,"-99",Unknown,"5",Pool,LGATE017_north_perm_artificial,/Users/293003c/Library/CloudStorage/OneDrive-Curtin/Projects/TCZ-research/water point GIS/LGATE017 north permanent.shp,38.000000000000000,"1",,,
-521928.743409096,-1932714.60786178,"3",Spring,,,"200702071938","2",Perennial,"2",Natural,,"-99",Unknown,"-99",Unknown,"-98",NotApplicable,LGATE017_north_perm_artificial,/Users/293003c/Library/CloudStorage/OneDrive-Curtin/Projects/TCZ-research/water point GIS/LGATE017 north permanent.shp,46.000000000000000,,,,
-611096.861741603,-1943752.61561308,"5",WaterPointStructure,,,"200702071938","-99",Unknown,"1",Manmade,,"-99",Unknown,"-98",NotApplicable,"4",Tank,LGATE017_north_perm_artificial,/Users/293003c/Library/CloudStorage/OneDrive-Curtin/Projects/TCZ-research/water point GIS/LGATE017 north permanent.shp,39.000000000000000,,,,
-531280.363291306,-2025381.16915879,"3",Spring,,,"200702071938","2",Perennial,"2",Natural,,"-99",Unknown,"-99",Unknown,"-98",NotApplicable,LGATE017_north_perm_artificial,/Users/293003c/Library/CloudStorage/OneDrive-Curtin/Projects/TCZ-research/water point GIS/LGATE017 north permanent.shp,37.000000000000000,,,,
-502513.929395912,-2008456.64181802,"5",WaterPointStructure,,,"200702071938","-99",Unknown,"1",Manmade,,"-99",Unknown,"-98",NotApplicable,"4",Tank,LGATE017_north_perm_artificial,/Users/293003c/Library/CloudStorage/OneDrive-Curtin/Projects/TCZ-research/water point GIS/LGATE017 north permanent.shp,38.000000000000000,,,,
-477999.594171278,-1957015.94896065,"5",WaterPointStructure,,,"200702071938","-99",Unknown,"1",Manmade,,"-99",Unknown,"-98",NotApplicable,"1",Bore,LGATE017_north_perm_artificial,/Users/293003c/Library/CloudStorage/OneDrive-Curtin/Projects/TCZ-research/water point GIS/LGATE017 north permanent.shp,43.000000000000000,,,,
-539918.939522155,-1930775.77485964,"1",WaterBody,,,"200702071938","2",Perennial,"2",Natural,,"-99",Unknown,"-99",Unknown,"5",Pool,LGATE017_north_perm_artificial,/Users/293003c/Library/CloudStorage/OneDrive-Curtin/Projects/TCZ-research/water point GIS/LGATE017 north permanent.shp,47.000000000000000,,,,
-436402.341615246,-1972053.2088863,"1",WaterBody,,,"200702071938","2",Perennial,"2",Natural,,"-99",Unknown,"-99",Unknown,"5",Pool,LGATE017_north_perm_artificial,/Users/293003c/Library/CloudStorage/OneDrive-Curtin/Projects/TCZ-research/water point GIS/LGATE017 north permanent.shp,37.000000000000000,"1",,,
-598221.109009904,-1933512.53409567,"1",WaterBody,,,"200702071938","2",Perennial,"2",Natural,,"-99",Unknown,"-99",Unknown,"5",Pool,LGATE017_north_perm_artificial,/Users/293003c/Library/CloudStorage/OneDrive-Curtin/Projects/TCZ-research/water point GIS/LGATE017 north permanent.shp,40.000000000000000,,,,
-519767.259449856,-1947239.73930884,"1",WaterBody,,,"200702071938","2",Perennial,"2",Natural,,"-99",Unknown,"-99",Unknown,"5",Pool,LGATE017_north_perm_artificial,/Users/293003c/Library/CloudStorage/OneDrive-Curtin/Projects/TCZ-research/water point GIS/LGATE017 north permanent.shp,43.000000000000000,,,,
-478875.417859108,-2190324.32166855,"5",WaterPointStructure,Stafford Bore,Stafford Bore,"200702101818","-99",Unknown,"1",Manmade,,"-99",Unknown,"-98",NotApplicable,"1",Bore,LGATE017_north_perm_artificial,/Users/293003c/Library/CloudStorage/OneDrive-Curtin/Projects/TCZ-research/water point GIS/LGATE017 north permanent.shp,25.000000000000000,,,,
-431650.522313039,-1947899.93492727,"1",WaterBody,,,"200702071938","2",Perennial,"2",Natural,,"-99",Unknown,"-99",Unknown,"5",Pool,LGATE017_north_perm_artificial,/Users/293003c/Library/CloudStorage/OneDrive-Curtin/Projects/TCZ-research/water point GIS/LGATE017 north permanent.shp,40.000000000000000,"1",,,
-385001.813479393,-1992238.05580429,"5",WaterPointStructure,,,"200702101818","-99",Unknown,"1",Manmade,,"-99",Unknown,"-98",NotApplicable,"7",Windmill,LGATE017_north_perm_artificial,/Users/293003c/Library/CloudStorage/OneDrive-Curtin/Projects/TCZ-research/water point GIS/LGATE017 north permanent.shp,34.000000000000000,,,,
-505769.019169663,-1965400.27989526,"1",WaterBody,,,"200702071938","2",Perennial,"2",Natural,,"-99",Unknown,"-99",Unknown,"5",Pool,LGATE017_north_perm_artificial,/Users/293003c/Library/CloudStorage/OneDrive-Curtin/Projects/TCZ-research/water point GIS/LGATE017 north permanent.shp,42.000000000000000,,,,
-434296.349557551,-1966841.79466811,"1",WaterBody,,,"200702071938","2",Perennial,"2",Natural,,"-99",Unknown,"-99",Unknown,"5",Pool,LGATE017_north_perm_artificial,/Users/293003c/Library/CloudStorage/OneDrive-Curtin/Projects/TCZ-research/water point GIS/LGATE017 north permanent.shp,37.000000000000000,"1",,,
-419463.32868553,-2172459.11799694,"1",WaterBody,,,"200702071242","2",Perennial,"1",Manmade,,"-99",Unknown,"-99",Unknown,"2",EarthDam,LGATE017_north_perm_artificial,/Users/293003c/Library/CloudStorage/OneDrive-Curtin/Projects/TCZ-research/water point GIS/LGATE017 north permanent.shp,28.000000000000000,,,,
-433582.967884352,-1968547.16536226,"1",WaterBody,,,"200702071938","2",Perennial,"2",Natural,,"-99",Unknown,"-99",Unknown,"5",Pool,LGATE017_north_perm_artificial,/Users/293003c/Library/CloudStorage/OneDrive-Curtin/Projects/TCZ-research/water point GIS/LGATE017 north permanent.shp,37.000000000000000,"1",,,
-435918.308193311,-1945132.92575564,"1",WaterBody,,,"200702071938","2",Perennial,"2",Natural,,"-99",Unknown,"-99",Unknown,"5",Pool,LGATE017_north_perm_artificial,/Users/293003c/Library/CloudStorage/OneDrive-Curtin/Projects/TCZ-research/water point GIS/LGATE017 north permanent.shp,41.000000000000000,"1",,,
-321467.015046049,-2205940.85423659,"5",WaterPointStructure,,,"200702101818","-99",Unknown,"1",Manmade,,"-99",Unknown,"-98",NotApplicable,"7",Windmill,LGATE017_north_perm_artificial,/Users/293003c/Library/CloudStorage/OneDrive-Curtin/Projects/TCZ-research/water point GIS/LGATE017 north permanent.shp,25.000000000000000,,,,
-554003.064000994,-2042121.56507801,"3",Spring,,,"200702071938","2",Perennial,"2",Natural,,"-99",Unknown,"-99",Unknown,"-98",NotApplicable,LGATE017_north_perm_artificial,/Users/293003c/Library/CloudStorage/OneDrive-Curtin/Projects/TCZ-research/water point GIS/LGATE017 north permanent.shp,35.000000000000000,,,,
-519674.926850053,-2048622.60539772,"3",Spring,,,"200702071241","2",Perennial,"2",Natural,,"-99",Unknown,"-99",Unknown,"-98",NotApplicable,LGATE017_north_perm_artificial,/Users/293003c/Library/CloudStorage/OneDrive-Curtin/Projects/TCZ-research/water point GIS/LGATE017 north permanent.shp,37.000000000000000,,,,
-355702.259778433,-2015110.37368263,"5",WaterPointStructure,,,"201004091932","-99",Unknown,"1",Manmade,,"-99",Unknown,"-98",NotApplicable,"1",Bore,LGATE017_north_perm_artificial,/Users/293003c/Library/CloudStorage/OneDrive-Curtin/Projects/TCZ-research/water point GIS/LGATE017 north permanent.shp,32.000000000000000,,,,
-473235.447925537,-1959903.24891637,"1",WaterBody,,,"200702071938","2",Perennial,"2",Natural,,"-99",Unknown,"-99",Unknown,"5",Pool,LGATE017_north_perm_artificial,/Users/293003c/Library/CloudStorage/OneDrive-Curtin/Projects/TCZ-research/water point GIS/LGATE017 north permanent.shp,42.000000000000000,,,,
-540876.951613414,-1964662.21687997,"4",Waterfall,,,"200702071938","2",Perennial,"2",Natural,,"-98",NotApplicable,"-99",Unknown,"-98",NotApplicable,LGATE017_north_perm_artificial,/Users/293003c/Library/CloudStorage/OneDrive-Curtin/Projects/TCZ-research/water point GIS/LGATE017 north permanent.shp,42.000000000000000,,,,
-578492.377340454,-1966528.02089425,"4",Waterfall,,,"200702071938","2",Perennial,"2",Natural,,"-98",NotApplicable,"-99",Unknown,"-98",NotApplicable,LGATE017_north_perm_artificial,/Users/293003c/Library/CloudStorage/OneDrive-Curtin/Projects/TCZ-research/water point GIS/LGATE017 north permanent.shp,37.000000000000000,,,,
-478354.613183821,-1939723.32196491,"5",WaterPointStructure,,,"200702071938","-99",Unknown,"1",Manmade,,"-99",Unknown,"-98",NotApplicable,"7",Windmill,LGATE017_north_perm_artificial,/Users/293003c/Library/CloudStorage/OneDrive-Curtin/Projects/TCZ-research/water point GIS/LGATE017 north permanent.shp,44.000000000000000,,,,
-448340.99850362,-1949161.98056809,"5",WaterPointStructure,,,"200702071938","-99",Unknown,"1",Manmade,,"-99",Unknown,"-98",NotApplicable,"1",Bore,LGATE017_north_perm_artificial,/Users/293003c/Library/CloudStorage/OneDrive-Curtin/Projects/TCZ-research/water point GIS/LGATE017 north permanent.shp,41.000000000000000,"1",,,
-591224.587058233,-1947176.98609444,"5",WaterPointStructure,,,"200702071938","-99",Unknown,"1",Manmade,,"-99",Unknown,"-98",NotApplicable,"1",Bore,LGATE017_north_perm_artificial,/Users/293003c/Library/CloudStorage/OneDrive-Curtin/Projects/TCZ-research/water point GIS/LGATE017 north permanent.shp,43.000000000000000,,,,
-556642.642463038,-2012095.1539568,"5",WaterPointStructure,,,"201406231955","-99",Unknown,"1",Manmade,,"-99",Unknown,"-98",NotApplicable,"4",Tank,LGATE017_north_perm_artificial,/Users/293003c/Library/CloudStorage/OneDrive-Curtin/Projects/TCZ-research/water point GIS/LGATE017 north permanent.shp,35.000000000000000,,,,
-490500.510792962,-1972385.55379534,"1",WaterBody,,,"200702071938","2",Perennial,"2",Natural,,"-99",Unknown,"-99",Unknown,"5",Pool,LGATE017_north_perm_artificial,/Users/293003c/Library/CloudStorage/OneDrive-Curtin/Projects/TCZ-research/water point GIS/LGATE017 north permanent.shp,42.000000000000000,,,,
-513860.297674578,-1983161.77873561,"5",WaterPointStructure,,,"200702071938","-99",Unknown,"1",Manmade,,"-99",Unknown,"-98",NotApplicable,"7",Windmill,LGATE017_north_perm_artificial,/Users/293003c/Library/CloudStorage/OneDrive-Curtin/Projects/TCZ-research/water point GIS/LGATE017 north permanent.shp,40.000000000000000,,,,
-547573.059198493,-1970378.50021625,"4",Waterfall,,,"200702071938","2",Perennial,"2",Natural,,"-98",NotApplicable,"-99",Unknown,"-98",NotApplicable,LGATE017_north_perm_artificial,/Users/293003c/Library/CloudStorage/OneDrive-Curtin/Projects/TCZ-research/water point GIS/LGATE017 north permanent.shp,40.000000000000000,,,,
-569172.451498789,-2183940.2491607,"5",WaterPointStructure,No. 48 Well,No. 48 Well,"200702101818","-99",Unknown,"1",Manmade,,"-99",Unknown,"-98",NotApplicable,"6",Well,LGATE017_north_perm_artificial,/Users/293003c/Library/CloudStorage/OneDrive-Curtin/Projects/TCZ-research/water point GIS/LGATE017 north permanent.shp,27.000000000000000,,,,
-594673.225211435,-1951819.32033763,"3",Spring,,,"200702071938","2",Perennial,"2",Natural,,"-99",Unknown,"-99",Unknown,"-98",NotApplicable,LGATE017_north_perm_artificial,/Users/293003c/Library/CloudStorage/OneDrive-Curtin/Projects/TCZ-research/water point GIS/LGATE017 north permanent.shp,43.000000000000000,,,,
-530237.560824013,-1930677.50160607,"4",Waterfall,,,"200702071938","2",Perennial,"2",Natural,,"-98",NotApplicable,"-99",Unknown,"-98",NotApplicable,LGATE017_north_perm_artificial,/Users/293003c/Library/CloudStorage/OneDrive-Curtin/Projects/TCZ-research/water point GIS/LGATE017 north permanent.shp,49.000000000000000,,,,
-545874.937235854,-1961820.12324729,"3",Spring,,,"200702071938","2",Perennial,"2",Natural,,"-99",Unknown,"-99",Unknown,"-98",NotApplicable,LGATE017_north_perm_artificial,/Users/293003c/Library/CloudStorage/OneDrive-Curtin/Projects/TCZ-research/water point GIS/LGATE017 north permanent.shp,40.000000000000000,,,,
-380576.262525059,-1972328.69705561,"5",WaterPointStructure,Cattle Creek Bore,Cattle Creek Bore,"200702101818","-99",Unknown,"1",Manmade,,"-99",Unknown,"-98",NotApplicable,"2",BoreAndWindmill,LGATE017_north_perm_artificial,/Users/293003c/Library/CloudStorage/OneDrive-Curtin/Projects/TCZ-research/water point GIS/LGATE017 north permanent.shp,35.000000000000000,"1",,,
-452015.873846072,-1957268.04432149,"1",WaterBody,,,"200702071938","2",Perennial,"2",Natural,,"-99",Unknown,"-99",Unknown,"5",Pool,LGATE017_north_perm_artificial,/Users/293003c/Library/CloudStorage/OneDrive-Curtin/Projects/TCZ-research/water point GIS/LGATE017 north permanent.shp,41.000000000000000,"1",,,
-371451.136873778,-1966747.36276484,"5",WaterPointStructure,No. 3 Bore,No. 3 Bore,"200702101818","-99",Unknown,"1",Manmade,,"-99",Unknown,"-98",NotApplicable,"2",BoreAndWindmill,LGATE017_north_perm_artificial,/Users/293003c/Library/CloudStorage/OneDrive-Curtin/Projects/TCZ-research/water point GIS/LGATE017 north permanent.shp,34.000000000000000,"1",,,
-522836.817483982,-1932958.06414872,"3",Spring,,,"200702071938","2",Perennial,"2",Natural,,"-99",Unknown,"-99",Unknown,"-98",NotApplicable,LGATE017_north_perm_artificial,/Users/293003c/Library/CloudStorage/OneDrive-Curtin/Projects/TCZ-research/water point GIS/LGATE017 north permanent.shp,46.000000000000000,,,,
-573894.062688616,-1958924.22047421,"5",WaterPointStructure,,,"200702071938","-99",Unknown,"1",Manmade,,"-99",Unknown,"-98",NotApplicable,"1",Bore,LGATE017_north_perm_artificial,/Users/293003c/Library/CloudStorage/OneDrive-Curtin/Projects/TCZ-research/water point GIS/LGATE017 north permanent.shp,42.000000000000000,,,,
-550465.822891173,-2003360.80603573,"3",Spring,,,"200702071938","2",Perennial,"2",Natural,,"-99",Unknown,"-99",Unknown,"-98",NotApplicable,LGATE017_north_perm_artificial,/Users/293003c/Library/CloudStorage/OneDrive-Curtin/Projects/TCZ-research/water point GIS/LGATE017 north permanent.shp,41.000000000000000,,,,
-540217.159086046,-1930993.9258583,"1",WaterBody,,,"200702071938","2",Perennial,"2",Natural,,"-99",Unknown,"-99",Unknown,"5",Pool,LGATE017_north_perm_artificial,/Users/293003c/Library/CloudStorage/OneDrive-Curtin/Projects/TCZ-research/water point GIS/LGATE017 north permanent.shp,47.000000000000000,,,,
-437951.225503884,-1936623.54439727,"5",WaterPointStructure,,,"200702071938","-99",Unknown,"1",Manmade,,"-99",Unknown,"-98",NotApplicable,"4",Tank,LGATE017_north_perm_artificial,/Users/293003c/Library/CloudStorage/OneDrive-Curtin/Projects/TCZ-research/water point GIS/LGATE017 north permanent.shp,41.000000000000000,"1",,,
-615706.105907395,-2004868.63153693,"4",Waterfall,,,"200702071938","2",Perennial,"2",Natural,,"-98",NotApplicable,"-99",Unknown,"-98",NotApplicable,LGATE017_north_perm_artificial,/Users/293003c/Library/CloudStorage/OneDrive-Curtin/Projects/TCZ-research/water point GIS/LGATE017 north permanent.shp,38.000000000000000,,,,
-388429.686632988,-2065722.2460314,"3",Spring,,,"200702071241","2",Perennial,"2",Natural,,"-99",Unknown,"-99",Unknown,"-98",NotApplicable,LGATE017_north_perm_artificial,/Users/293003c/Library/CloudStorage/OneDrive-Curtin/Projects/TCZ-research/water point GIS/LGATE017 north permanent.shp,30.000000000000000,,,,
-520706.272042306,-1968716.95563276,"1",WaterBody,,,"200702071938","2",Perennial,"1",Manmade,,"-99",Unknown,"-99",Unknown,"2",EarthDam,LGATE017_north_perm_artificial,/Users/293003c/Library/CloudStorage/OneDrive-Curtin/Projects/TCZ-research/water point GIS/LGATE017 north permanent.shp,43.000000000000000,,,,
-523450.123089578,-2177677.12289089,"5",WaterPointStructure,,,"200702101818","-99",Unknown,"1",Manmade,,"-99",Unknown,"-98",NotApplicable,"6",Well,LGATE017_north_perm_artificial,/Users/293003c/Library/CloudStorage/OneDrive-Curtin/Projects/TCZ-research/water point GIS/LGATE017 north permanent.shp,27.000000000000000,,,,
-601982.60763632,-1976294.19710676,"3",Spring,,,"200702071938","2",Perennial,"2",Natural,,"-99",Unknown,"-99",Unknown,"-98",NotApplicable,LGATE017_north_perm_artificial,/Users/293003c/Library/CloudStorage/OneDrive-Curtin/Projects/TCZ-research/water point GIS/LGATE017 north permanent.shp,40.000000000000000,,,,
-455196.940593998,-1957615.6477139,"5",WaterPointStructure,,,"202304171944","-99",Unknown,"1",Manmade,,"-99",Unknown,"-98",NotApplicable,"4",Tank,LGATE017_north_perm_artificial,/Users/293003c/Library/CloudStorage/OneDrive-Curtin/Projects/TCZ-research/water point GIS/LGATE017 north permanent.shp,43.000000000000000,"1",,,
-597361.828829009,-1944490.96245613,"4",Waterfall,,,"200702071938","2",Perennial,"2",Natural,,"-98",NotApplicable,"-99",Unknown,"-98",NotApplicable,LGATE017_north_perm_artificial,/Users/293003c/Library/CloudStorage/OneDrive-Curtin/Projects/TCZ-research/water point GIS/LGATE017 north permanent.shp,43.000000000000000,,,,
-322583.843432999,-1944323.82960098,"1",WaterBody,,,"200702071241","2",Perennial,"1",Manmade,,"-99",Unknown,"-99",Unknown,"2",EarthDam,LGATE017_north_perm_artificial,/Users/293003c/Library/CloudStorage/OneDrive-Curtin/Projects/TCZ-research/water point GIS/LGATE017 north permanent.shp,35.000000000000000,"1",,,
-444816.265076608,-1973707.271931,"1",WaterBody,,,"200702071938","2",Perennial,"2",Natural,,"-99",Unknown,"-99",Unknown,"5",Pool,LGATE017_north_perm_artificial,/Users/293003c/Library/CloudStorage/OneDrive-Curtin/Projects/TCZ-research/water point GIS/LGATE017 north permanent.shp,38.000000000000000,"1",,,
-595565.933557701,-2033379.3672912,"4",Waterfall,,,"200702071938","2",Perennial,"2",Natural,,"-98",NotApplicable,"-99",Unknown,"-98",NotApplicable,LGATE017_north_perm_artificial,/Users/293003c/Library/CloudStorage/OneDrive-Curtin/Projects/TCZ-research/water point GIS/LGATE017 north permanent.shp,33.000000000000000,,,,
-485594.540595489,-1988994.02349864,"3",Spring,,,"200702071938","2",Perennial,"2",Natural,,"-99",Unknown,"-99",Unknown,"-98",NotApplicable,LGATE017_north_perm_artificial,/Users/293003c/Library/CloudStorage/OneDrive-Curtin/Projects/TCZ-research/water point GIS/LGATE017 north permanent.shp,40.000000000000000,,,,
-586148.165680698,-1935052.81049868,"5",WaterPointStructure,,,"200702071938","-99",Unknown,"1",Manmade,,"-99",Unknown,"-98",NotApplicable,"1",Bore,LGATE017_north_perm_artificial,/Users/293003c/Library/CloudStorage/OneDrive-Curtin/Projects/TCZ-research/water point GIS/LGATE017 north permanent.shp,41.000000000000000,,,,
-554880.812731652,-2013573.43860526,"1",WaterBody,,,"201005241756","2",Perennial,"1",Manmade,,"-99",Unknown,"-98",NotApplicable,"2",EarthDam,LGATE017_north_perm_artificial,/Users/293003c/Library/CloudStorage/OneDrive-Curtin/Projects/TCZ-research/water point GIS/LGATE017 north permanent.shp,35.000000000000000,,,,
-584387.490909365,-2007601.75480519,"5",WaterPointStructure,,,"200702071938","-99",Unknown,"1",Manmade,,"-99",Unknown,"-98",NotApplicable,"7",Windmill,LGATE017_north_perm_artificial,/Users/293003c/Library/CloudStorage/OneDrive-Curtin/Projects/TCZ-research/water point GIS/LGATE017 north permanent.shp,37.000000000000000,,,,
-454211.488531055,-2049058.38198397,"1",WaterBody,,,"200702071241","2",Perennial,"1",Manmade,,"-99",Unknown,"-99",Unknown,"2",EarthDam,LGATE017_north_perm_artificial,/Users/293003c/Library/CloudStorage/OneDrive-Curtin/Projects/TCZ-research/water point GIS/LGATE017 north permanent.shp,33.000000000000000,,,,
-427034.928628115,-1983601.85729865,"1",WaterBody,,,"200702071938","2",Perennial,"2",Natural,,"-99",Unknown,"-99",Unknown,"5",Pool,LGATE017_north_perm_artificial,/Users/293003c/Library/CloudStorage/OneDrive-Curtin/Projects/TCZ-research/water point GIS/LGATE017 north permanent.shp,35.000000000000000,"1",,,
-593180.347194452,-1976964.27877051,"4",Waterfall,,,"200702071938","2",Perennial,"2",Natural,,"-98",NotApplicable,"-99",Unknown,"-98",NotApplicable,LGATE017_north_perm_artificial,/Users/293003c/Library/CloudStorage/OneDrive-Curtin/Projects/TCZ-research/water point GIS/LGATE017 north permanent.shp,41.000000000000000,,,,
-560127.059259926,-2028083.21597292,"5",WaterPointStructure,,,"200702071938","-99",Unknown,"1",Manmade,,"-99",Unknown,"-98",NotApplicable,"7",Windmill,LGATE017_north_perm_artificial,/Users/293003c/Library/CloudStorage/OneDrive-Curtin/Projects/TCZ-research/water point GIS/LGATE017 north permanent.shp,35.000000000000000,,,,
-594913.554858406,-1951105.50397394,"3",Spring,,,"200702071938","2",Perennial,"2",Natural,,"-99",Unknown,"-99",Unknown,"-98",NotApplicable,LGATE017_north_perm_artificial,/Users/293003c/Library/CloudStorage/OneDrive-Curtin/Projects/TCZ-research/water point GIS/LGATE017 north permanent.shp,43.000000000000000,,,,
-430388.097862158,-1962356.35816732,"1",WaterBody,,,"200702071938","2",Perennial,"2",Natural,,"-99",Unknown,"-99",Unknown,"5",Pool,LGATE017_north_perm_artificial,/Users/293003c/Library/CloudStorage/OneDrive-Curtin/Projects/TCZ-research/water point GIS/LGATE017 north permanent.shp,37.000000000000000,"1",,,
-403578.987406359,-1930340.8896632,"1",WaterBody,,,"200702071241","2",Perennial,"2",Natural,,"-99",Unknown,"-99",Unknown,"5",Pool,LGATE017_north_perm_artificial,/Users/293003c/Library/CloudStorage/OneDrive-Curtin/Projects/TCZ-research/water point GIS/LGATE017 north permanent.shp,36.000000000000000,"1",,,
-494428.222552618,-1974234.52067366,"1",WaterBody,,,"200702071938","2",Perennial,"2",Natural,,"-99",Unknown,"-99",Unknown,"5",Pool,LGATE017_north_perm_artificial,/Users/293003c/Library/CloudStorage/OneDrive-Curtin/Projects/TCZ-research/water point GIS/LGATE017 north permanent.shp,41.000000000000000,,,,
-592911.939871215,-1967413.338398,"4",Waterfall,,,"200702071938","2",Perennial,"2",Natural,,"-98",NotApplicable,"-99",Unknown,"-98",NotApplicable,LGATE017_north_perm_artificial,/Users/293003c/Library/CloudStorage/OneDrive-Curtin/Projects/TCZ-research/water point GIS/LGATE017 north permanent.shp,38.000000000000000,,,,
-353845.813061489,-2179042.09275489,"5",WaterPointStructure,,,"200702101818","-99",Unknown,"1",Manmade,,"-99",Unknown,"-98",NotApplicable,"1",Bore,LGATE017_north_perm_artificial,/Users/293003c/Library/CloudStorage/OneDrive-Curtin/Projects/TCZ-research/water point GIS/LGATE017 north permanent.shp,26.000000000000000,,,,
-542182.198963253,-1931092.54145322,"1",WaterBody,,,"200702071938","2",Perennial,"2",Natural,,"-99",Unknown,"-99",Unknown,"5",Pool,LGATE017_north_perm_artificial,/Users/293003c/Library/CloudStorage/OneDrive-Curtin/Projects/TCZ-research/water point GIS/LGATE017 north permanent.shp,47.000000000000000,,,,
-587495.754808872,-1943459.69308128,"4",Waterfall,,,"200702071938","2",Perennial,"2",Natural,,"-98",NotApplicable,"-99",Unknown,"-98",NotApplicable,LGATE017_north_perm_artificial,/Users/293003c/Library/CloudStorage/OneDrive-Curtin/Projects/TCZ-research/water point GIS/LGATE017 north permanent.shp,43.000000000000000,,,,
-573767.78103439,-1942150.76723939,"3",Spring,,,"200702071938","2",Perennial,"2",Natural,,"-99",Unknown,"-99",Unknown,"-98",NotApplicable,LGATE017_north_perm_artificial,/Users/293003c/Library/CloudStorage/OneDrive-Curtin/Projects/TCZ-research/water point GIS/LGATE017 north permanent.shp,43.000000000000000,,,,
-600668.102466261,-1935496.81002074,"1",WaterBody,,,"200702071938","2",Perennial,"2",Natural,,"-99",Unknown,"-99",Unknown,"5",Pool,LGATE017_north_perm_artificial,/Users/293003c/Library/CloudStorage/OneDrive-Curtin/Projects/TCZ-research/water point GIS/LGATE017 north permanent.shp,40.000000000000000,,,,
-521482.229011758,-1996512.38171433,"5",WaterPointStructure,,,"200702071938","-99",Unknown,"1",Manmade,,"-99",Unknown,"-98",NotApplicable,"4",Tank,LGATE017_north_perm_artificial,/Users/293003c/Library/CloudStorage/OneDrive-Curtin/Projects/TCZ-research/water point GIS/LGATE017 north permanent.shp,39.000000000000000,,,,
-427045.726752191,-1965099.20558694,"5",WaterPointStructure,,,"200702071938","-99",Unknown,"1",Manmade,,"-99",Unknown,"-98",NotApplicable,"4",Tank,LGATE017_north_perm_artificial,/Users/293003c/Library/CloudStorage/OneDrive-Curtin/Projects/TCZ-research/water point GIS/LGATE017 north permanent.shp,36.000000000000000,"1",,,
-599750.552873902,-1980919.78179857,"3",Spring,,,"200702071938","2",Perennial,"2",Natural,,"-99",Unknown,"-99",Unknown,"-98",NotApplicable,LGATE017_north_perm_artificial,/Users/293003c/Library/CloudStorage/OneDrive-Curtin/Projects/TCZ-research/water point GIS/LGATE017 north permanent.shp,40.000000000000000,,,,
-520860.075929778,-1968687.08233351,"5",WaterPointStructure,,,"200702071938","-99",Unknown,"1",Manmade,,"-99",Unknown,"-98",NotApplicable,"7",Windmill,LGATE017_north_perm_artificial,/Users/293003c/Library/CloudStorage/OneDrive-Curtin/Projects/TCZ-research/water point GIS/LGATE017 north permanent.shp,43.000000000000000,,,,
-596081.294194708,-1976052.95808678,"5",WaterPointStructure,,,"200702071938","-99",Unknown,"1",Manmade,,"-99",Unknown,"-98",NotApplicable,"1",Bore,LGATE017_north_perm_artificial,/Users/293003c/Library/CloudStorage/OneDrive-Curtin/Projects/TCZ-research/water point GIS/LGATE017 north permanent.shp,41.000000000000000,,,,
-592260.064444252,-2205212.66872612,"5",WaterPointStructure,No. 47 Well,No. 47 Well,"200702101818","-99",Unknown,"1",Manmade,,"-99",Unknown,"-98",NotApplicable,"6",Well,LGATE017_north_perm_artificial,/Users/293003c/Library/CloudStorage/OneDrive-Curtin/Projects/TCZ-research/water point GIS/LGATE017 north permanent.shp,26.000000000000000,,,,
-467428.907671906,-1982585.04357285,"1",WaterBody,,,"200702071938","2",Perennial,"1",Manmade,,"-99",Unknown,"-99",Unknown,"2",EarthDam,LGATE017_north_perm_artificial,/Users/293003c/Library/CloudStorage/OneDrive-Curtin/Projects/TCZ-research/water point GIS/LGATE017 north permanent.shp,41.000000000000000,,,,
-444387.01950944,-1980823.61849304,"1",WaterBody,,,"200702071938","2",Perennial,"2",Natural,,"-99",Unknown,"-99",Unknown,"5",Pool,LGATE017_north_perm_artificial,/Users/293003c/Library/CloudStorage/OneDrive-Curtin/Projects/TCZ-research/water point GIS/LGATE017 north permanent.shp,38.000000000000000,"1",,,
-559878.635451288,-1944099.6058538,"4",Waterfall,,,"200702071938","2",Perennial,"2",Natural,,"-98",NotApplicable,"-99",Unknown,"-98",NotApplicable,LGATE017_north_perm_artificial,/Users/293003c/Library/CloudStorage/OneDrive-Curtin/Projects/TCZ-research/water point GIS/LGATE017 north permanent.shp,43.000000000000000,,,,
-570228.729178711,-1981350.71630237,"5",WaterPointStructure,,,"200702071938","-99",Unknown,"1",Manmade,,"-99",Unknown,"-98",NotApplicable,"1",Bore,LGATE017_north_perm_artificial,/Users/293003c/Library/CloudStorage/OneDrive-Curtin/Projects/TCZ-research/water point GIS/LGATE017 north permanent.shp,37.000000000000000,,,,
-557479.324967492,-1979856.65902962,"4",Waterfall,,,"200702071938","2",Perennial,"2",Natural,,"-98",NotApplicable,"-99",Unknown,"-98",NotApplicable,LGATE017_north_perm_artificial,/Users/293003c/Library/CloudStorage/OneDrive-Curtin/Projects/TCZ-research/water point GIS/LGATE017 north permanent.shp,39.000000000000000,,,,
-603028.061271779,-2065065.04266267,"3",Spring,,,"200702071241","2",Perennial,"2",Natural,,"-99",Unknown,"-99",Unknown,"-98",NotApplicable,LGATE017_north_perm_artificial,/Users/293003c/Library/CloudStorage/OneDrive-Curtin/Projects/TCZ-research/water point GIS/LGATE017 north permanent.shp,32.000000000000000,,,,
-568532.707248063,-1959251.39105635,"5",WaterPointStructure,,,"200702071938","-99",Unknown,"1",Manmade,,"-99",Unknown,"-98",NotApplicable,"1",Bore,LGATE017_north_perm_artificial,/Users/293003c/Library/CloudStorage/OneDrive-Curtin/Projects/TCZ-research/water point GIS/LGATE017 north permanent.shp,42.000000000000000,,,,
-437051.001337348,-1970737.36659104,"1",WaterBody,,,"200702071938","2",Perennial,"2",Natural,,"-99",Unknown,"-99",Unknown,"5",Pool,LGATE017_north_perm_artificial,/Users/293003c/Library/CloudStorage/OneDrive-Curtin/Projects/TCZ-research/water point GIS/LGATE017 north permanent.shp,37.000000000000000,"1",,,
-555776.592741535,-1977145.78456431,"4",Waterfall,,,"200702071938","2",Perennial,"2",Natural,,"-98",NotApplicable,"-99",Unknown,"-98",NotApplicable,LGATE017_north_perm_artificial,/Users/293003c/Library/CloudStorage/OneDrive-Curtin/Projects/TCZ-research/water point GIS/LGATE017 north permanent.shp,39.000000000000000,,,,
-551421.249436802,-1989705.72978977,"3",Spring,,,"200702071938","2",Perennial,"2",Natural,,"-99",Unknown,"-99",Unknown,"-98",NotApplicable,LGATE017_north_perm_artificial,/Users/293003c/Library/CloudStorage/OneDrive-Curtin/Projects/TCZ-research/water point GIS/LGATE017 north permanent.shp,38.000000000000000,,,,
-595797.778520987,-1964641.66760091,"3",Spring,,,"200702071938","2",Perennial,"2",Natural,,"-99",Unknown,"-99",Unknown,"-98",NotApplicable,LGATE017_north_perm_artificial,/Users/293003c/Library/CloudStorage/OneDrive-Curtin/Projects/TCZ-research/water point GIS/LGATE017 north permanent.shp,38.000000000000000,,,,
-541527.206166753,-1937997.18314179,"4",Waterfall,,,"200702071938","2",Perennial,"2",Natural,,"-98",NotApplicable,"-99",Unknown,"-98",NotApplicable,LGATE017_north_perm_artificial,/Users/293003c/Library/CloudStorage/OneDrive-Curtin/Projects/TCZ-research/water point GIS/LGATE017 north permanent.shp,47.000000000000000,,,,
-529643.545304701,-1974974.01424177,"5",WaterPointStructure,,,"200702071938","-99",Unknown,"1",Manmade,,"-99",Unknown,"-98",NotApplicable,"7",Windmill,LGATE017_north_perm_artificial,/Users/293003c/Library/CloudStorage/OneDrive-Curtin/Projects/TCZ-research/water point GIS/LGATE017 north permanent.shp,41.000000000000000,,,,
-441687.784308777,-1976974.48469079,"1",WaterBody,,,"200702071938","2",Perennial,"2",Natural,,"-99",Unknown,"-99",Unknown,"5",Pool,LGATE017_north_perm_artificial,/Users/293003c/Library/CloudStorage/OneDrive-Curtin/Projects/TCZ-research/water point GIS/LGATE017 north permanent.shp,38.000000000000000,"1",,,
-443237.448861378,-1979141.2119442,"1",WaterBody,,,"200702071938","2",Perennial,"2",Natural,,"-99",Unknown,"-99",Unknown,"5",Pool,LGATE017_north_perm_artificial,/Users/293003c/Library/CloudStorage/OneDrive-Curtin/Projects/TCZ-research/water point GIS/LGATE017 north permanent.shp,38.000000000000000,"1",,,
-551259.678741286,-1977363.13180394,"3",Spring,,,"200702071938","2",Perennial,"2",Natural,,"-99",Unknown,"-99",Unknown,"-98",NotApplicable,LGATE017_north_perm_artificial,/Users/293003c/Library/CloudStorage/OneDrive-Curtin/Projects/TCZ-research/water point GIS/LGATE017 north permanent.shp,40.000000000000000,,,,
-356860.163632069,-2013862.73575242,"1",WaterBody,,,"201004091932","2",Perennial,"1",Manmade,,"-99",Unknown,"-98",NotApplicable,"2",EarthDam,LGATE017_north_perm_artificial,/Users/293003c/Library/CloudStorage/OneDrive-Curtin/Projects/TCZ-research/water point GIS/LGATE017 north permanent.shp,32.000000000000000,,,,
-551775.396025471,-1935693.07385955,"4",Waterfall,,,"200702071938","2",Perennial,"2",Natural,,"-98",NotApplicable,"-99",Unknown,"-98",NotApplicable,LGATE017_north_perm_artificial,/Users/293003c/Library/CloudStorage/OneDrive-Curtin/Projects/TCZ-research/water point GIS/LGATE017 north permanent.shp,44.000000000000000,,,,
-482668.074130775,-1956537.45657508,"5",WaterPointStructure,,,"200702071938","-99",Unknown,"1",Manmade,,"-99",Unknown,"-98",NotApplicable,"7",Windmill,LGATE017_north_perm_artificial,/Users/293003c/Library/CloudStorage/OneDrive-Curtin/Projects/TCZ-research/water point GIS/LGATE017 north permanent.shp,43.000000000000000,,,,
-575074.526177024,-1980509.47300593,"4",Waterfall,,,"200702071938","2",Perennial,"2",Natural,,"-98",NotApplicable,"-99",Unknown,"-98",NotApplicable,LGATE017_north_perm_artificial,/Users/293003c/Library/CloudStorage/OneDrive-Curtin/Projects/TCZ-research/water point GIS/LGATE017 north permanent.shp,41.000000000000000,,,,
-587109.966683644,-1946681.51414783,"5",WaterPointStructure,,,"200702071938","-99",Unknown,"1",Manmade,,"-99",Unknown,"-98",NotApplicable,"1",Bore,LGATE017_north_perm_artificial,/Users/293003c/Library/CloudStorage/OneDrive-Curtin/Projects/TCZ-research/water point GIS/LGATE017 north permanent.shp,43.000000000000000,,,,
-589004.865776043,-1981472.51261573,"3",Spring,,,"200702071938","2",Perennial,"2",Natural,,"-99",Unknown,"-99",Unknown,"-98",NotApplicable,LGATE017_north_perm_artificial,/Users/293003c/Library/CloudStorage/OneDrive-Curtin/Projects/TCZ-research/water point GIS/LGATE017 north permanent.shp,41.000000000000000,,,,
-493847.916211346,-1990159.7209644,"5",WaterPointStructure,,,"200702071938","-99",Unknown,"1",Manmade,,"-99",Unknown,"-98",NotApplicable,"8",WellAndWindmill,LGATE017_north_perm_artificial,/Users/293003c/Library/CloudStorage/OneDrive-Curtin/Projects/TCZ-research/water point GIS/LGATE017 north permanent.shp,40.000000000000000,,,,
-535740.094250648,-1940064.57192511,"3",Spring,,,"200702071938","2",Perennial,"2",Natural,,"-99",Unknown,"-99",Unknown,"-98",NotApplicable,LGATE017_north_perm_artificial,/Users/293003c/Library/CloudStorage/OneDrive-Curtin/Projects/TCZ-research/water point GIS/LGATE017 north permanent.shp,44.000000000000000,,,,
-441108.760568953,-1976462.46954413,"1",WaterBody,,,"200702071938","2",Perennial,"2",Natural,,"-99",Unknown,"-99",Unknown,"5",Pool,LGATE017_north_perm_artificial,/Users/293003c/Library/CloudStorage/OneDrive-Curtin/Projects/TCZ-research/water point GIS/LGATE017 north permanent.shp,38.000000000000000,"1",,,
-528161.616944824,-1947878.60413797,"4",Waterfall,,,"200702071938","2",Perennial,"2",Natural,,"-98",NotApplicable,"-99",Unknown,"-98",NotApplicable,LGATE017_north_perm_artificial,/Users/293003c/Library/CloudStorage/OneDrive-Curtin/Projects/TCZ-research/water point GIS/LGATE017 north permanent.shp,44.000000000000000,,,,
-424628.918310542,-1953606.71748684,"1",WaterBody,,,"200702071938","2",Perennial,"2",Natural,,"-99",Unknown,"-99",Unknown,"5",Pool,LGATE017_north_perm_artificial,/Users/293003c/Library/CloudStorage/OneDrive-Curtin/Projects/TCZ-research/water point GIS/LGATE017 north permanent.shp,37.000000000000000,"1",,,
-523752.684450577,-1971395.11185178,"5",WaterPointStructure,,,"200702071938","-99",Unknown,"1",Manmade,,"-99",Unknown,"-98",NotApplicable,"4",Tank,LGATE017_north_perm_artificial,/Users/293003c/Library/CloudStorage/OneDrive-Curtin/Projects/TCZ-research/water point GIS/LGATE017 north permanent.shp,41.000000000000000,,,,
-568554.84576475,-1958841.86654847,"5",WaterPointStructure,,,"200702071938","-99",Unknown,"1",Manmade,,"-99",Unknown,"-98",NotApplicable,"1",Bore,LGATE017_north_perm_artificial,/Users/293003c/Library/CloudStorage/OneDrive-Curtin/Projects/TCZ-research/water point GIS/LGATE017 north permanent.shp,42.000000000000000,,,,
-492106.44934837,-1973234.68419721,"1",WaterBody,,,"200702071938","2",Perennial,"1",Manmade,,"-99",Unknown,"-99",Unknown,"2",EarthDam,LGATE017_north_perm_artificial,/Users/293003c/Library/CloudStorage/OneDrive-Curtin/Projects/TCZ-research/water point GIS/LGATE017 north permanent.shp,41.000000000000000,,,,
-556049.504515411,-1977521.5441395,"4",Waterfall,,,"200702071938","2",Perennial,"2",Natural,,"-98",NotApplicable,"-99",Unknown,"-98",NotApplicable,LGATE017_north_perm_artificial,/Users/293003c/Library/CloudStorage/OneDrive-Curtin/Projects/TCZ-research/water point GIS/LGATE017 north permanent.shp,39.000000000000000,,,,
-602259.773786048,-1978942.84674032,"4",Waterfall,,,"200702071938","2",Perennial,"2",Natural,,"-98",NotApplicable,"-99",Unknown,"-98",NotApplicable,LGATE017_north_perm_artificial,/Users/293003c/Library/CloudStorage/OneDrive-Curtin/Projects/TCZ-research/water point GIS/LGATE017 north permanent.shp,40.000000000000000,,,,
-386233.434613822,-1975622.59823333,"1",WaterBody,,,"200702071241","2",Perennial,"1",Manmade,,"-99",Unknown,"-99",Unknown,"2",EarthDam,LGATE017_north_perm_artificial,/Users/293003c/Library/CloudStorage/OneDrive-Curtin/Projects/TCZ-research/water point GIS/LGATE017 north permanent.shp,36.000000000000000,"1",,,
-448658.293889071,-2107360.174389,"5",WaterPointStructure,,,"200702101818","-99",Unknown,"1",Manmade,,"-99",Unknown,"-98",NotApplicable,"7",Windmill,LGATE017_north_perm_artificial,/Users/293003c/Library/CloudStorage/OneDrive-Curtin/Projects/TCZ-research/water point GIS/LGATE017 north permanent.shp,29.000000000000000,,,,
-486753.123289545,-1967488.3924994,"1",WaterBody,,,"200702071938","2",Perennial,"2",Natural,,"-99",Unknown,"-99",Unknown,"5",Pool,LGATE017_north_perm_artificial,/Users/293003c/Library/CloudStorage/OneDrive-Curtin/Projects/TCZ-research/water point GIS/LGATE017 north permanent.shp,42.000000000000000,,,,
-442189.709794745,-1977261.60855811,"1",WaterBody,,,"200702071938","2",Perennial,"2",Natural,,"-99",Unknown,"-99",Unknown,"5",Pool,LGATE017_north_perm_artificial,/Users/293003c/Library/CloudStorage/OneDrive-Curtin/Projects/TCZ-research/water point GIS/LGATE017 north permanent.shp,38.000000000000000,"1",,,
-555431.739832278,-1976174.29060752,"4",Waterfall,,,"200702071938","2",Perennial,"2",Natural,,"-98",NotApplicable,"-99",Unknown,"-98",NotApplicable,LGATE017_north_perm_artificial,/Users/293003c/Library/CloudStorage/OneDrive-Curtin/Projects/TCZ-research/water point GIS/LGATE017 north permanent.shp,39.000000000000000,,,,
-540936.428191936,-2013509.24160139,"3",Spring,,,"200702071938","2",Perennial,"2",Natural,,"-99",Unknown,"-99",Unknown,"-98",NotApplicable,LGATE017_north_perm_artificial,/Users/293003c/Library/CloudStorage/OneDrive-Curtin/Projects/TCZ-research/water point GIS/LGATE017 north permanent.shp,38.000000000000000,,,,
-531369.316449453,-2131400.4593557,"5",WaterPointStructure,,,"200702101818","-99",Unknown,"1",Manmade,,"-99",Unknown,"-98",NotApplicable,"8",WellAndWindmill,LGATE017_north_perm_artificial,/Users/293003c/Library/CloudStorage/OneDrive-Curtin/Projects/TCZ-research/water point GIS/LGATE017 north permanent.shp,29.000000000000000,,,,
-561726.52569695,-1973727.16900312,"4",Waterfall,,,"200702071938","2",Perennial,"2",Natural,,"-98",NotApplicable,"-99",Unknown,"-98",NotApplicable,LGATE017_north_perm_artificial,/Users/293003c/Library/CloudStorage/OneDrive-Curtin/Projects/TCZ-research/water point GIS/LGATE017 north permanent.shp,39.000000000000000,,,,
-577068.140486606,-1980974.94189986,"4",Waterfall,,,"200702071938","2",Perennial,"2",Natural,,"-98",NotApplicable,"-99",Unknown,"-98",NotApplicable,LGATE017_north_perm_artificial,/Users/293003c/Library/CloudStorage/OneDrive-Curtin/Projects/TCZ-research/water point GIS/LGATE017 north permanent.shp,41.000000000000000,,,,
-410717.710188381,-2064952.21023661,"3",Spring,,,"200702071241","2",Perennial,"2",Natural,,"-99",Unknown,"-99",Unknown,"-98",NotApplicable,LGATE017_north_perm_artificial,/Users/293003c/Library/CloudStorage/OneDrive-Curtin/Projects/TCZ-research/water point GIS/LGATE017 north permanent.shp,29.000000000000000,,,,
-569948.554872245,-1980051.63817404,"3",Spring,,,"200702071938","2",Perennial,"2",Natural,,"-99",Unknown,"-99",Unknown,"-98",NotApplicable,LGATE017_north_perm_artificial,/Users/293003c/Library/CloudStorage/OneDrive-Curtin/Projects/TCZ-research/water point GIS/LGATE017 north permanent.shp,37.000000000000000,,,,
-502117.378027962,-1992377.97630236,"5",WaterPointStructure,,,"200702071938","-99",Unknown,"1",Manmade,,"-99",Unknown,"-98",NotApplicable,"4",Tank,LGATE017_north_perm_artificial,/Users/293003c/Library/CloudStorage/OneDrive-Curtin/Projects/TCZ-research/water point GIS/LGATE017 north permanent.shp,40.000000000000000,,,,
-437454.428201603,-1970669.92414918,"1",WaterBody,,,"200702071938","2",Perennial,"2",Natural,,"-99",Unknown,"-99",Unknown,"5",Pool,LGATE017_north_perm_artificial,/Users/293003c/Library/CloudStorage/OneDrive-Curtin/Projects/TCZ-research/water point GIS/LGATE017 north permanent.shp,37.000000000000000,"1",,,
-605955.032129993,-2063549.91387163,"3",Spring,,,"200702071241","2",Perennial,"2",Natural,,"-99",Unknown,"-99",Unknown,"-98",NotApplicable,LGATE017_north_perm_artificial,/Users/293003c/Library/CloudStorage/OneDrive-Curtin/Projects/TCZ-research/water point GIS/LGATE017 north permanent.shp,32.000000000000000,,,,
-589068.987376983,-1957547.16845221,"4",Waterfall,,,"200702071938","2",Perennial,"2",Natural,,"-98",NotApplicable,"-99",Unknown,"-98",NotApplicable,LGATE017_north_perm_artificial,/Users/293003c/Library/CloudStorage/OneDrive-Curtin/Projects/TCZ-research/water point GIS/LGATE017 north permanent.shp,41.000000000000000,,,,
-538717.024559129,-1931434.6673966,"1",WaterBody,,,"200702071938","2",Perennial,"2",Natural,,"-99",Unknown,"-99",Unknown,"5",Pool,LGATE017_north_perm_artificial,/Users/293003c/Library/CloudStorage/OneDrive-Curtin/Projects/TCZ-research/water point GIS/LGATE017 north permanent.shp,47.000000000000000,,,,
-556507.053163619,-2012223.95505562,"5",WaterPointStructure,,,"201005241756","-99",Unknown,"1",Manmade,,"-99",Unknown,"-98",NotApplicable,"4",Tank,LGATE017_north_perm_artificial,/Users/293003c/Library/CloudStorage/OneDrive-Curtin/Projects/TCZ-research/water point GIS/LGATE017 north permanent.shp,35.000000000000000,,,,
-580319.251786594,-2054183.8845971,"3",Spring,,,"200702071241","2",Perennial,"2",Natural,,"-99",Unknown,"-99",Unknown,"-98",NotApplicable,LGATE017_north_perm_artificial,/Users/293003c/Library/CloudStorage/OneDrive-Curtin/Projects/TCZ-research/water point GIS/LGATE017 north permanent.shp,35.000000000000000,,,,
-531084.571801102,-1999967.21252113,"1",WaterBody,,,"200702071938","2",Perennial,"1",Manmade,,"-99",Unknown,"-99",Unknown,"2",EarthDam,LGATE017_north_perm_artificial,/Users/293003c/Library/CloudStorage/OneDrive-Curtin/Projects/TCZ-research/water point GIS/LGATE017 north permanent.shp,38.000000000000000,,,,
-535703.028469228,-1939601.11737892,"3",Spring,,,"200702071938","2",Perennial,"2",Natural,,"-99",Unknown,"-99",Unknown,"-98",NotApplicable,LGATE017_north_perm_artificial,/Users/293003c/Library/CloudStorage/OneDrive-Curtin/Projects/TCZ-research/water point GIS/LGATE017 north permanent.shp,44.000000000000000,,,,
-547634.770365508,-1939521.71851178,"4",Waterfall,,,"200702071938","2",Perennial,"2",Natural,,"-98",NotApplicable,"-99",Unknown,"-98",NotApplicable,LGATE017_north_perm_artificial,/Users/293003c/Library/CloudStorage/OneDrive-Curtin/Projects/TCZ-research/water point GIS/LGATE017 north permanent.shp,44.000000000000000,,,,
-605836.949833715,-1954351.03044435,"5",WaterPointStructure,,,"200702071938","-99",Unknown,"1",Manmade,,"-99",Unknown,"-98",NotApplicable,"7",Windmill,LGATE017_north_perm_artificial,/Users/293003c/Library/CloudStorage/OneDrive-Curtin/Projects/TCZ-research/water point GIS/LGATE017 north permanent.shp,39.000000000000000,,,,
-556376.249059671,-2011819.51871458,"5",WaterPointStructure,,,"201005241756","-99",Unknown,"1",Manmade,,"-99",Unknown,"-98",NotApplicable,"4",Tank,LGATE017_north_perm_artificial,/Users/293003c/Library/CloudStorage/OneDrive-Curtin/Projects/TCZ-research/water point GIS/LGATE017 north permanent.shp,35.000000000000000,,,,
-537606.420632549,-1948468.46266947,"3",Spring,,,"200702071938","2",Perennial,"2",Natural,,"-99",Unknown,"-99",Unknown,"-98",NotApplicable,LGATE017_north_perm_artificial,/Users/293003c/Library/CloudStorage/OneDrive-Curtin/Projects/TCZ-research/water point GIS/LGATE017 north permanent.shp,44.000000000000000,,,,
-551959.748399683,-2013245.51185048,"5",WaterPointStructure,,,"201005241756","-99",Unknown,"1",Manmade,,"-99",Unknown,"-98",NotApplicable,"4",Tank,LGATE017_north_perm_artificial,/Users/293003c/Library/CloudStorage/OneDrive-Curtin/Projects/TCZ-research/water point GIS/LGATE017 north permanent.shp,37.000000000000000,,,,
-519294.431573629,-1928230.84552826,"4",Waterfall,,,"200702071938","2",Perennial,"2",Natural,,"-98",NotApplicable,"-99",Unknown,"-98",NotApplicable,LGATE017_north_perm_artificial,/Users/293003c/Library/CloudStorage/OneDrive-Curtin/Projects/TCZ-research/water point GIS/LGATE017 north permanent.shp,46.000000000000000,,,,
-423784.791368089,-1954556.78220871,"1",WaterBody,,,"200702071938","2",Perennial,"2",Natural,,"-99",Unknown,"-99",Unknown,"5",Pool,LGATE017_north_perm_artificial,/Users/293003c/Library/CloudStorage/OneDrive-Curtin/Projects/TCZ-research/water point GIS/LGATE017 north permanent.shp,37.000000000000000,"1",,,
-358307.106504368,-2000428.73624682,"1",WaterBody,,,"200702071241","2",Perennial,"1",Manmade,,"-99",Unknown,"-99",Unknown,"2",EarthDam,LGATE017_north_perm_artificial,/Users/293003c/Library/CloudStorage/OneDrive-Curtin/Projects/TCZ-research/water point GIS/LGATE017 north permanent.shp,32.000000000000000,,,,
-454549.432350303,-1954273.3912149,"1",WaterBody,,,"202304171944","2",Perennial,"1",Manmade,,"-99",Unknown,"-98",NotApplicable,"2",EarthDam,LGATE017_north_perm_artificial,/Users/293003c/Library/CloudStorage/OneDrive-Curtin/Projects/TCZ-research/water point GIS/LGATE017 north permanent.shp,41.000000000000000,"1",,,
-432206.034159081,-1947353.35187092,"1",WaterBody,,,"200702071938","2",Perennial,"2",Natural,,"-99",Unknown,"-99",Unknown,"5",Pool,LGATE017_north_perm_artificial,/Users/293003c/Library/CloudStorage/OneDrive-Curtin/Projects/TCZ-research/water point GIS/LGATE017 north permanent.shp,40.000000000000000,"1",,,
-556923.19548263,-1952713.01924953,"5",WaterPointStructure,,,"200702071938","-99",Unknown,"1",Manmade,,"-99",Unknown,"-98",NotApplicable,"1",Bore,LGATE017_north_perm_artificial,/Users/293003c/Library/CloudStorage/OneDrive-Curtin/Projects/TCZ-research/water point GIS/LGATE017 north permanent.shp,42.000000000000000,,,,
-617203.079113804,-2001663.05176115,"3",Spring,,,"200702071938","2",Perennial,"2",Natural,,"-99",Unknown,"-99",Unknown,"-98",NotApplicable,LGATE017_north_perm_artificial,/Users/293003c/Library/CloudStorage/OneDrive-Curtin/Projects/TCZ-research/water point GIS/LGATE017 north permanent.shp,35.000000000000000,,,,
-483244.728559747,-1985743.63416212,"5",WaterPointStructure,,,"200702071938","-99",Unknown,"1",Manmade,,"-99",Unknown,"-98",NotApplicable,"4",Tank,LGATE017_north_perm_artificial,/Users/293003c/Library/CloudStorage/OneDrive-Curtin/Projects/TCZ-research/water point GIS/LGATE017 north permanent.shp,40.000000000000000,,,,
-558188.021455981,-1950550.069222,"5",WaterPointStructure,,,"200702071938","-99",Unknown,"1",Manmade,,"-99",Unknown,"-98",NotApplicable,"1",Bore,LGATE017_north_perm_artificial,/Users/293003c/Library/CloudStorage/OneDrive-Curtin/Projects/TCZ-research/water point GIS/LGATE017 north permanent.shp,42.000000000000000,,,,
-444006.732791065,-1935152.77413428,"5",WaterPointStructure,,,"200702071938","-99",Unknown,"1",Manmade,,"-99",Unknown,"-98",NotApplicable,"4",Tank,LGATE017_north_perm_artificial,/Users/293003c/Library/CloudStorage/OneDrive-Curtin/Projects/TCZ-research/water point GIS/LGATE017 north permanent.shp,41.000000000000000,"1",,,
-537503.999208714,-1948360.23883743,"3",Spring,,,"200702071938","2",Perennial,"2",Natural,,"-99",Unknown,"-99",Unknown,"-98",NotApplicable,LGATE017_north_perm_artificial,/Users/293003c/Library/CloudStorage/OneDrive-Curtin/Projects/TCZ-research/water point GIS/LGATE017 north permanent.shp,44.000000000000000,,,,
-602107.643148087,-1980053.23083236,"3",Spring,,,"200702071938","2",Perennial,"2",Natural,,"-99",Unknown,"-99",Unknown,"-98",NotApplicable,LGATE017_north_perm_artificial,/Users/293003c/Library/CloudStorage/OneDrive-Curtin/Projects/TCZ-research/water point GIS/LGATE017 north permanent.shp,40.000000000000000,,,,
-430870.519365868,-1960043.47057628,"1",WaterBody,,,"200702071938","2",Perennial,"2",Natural,,"-99",Unknown,"-99",Unknown,"5",Pool,LGATE017_north_perm_artificial,/Users/293003c/Library/CloudStorage/OneDrive-Curtin/Projects/TCZ-research/water point GIS/LGATE017 north permanent.shp,37.000000000000000,"1",,,
-513768.386159119,-1983255.52693639,"1",WaterBody,,,"200702071938","2",Perennial,"2",Natural,,"-99",Unknown,"-99",Unknown,"5",Pool,LGATE017_north_perm_artificial,/Users/293003c/Library/CloudStorage/OneDrive-Curtin/Projects/TCZ-research/water point GIS/LGATE017 north permanent.shp,40.000000000000000,,,,
-564828.560501634,-1945969.41464008,"5",WaterPointStructure,,,"200702071938","-99",Unknown,"1",Manmade,,"-99",Unknown,"-98",NotApplicable,"1",Bore,LGATE017_north_perm_artificial,/Users/293003c/Library/CloudStorage/OneDrive-Curtin/Projects/TCZ-research/water point GIS/LGATE017 north permanent.shp,43.000000000000000,,,,
-548030.579067065,-1970296.62913245,"4",Waterfall,,,"200702071938","2",Perennial,"2",Natural,,"-98",NotApplicable,"-99",Unknown,"-98",NotApplicable,LGATE017_north_perm_artificial,/Users/293003c/Library/CloudStorage/OneDrive-Curtin/Projects/TCZ-research/water point GIS/LGATE017 north permanent.shp,40.000000000000000,,,,
-427779.941601837,-1951755.20034746,"1",WaterBody,,,"200702071938","2",Perennial,"2",Natural,,"-99",Unknown,"-99",Unknown,"5",Pool,LGATE017_north_perm_artificial,/Users/293003c/Library/CloudStorage/OneDrive-Curtin/Projects/TCZ-research/water point GIS/LGATE017 north permanent.shp,37.000000000000000,"1",,,
-480914.172589498,-1949105.58244495,"5",WaterPointStructure,,,"200702071938","-99",Unknown,"1",Manmade,,"-99",Unknown,"-98",NotApplicable,"7",Windmill,LGATE017_north_perm_artificial,/Users/293003c/Library/CloudStorage/OneDrive-Curtin/Projects/TCZ-research/water point GIS/LGATE017 north permanent.shp,43.000000000000000,,,,
-537938.555018446,-1957889.28184133,"3",Spring,,,"200702071938","2",Perennial,"2",Natural,,"-99",Unknown,"-99",Unknown,"-98",NotApplicable,LGATE017_north_perm_artificial,/Users/293003c/Library/CloudStorage/OneDrive-Curtin/Projects/TCZ-research/water point GIS/LGATE017 north permanent.shp,41.000000000000000,,,,
-445819.143473543,-1984739.10139557,"1",WaterBody,,,"200702071938","2",Perennial,"2",Natural,,"-99",Unknown,"-99",Unknown,"5",Pool,LGATE017_north_perm_artificial,/Users/293003c/Library/CloudStorage/OneDrive-Curtin/Projects/TCZ-research/water point GIS/LGATE017 north permanent.shp,38.000000000000000,"1",,,
-489073.674099901,-1968883.35168793,"1",WaterBody,,,"200702071938","2",Perennial,"2",Natural,,"-99",Unknown,"-99",Unknown,"5",Pool,LGATE017_north_perm_artificial,/Users/293003c/Library/CloudStorage/OneDrive-Curtin/Projects/TCZ-research/water point GIS/LGATE017 north permanent.shp,42.000000000000000,,,,
-552421.25635495,-2002104.24922235,"3",Spring,,,"200702071938","2",Perennial,"2",Natural,,"-99",Unknown,"-99",Unknown,"-98",NotApplicable,LGATE017_north_perm_artificial,/Users/293003c/Library/CloudStorage/OneDrive-Curtin/Projects/TCZ-research/water point GIS/LGATE017 north permanent.shp,41.000000000000000,,,,
-351143.90017643,-1924904.32805052,"1",WaterBody,Marella Waterhole,Marella Waterhole,"200702071241","2",Perennial,"2",Natural,,"-99",Unknown,"-99",Unknown,"5",Pool,LGATE017_north_perm_artificial,/Users/293003c/Library/CloudStorage/OneDrive-Curtin/Projects/TCZ-research/water point GIS/LGATE017 north permanent.shp,36.000000000000000,"1",,,
-599499.159865695,-1942383.18028696,"5",WaterPointStructure,,,"200702071938","-99",Unknown,"1",Manmade,,"-99",Unknown,"-98",NotApplicable,"1",Bore,LGATE017_north_perm_artificial,/Users/293003c/Library/CloudStorage/OneDrive-Curtin/Projects/TCZ-research/water point GIS/LGATE017 north permanent.shp,41.000000000000000,,,,
-436417.926161443,-1945218.44895501,"1",WaterBody,,,"200702071938","2",Perennial,"2",Natural,,"-99",Unknown,"-99",Unknown,"5",Pool,LGATE017_north_perm_artificial,/Users/293003c/Library/CloudStorage/OneDrive-Curtin/Projects/TCZ-research/water point GIS/LGATE017 north permanent.shp,41.000000000000000,"1",,,
-477086.87371505,-1945563.27113915,"1",WaterBody,,,"200702071938","2",Perennial,"1",Manmade,,"-99",Unknown,"-99",Unknown,"2",EarthDam,LGATE017_north_perm_artificial,/Users/293003c/Library/CloudStorage/OneDrive-Curtin/Projects/TCZ-research/water point GIS/LGATE017 north permanent.shp,44.000000000000000,,,,
-526037.073246064,-1928854.0263279,"4",Waterfall,,,"200702071938","2",Perennial,"2",Natural,,"-98",NotApplicable,"-99",Unknown,"-98",NotApplicable,LGATE017_north_perm_artificial,/Users/293003c/Library/CloudStorage/OneDrive-Curtin/Projects/TCZ-research/water point GIS/LGATE017 north permanent.shp,49.000000000000000,,,,
-579125.770839188,-1946218.22904412,"3",Spring,,,"200702071938","2",Perennial,"2",Natural,,"-99",Unknown,"-99",Unknown,"-98",NotApplicable,LGATE017_north_perm_artificial,/Users/293003c/Library/CloudStorage/OneDrive-Curtin/Projects/TCZ-research/water point GIS/LGATE017 north permanent.shp,41.000000000000000,,,,
-531109.472701236,-2004069.59651541,"5",WaterPointStructure,,,"200702071938","-99",Unknown,"1",Manmade,,"-99",Unknown,"-98",NotApplicable,"2",BoreAndWindmill,LGATE017_north_perm_artificial,/Users/293003c/Library/CloudStorage/OneDrive-Curtin/Projects/TCZ-research/water point GIS/LGATE017 north permanent.shp,38.000000000000000,,,,
-531057.172177903,-1930547.91296189,"4",Waterfall,,,"200702071938","2",Perennial,"2",Natural,,"-98",NotApplicable,"-99",Unknown,"-98",NotApplicable,LGATE017_north_perm_artificial,/Users/293003c/Library/CloudStorage/OneDrive-Curtin/Projects/TCZ-research/water point GIS/LGATE017 north permanent.shp,49.000000000000000,,,,
-537445.134909526,-1955993.1302954,"3",Spring,,,"200702071938","2",Perennial,"2",Natural,,"-99",Unknown,"-99",Unknown,"-98",NotApplicable,LGATE017_north_perm_artificial,/Users/293003c/Library/CloudStorage/OneDrive-Curtin/Projects/TCZ-research/water point GIS/LGATE017 north permanent.shp,41.000000000000000,,,,
-361326.575705053,-2137779.15024701,"5",WaterPointStructure,,,"200702101818","-99",Unknown,"1",Manmade,,"-99",Unknown,"-98",NotApplicable,"8",WellAndWindmill,LGATE017_north_perm_artificial,/Users/293003c/Library/CloudStorage/OneDrive-Curtin/Projects/TCZ-research/water point GIS/LGATE017 north permanent.shp,29.000000000000000,,,,
-452319.877391212,-2086931.18600012,"1",WaterBody,,,"200702071241","2",Perennial,"1",Manmade,,"-99",Unknown,"-99",Unknown,"2",EarthDam,LGATE017_north_perm_artificial,/Users/293003c/Library/CloudStorage/OneDrive-Curtin/Projects/TCZ-research/water point GIS/LGATE017 north permanent.shp,30.000000000000000,,,,
-511960.180783668,-2055437.50406897,"3",Spring,,,"200702071241","2",Perennial,"2",Natural,,"-99",Unknown,"-99",Unknown,"-98",NotApplicable,LGATE017_north_perm_artificial,/Users/293003c/Library/CloudStorage/OneDrive-Curtin/Projects/TCZ-research/water point GIS/LGATE017 north permanent.shp,36.000000000000000,,,,
-537976.018268594,-1998030.02786976,"1",WaterBody,,,"200702071938","2",Perennial,"1",Manmade,,"-99",Unknown,"-99",Unknown,"2",EarthDam,LGATE017_north_perm_artificial,/Users/293003c/Library/CloudStorage/OneDrive-Curtin/Projects/TCZ-research/water point GIS/LGATE017 north permanent.shp,39.000000000000000,,,,
-541464.628943561,-2002452.11275639,"3",Spring,,,"200702071938","2",Perennial,"2",Natural,,"-99",Unknown,"-99",Unknown,"-98",NotApplicable,LGATE017_north_perm_artificial,/Users/293003c/Library/CloudStorage/OneDrive-Curtin/Projects/TCZ-research/water point GIS/LGATE017 north permanent.shp,39.000000000000000,,,,
-451859.541513647,-1957596.40806495,"1",WaterBody,,,"200702071938","2",Perennial,"2",Natural,,"-99",Unknown,"-99",Unknown,"5",Pool,LGATE017_north_perm_artificial,/Users/293003c/Library/CloudStorage/OneDrive-Curtin/Projects/TCZ-research/water point GIS/LGATE017 north permanent.shp,43.000000000000000,"1",,,
-383792.968560192,-2152648.31414649,"1",WaterBody,,,"200702071242","2",Perennial,"1",Manmade,,"-99",Unknown,"-99",Unknown,"2",EarthDam,LGATE017_north_perm_artificial,/Users/293003c/Library/CloudStorage/OneDrive-Curtin/Projects/TCZ-research/water point GIS/LGATE017 north permanent.shp,29.000000000000000,,,,
-444087.592905837,-1949580.96483831,"3",Spring,,,"200702071938","2",Perennial,"2",Natural,,"-99",Unknown,"-99",Unknown,"-98",NotApplicable,LGATE017_north_perm_artificial,/Users/293003c/Library/CloudStorage/OneDrive-Curtin/Projects/TCZ-research/water point GIS/LGATE017 north permanent.shp,41.000000000000000,"1",,,
-590624.269604835,-1982056.54584027,"3",Spring,,,"200702071938","2",Perennial,"2",Natural,,"-99",Unknown,"-99",Unknown,"-98",NotApplicable,LGATE017_north_perm_artificial,/Users/293003c/Library/CloudStorage/OneDrive-Curtin/Projects/TCZ-research/water point GIS/LGATE017 north permanent.shp,41.000000000000000,,,,
-542014.888151938,-2007349.38562118,"1",WaterBody,,,"200702071938","2",Perennial,"1",Manmade,,"-99",Unknown,"-99",Unknown,"2",EarthDam,LGATE017_north_perm_artificial,/Users/293003c/Library/CloudStorage/OneDrive-Curtin/Projects/TCZ-research/water point GIS/LGATE017 north permanent.shp,38.000000000000000,,,,
-511900.439579581,-1948895.39327107,"5",WaterPointStructure,,,"200702071938","-99",Unknown,"1",Manmade,,"-99",Unknown,"-98",NotApplicable,"7",Windmill,LGATE017_north_perm_artificial,/Users/293003c/Library/CloudStorage/OneDrive-Curtin/Projects/TCZ-research/water point GIS/LGATE017 north permanent.shp,43.000000000000000,,,,
-541094.65724561,-1937494.70817232,"4",Waterfall,,,"200702071938","2",Perennial,"2",Natural,,"-98",NotApplicable,"-99",Unknown,"-98",NotApplicable,LGATE017_north_perm_artificial,/Users/293003c/Library/CloudStorage/OneDrive-Curtin/Projects/TCZ-research/water point GIS/LGATE017 north permanent.shp,47.000000000000000,,,,
-514288.590766173,-2016347.33930088,"5",WaterPointStructure,,,"200702071938","-99",Unknown,"1",Manmade,,"-99",Unknown,"-98",NotApplicable,"2",BoreAndWindmill,LGATE017_north_perm_artificial,/Users/293003c/Library/CloudStorage/OneDrive-Curtin/Projects/TCZ-research/water point GIS/LGATE017 north permanent.shp,37.000000000000000,,,,
-599544.065862666,-1942469.77594954,"5",WaterPointStructure,,,"200702071938","-99",Unknown,"1",Manmade,,"-99",Unknown,"-98",NotApplicable,"1",Bore,LGATE017_north_perm_artificial,/Users/293003c/Library/CloudStorage/OneDrive-Curtin/Projects/TCZ-research/water point GIS/LGATE017 north permanent.shp,41.000000000000000,,,,
-542888.413123366,-1967149.27900106,"4",Waterfall,,,"200702071938","2",Perennial,"2",Natural,,"-98",NotApplicable,"-99",Unknown,"-98",NotApplicable,LGATE017_north_perm_artificial,/Users/293003c/Library/CloudStorage/OneDrive-Curtin/Projects/TCZ-research/water point GIS/LGATE017 north permanent.shp,42.000000000000000,,,,
-524256.761223922,-1973754.27355796,"1",WaterBody,,,"200702071938","2",Perennial,"2",Natural,,"-99",Unknown,"-99",Unknown,"5",Pool,LGATE017_north_perm_artificial,/Users/293003c/Library/CloudStorage/OneDrive-Curtin/Projects/TCZ-research/water point GIS/LGATE017 north permanent.shp,41.000000000000000,,,,
-533813.615169149,-1960745.30072568,"4",Waterfall,,,"200702071938","2",Perennial,"2",Natural,,"-98",NotApplicable,"-99",Unknown,"-98",NotApplicable,LGATE017_north_perm_artificial,/Users/293003c/Library/CloudStorage/OneDrive-Curtin/Projects/TCZ-research/water point GIS/LGATE017 north permanent.shp,42.000000000000000,,,,
-427657.898900421,-1961646.48329268,"1",WaterBody,,,"200702071938","2",Perennial,"2",Natural,,"-99",Unknown,"-99",Unknown,"5",Pool,LGATE017_north_perm_artificial,/Users/293003c/Library/CloudStorage/OneDrive-Curtin/Projects/TCZ-research/water point GIS/LGATE017 north permanent.shp,36.000000000000000,"1",,,
-559055.309547887,-1975531.84267025,"4",Waterfall,,,"200702071938","2",Perennial,"2",Natural,,"-98",NotApplicable,"-99",Unknown,"-98",NotApplicable,LGATE017_north_perm_artificial,/Users/293003c/Library/CloudStorage/OneDrive-Curtin/Projects/TCZ-research/water point GIS/LGATE017 north permanent.shp,39.000000000000000,,,,
-588859.743739179,-1990751.77030154,"5",WaterPointStructure,,,"200702071938","-99",Unknown,"1",Manmade,,"-99",Unknown,"-98",NotApplicable,"1",Bore,LGATE017_north_perm_artificial,/Users/293003c/Library/CloudStorage/OneDrive-Curtin/Projects/TCZ-research/water point GIS/LGATE017 north permanent.shp,38.000000000000000,,,,
-550589.468237755,-1941787.9577442,"4",Waterfall,,,"200702071938","2",Perennial,"2",Natural,,"-98",NotApplicable,"-99",Unknown,"-98",NotApplicable,LGATE017_north_perm_artificial,/Users/293003c/Library/CloudStorage/OneDrive-Curtin/Projects/TCZ-research/water point GIS/LGATE017 north permanent.shp,44.000000000000000,,,,
-602220.567316088,-1976864.9140584,"4",Waterfall,,,"200702071938","2",Perennial,"2",Natural,,"-98",NotApplicable,"-99",Unknown,"-98",NotApplicable,LGATE017_north_perm_artificial,/Users/293003c/Library/CloudStorage/OneDrive-Curtin/Projects/TCZ-research/water point GIS/LGATE017 north permanent.shp,40.000000000000000,,,,
-447546.010963166,-2022659.25885693,"1",WaterBody,,,"201311201723","2",Perennial,"1",Manmade,,"-99",Unknown,"-98",NotApplicable,"2",EarthDam,LGATE017_north_perm_artificial,/Users/293003c/Library/CloudStorage/OneDrive-Curtin/Projects/TCZ-research/water point GIS/LGATE017 north permanent.shp,37.000000000000000,,,,
-567913.775304691,-1987968.386835,"3",Spring,,,"200702071938","2",Perennial,"2",Natural,,"-99",Unknown,"-99",Unknown,"-98",NotApplicable,LGATE017_north_perm_artificial,/Users/293003c/Library/CloudStorage/OneDrive-Curtin/Projects/TCZ-research/water point GIS/LGATE017 north permanent.shp,37.000000000000000,,,,
-492129.3951643,-1937366.57377698,"5",WaterPointStructure,,,"200702071938","-99",Unknown,"1",Manmade,,"-99",Unknown,"-98",NotApplicable,"4",Tank,LGATE017_north_perm_artificial,/Users/293003c/Library/CloudStorage/OneDrive-Curtin/Projects/TCZ-research/water point GIS/LGATE017 north permanent.shp,44.000000000000000,,,,
-442769.346460697,-1978323.69974962,"1",WaterBody,,,"200702071938","2",Perennial,"2",Natural,,"-99",Unknown,"-99",Unknown,"5",Pool,LGATE017_north_perm_artificial,/Users/293003c/Library/CloudStorage/OneDrive-Curtin/Projects/TCZ-research/water point GIS/LGATE017 north permanent.shp,38.000000000000000,"1",,,
-432947.215110666,-1980225.58923996,"1",WaterBody,,,"200702071938","2",Perennial,"2",Natural,,"-99",Unknown,"-99",Unknown,"5",Pool,LGATE017_north_perm_artificial,/Users/293003c/Library/CloudStorage/OneDrive-Curtin/Projects/TCZ-research/water point GIS/LGATE017 north permanent.shp,36.000000000000000,"1",,,
-458325.480024126,-2163322.14052423,"5",WaterPointStructure,,,"201004141754","-99",Unknown,"1",Manmade,,"-99",Unknown,"-98",NotApplicable,"4",Tank,LGATE017_north_perm_artificial,/Users/293003c/Library/CloudStorage/OneDrive-Curtin/Projects/TCZ-research/water point GIS/LGATE017 north permanent.shp,26.000000000000000,,,,
-619067.985191075,-1946242.00043311,"5",WaterPointStructure,,,"200702071938","-99",Unknown,"1",Manmade,,"-99",Unknown,"-98",NotApplicable,"1",Bore,LGATE017_north_perm_artificial,/Users/293003c/Library/CloudStorage/OneDrive-Curtin/Projects/TCZ-research/water point GIS/LGATE017 north permanent.shp,39.000000000000000,,,,
-587214.407122909,-1990655.94145644,"5",WaterPointStructure,,,"200702071938","-99",Unknown,"1",Manmade,,"-99",Unknown,"-98",NotApplicable,"1",Bore,LGATE017_north_perm_artificial,/Users/293003c/Library/CloudStorage/OneDrive-Curtin/Projects/TCZ-research/water point GIS/LGATE017 north permanent.shp,38.000000000000000,,,,
-462989.63952227,-1959423.57533392,"5",WaterPointStructure,,,"200702071938","-99",Unknown,"1",Manmade,,"-99",Unknown,"-98",NotApplicable,"7",Windmill,LGATE017_north_perm_artificial,/Users/293003c/Library/CloudStorage/OneDrive-Curtin/Projects/TCZ-research/water point GIS/LGATE017 north permanent.shp,41.000000000000000,,,,
-578868.453227665,-1947453.29353811,"4",Waterfall,,,"200702071938","2",Perennial,"2",Natural,,"-98",NotApplicable,"-99",Unknown,"-98",NotApplicable,LGATE017_north_perm_artificial,/Users/293003c/Library/CloudStorage/OneDrive-Curtin/Projects/TCZ-research/water point GIS/LGATE017 north permanent.shp,41.000000000000000,,,,
-453647.863738937,-1968040.07957816,"5",WaterPointStructure,,,"200702071938","-99",Unknown,"1",Manmade,,"-99",Unknown,"-98",NotApplicable,"1",Bore,LGATE017_north_perm_artificial,/Users/293003c/Library/CloudStorage/OneDrive-Curtin/Projects/TCZ-research/water point GIS/LGATE017 north permanent.shp,43.000000000000000,"1",,,
-440051.81314661,-1975414.91561532,"1",WaterBody,,,"200702071938","2",Perennial,"2",Natural,,"-99",Unknown,"-99",Unknown,"5",Pool,LGATE017_north_perm_artificial,/Users/293003c/Library/CloudStorage/OneDrive-Curtin/Projects/TCZ-research/water point GIS/LGATE017 north permanent.shp,38.000000000000000,"1",,,
-502450.796347738,-1992764.25147071,"5",WaterPointStructure,,,"200702071938","-99",Unknown,"1",Manmade,,"-99",Unknown,"-98",NotApplicable,"4",Tank,LGATE017_north_perm_artificial,/Users/293003c/Library/CloudStorage/OneDrive-Curtin/Projects/TCZ-research/water point GIS/LGATE017 north permanent.shp,39.000000000000000,,,,
-615268.210268063,-2059730.28259318,"5",WaterPointStructure,Bull Flat Bore,Bull Flat Bore,"200702101818","-99",Unknown,"1",Manmade,,"-99",Unknown,"-98",NotApplicable,"2",BoreAndWindmill,LGATE017_north_perm_artificial,/Users/293003c/Library/CloudStorage/OneDrive-Curtin/Projects/TCZ-research/water point GIS/LGATE017 north permanent.shp,30.000000000000000,,,,
-442587.325085382,-1975473.87790151,"1",WaterBody,,,"200702071938","2",Perennial,"2",Natural,,"-99",Unknown,"-99",Unknown,"5",Pool,LGATE017_north_perm_artificial,/Users/293003c/Library/CloudStorage/OneDrive-Curtin/Projects/TCZ-research/water point GIS/LGATE017 north permanent.shp,38.000000000000000,"1",,,
-441541.564415785,-1957772.84308328,"1",WaterBody,,,"200702071938","2",Perennial,"2",Natural,,"-99",Unknown,"-99",Unknown,"5",Pool,LGATE017_north_perm_artificial,/Users/293003c/Library/CloudStorage/OneDrive-Curtin/Projects/TCZ-research/water point GIS/LGATE017 north permanent.shp,39.000000000000000,"1",,,
-542546.611445294,-1964865.87205158,"4",Waterfall,,,"200702071938","2",Perennial,"2",Natural,,"-98",NotApplicable,"-99",Unknown,"-98",NotApplicable,LGATE017_north_perm_artificial,/Users/293003c/Library/CloudStorage/OneDrive-Curtin/Projects/TCZ-research/water point GIS/LGATE017 north permanent.shp,42.000000000000000,,,,
-430703.854478118,-1963529.02738618,"1",WaterBody,,,"200702071938","2",Perennial,"2",Natural,,"-99",Unknown,"-99",Unknown,"5",Pool,LGATE017_north_perm_artificial,/Users/293003c/Library/CloudStorage/OneDrive-Curtin/Projects/TCZ-research/water point GIS/LGATE017 north permanent.shp,37.000000000000000,"1",,,
-432521.228709419,-1965239.12907885,"1",WaterBody,,,"200702071938","2",Perennial,"2",Natural,,"-99",Unknown,"-99",Unknown,"5",Pool,LGATE017_north_perm_artificial,/Users/293003c/Library/CloudStorage/OneDrive-Curtin/Projects/TCZ-research/water point GIS/LGATE017 north permanent.shp,37.000000000000000,"1",,,
-533537.571731108,-2048090.25510791,"3",Spring,,,"200702071241","2",Perennial,"2",Natural,,"-99",Unknown,"-99",Unknown,"-98",NotApplicable,LGATE017_north_perm_artificial,/Users/293003c/Library/CloudStorage/OneDrive-Curtin/Projects/TCZ-research/water point GIS/LGATE017 north permanent.shp,36.000000000000000,,,,
-461339.909592513,-1926978.06981041,"1",WaterBody,,,"200702071938","2",Perennial,"1",Manmade,,"-99",Unknown,"-99",Unknown,"2",EarthDam,LGATE017_north_perm_artificial,/Users/293003c/Library/CloudStorage/OneDrive-Curtin/Projects/TCZ-research/water point GIS/LGATE017 north permanent.shp,45.000000000000000,,,,
-577419.004759915,-1951833.48522888,"4",Waterfall,,,"200702071938","2",Perennial,"2",Natural,,"-98",NotApplicable,"-99",Unknown,"-98",NotApplicable,LGATE017_north_perm_artificial,/Users/293003c/Library/CloudStorage/OneDrive-Curtin/Projects/TCZ-research/water point GIS/LGATE017 north permanent.shp,41.000000000000000,,,,
-460227.823660378,-1966109.61730974,"1",WaterBody,,,"200702071938","2",Perennial,"2",Natural,,"-99",Unknown,"-99",Unknown,"5",Pool,LGATE017_north_perm_artificial,/Users/293003c/Library/CloudStorage/OneDrive-Curtin/Projects/TCZ-research/water point GIS/LGATE017 north permanent.shp,41.000000000000000,,,,
-551969.660755212,-1979286.2154563,"3",Spring,,,"200702071938","2",Perennial,"2",Natural,,"-99",Unknown,"-99",Unknown,"-98",NotApplicable,LGATE017_north_perm_artificial,/Users/293003c/Library/CloudStorage/OneDrive-Curtin/Projects/TCZ-research/water point GIS/LGATE017 north permanent.shp,40.000000000000000,,,,
-556235.041067842,-1978073.45425523,"4",Waterfall,,,"200702071938","2",Perennial,"2",Natural,,"-98",NotApplicable,"-99",Unknown,"-98",NotApplicable,LGATE017_north_perm_artificial,/Users/293003c/Library/CloudStorage/OneDrive-Curtin/Projects/TCZ-research/water point GIS/LGATE017 north permanent.shp,39.000000000000000,,,,
-538552.981483021,-1932823.75487452,"4",Waterfall,,,"200702071938","2",Perennial,"2",Natural,,"-98",NotApplicable,"-99",Unknown,"-98",NotApplicable,LGATE017_north_perm_artificial,/Users/293003c/Library/CloudStorage/OneDrive-Curtin/Projects/TCZ-research/water point GIS/LGATE017 north permanent.shp,47.000000000000000,,,,
-426156.556596609,-1936525.6824774,"3",Spring,,,"200702071938","2",Perennial,"2",Natural,,"-99",Unknown,"-99",Unknown,"-98",NotApplicable,LGATE017_north_perm_artificial,/Users/293003c/Library/CloudStorage/OneDrive-Curtin/Projects/TCZ-research/water point GIS/LGATE017 north permanent.shp,39.000000000000000,"1",,,
-498797.623995526,-1979901.16027336,"5",WaterPointStructure,,,"200702071938","-99",Unknown,"1",Manmade,,"-99",Unknown,"-98",NotApplicable,"2",BoreAndWindmill,LGATE017_north_perm_artificial,/Users/293003c/Library/CloudStorage/OneDrive-Curtin/Projects/TCZ-research/water point GIS/LGATE017 north permanent.shp,41.000000000000000,,,,
-328097.378479189,-1991860.43162997,"5",WaterPointStructure,Gd3 Bore,Gd3 Bore,"200702101818","-99",Unknown,"1",Manmade,,"-99",Unknown,"-98",NotApplicable,"2",BoreAndWindmill,LGATE017_north_perm_artificial,/Users/293003c/Library/CloudStorage/OneDrive-Curtin/Projects/TCZ-research/water point GIS/LGATE017 north permanent.shp,33.000000000000000,,,,
-534532.516995227,-1930115.15651817,"1",WaterBody,,,"200702071938","2",Perennial,"2",Natural,,"-99",Unknown,"-99",Unknown,"5",Pool,LGATE017_north_perm_artificial,/Users/293003c/Library/CloudStorage/OneDrive-Curtin/Projects/TCZ-research/water point GIS/LGATE017 north permanent.shp,49.000000000000000,,,,
-585755.843825109,-1934909.57511649,"5",WaterPointStructure,,,"200702071938","-99",Unknown,"1",Manmade,,"-99",Unknown,"-98",NotApplicable,"1",Bore,LGATE017_north_perm_artificial,/Users/293003c/Library/CloudStorage/OneDrive-Curtin/Projects/TCZ-research/water point GIS/LGATE017 north permanent.shp,41.000000000000000,,,,
-433837.037613929,-1965780.62893485,"1",WaterBody,,,"200702071938","2",Perennial,"2",Natural,,"-99",Unknown,"-99",Unknown,"5",Pool,LGATE017_north_perm_artificial,/Users/293003c/Library/CloudStorage/OneDrive-Curtin/Projects/TCZ-research/water point GIS/LGATE017 north permanent.shp,37.000000000000000,"1",,,
-431441.795529399,-1959930.31244734,"1",WaterBody,,,"200702071938","2",Perennial,"2",Natural,,"-99",Unknown,"-99",Unknown,"5",Pool,LGATE017_north_perm_artificial,/Users/293003c/Library/CloudStorage/OneDrive-Curtin/Projects/TCZ-research/water point GIS/LGATE017 north permanent.shp,37.000000000000000,"1",,,
-444466.651039694,-1974051.53709468,"1",WaterBody,,,"200702071938","2",Perennial,"2",Natural,,"-99",Unknown,"-99",Unknown,"5",Pool,LGATE017_north_perm_artificial,/Users/293003c/Library/CloudStorage/OneDrive-Curtin/Projects/TCZ-research/water point GIS/LGATE017 north permanent.shp,38.000000000000000,"1",,,
-476625.154264089,-1995761.92574777,"5",WaterPointStructure,,,"200702071938","-99",Unknown,"1",Manmade,,"-99",Unknown,"-98",NotApplicable,"1",Bore,LGATE017_north_perm_artificial,/Users/293003c/Library/CloudStorage/OneDrive-Curtin/Projects/TCZ-research/water point GIS/LGATE017 north permanent.shp,40.000000000000000,,,,
-453695.055155212,-2102707.5934094,"5",WaterPointStructure,,,"201001151023","-99",Unknown,"1",Manmade,,"-99",Unknown,"-98",NotApplicable,"4",Tank,LGATE017_north_perm_artificial,/Users/293003c/Library/CloudStorage/OneDrive-Curtin/Projects/TCZ-research/water point GIS/LGATE017 north permanent.shp,29.000000000000000,,,,
-445748.783152635,-1939908.59350805,"1",WaterBody,,,"200702071938","2",Perennial,"1",Manmade,,"-99",Unknown,"-98",NotApplicable,"2",EarthDam,LGATE017_north_perm_artificial,/Users/293003c/Library/CloudStorage/OneDrive-Curtin/Projects/TCZ-research/water point GIS/LGATE017 north permanent.shp,41.000000000000000,"1",,,
-457204.537217913,-1953297.37559096,"1",WaterBody,,,"200702071938","2",Perennial,"1",Manmade,,"-99",Unknown,"-99",Unknown,"2",EarthDam,LGATE017_north_perm_artificial,/Users/293003c/Library/CloudStorage/OneDrive-Curtin/Projects/TCZ-research/water point GIS/LGATE017 north permanent.shp,41.000000000000000,,,,
-575794.910969186,-1949269.88323456,"5",WaterPointStructure,,,"200702071938","-99",Unknown,"1",Manmade,,"-99",Unknown,"-98",NotApplicable,"1",Bore,LGATE017_north_perm_artificial,/Users/293003c/Library/CloudStorage/OneDrive-Curtin/Projects/TCZ-research/water point GIS/LGATE017 north permanent.shp,43.000000000000000,,,,
-526996.21761353,-2005320.67512792,"1",WaterBody,,,"200702071938","2",Perennial,"1",Manmade,,"-99",Unknown,"-99",Unknown,"2",EarthDam,LGATE017_north_perm_artificial,/Users/293003c/Library/CloudStorage/OneDrive-Curtin/Projects/TCZ-research/water point GIS/LGATE017 north permanent.shp,38.000000000000000,,,,
-434251.488763201,-1966341.14643837,"1",WaterBody,,,"200702071938","2",Perennial,"2",Natural,,"-99",Unknown,"-99",Unknown,"5",Pool,LGATE017_north_perm_artificial,/Users/293003c/Library/CloudStorage/OneDrive-Curtin/Projects/TCZ-research/water point GIS/LGATE017 north permanent.shp,37.000000000000000,"1",,,
-431077.18331518,-1949951.51693263,"1",WaterBody,,,"200702071938","2",Perennial,"2",Natural,,"-99",Unknown,"-99",Unknown,"5",Pool,LGATE017_north_perm_artificial,/Users/293003c/Library/CloudStorage/OneDrive-Curtin/Projects/TCZ-research/water point GIS/LGATE017 north permanent.shp,40.000000000000000,"1",,,
-552446.676280733,-2036426.51378605,"3",Spring,,,"200702071938","2",Perennial,"2",Natural,,"-99",Unknown,"-99",Unknown,"-98",NotApplicable,LGATE017_north_perm_artificial,/Users/293003c/Library/CloudStorage/OneDrive-Curtin/Projects/TCZ-research/water point GIS/LGATE017 north permanent.shp,35.000000000000000,,,,
-528873.161555569,-1975372.84625112,"5",WaterPointStructure,,,"200702071938","-99",Unknown,"1",Manmade,,"-99",Unknown,"-98",NotApplicable,"1",Bore,LGATE017_north_perm_artificial,/Users/293003c/Library/CloudStorage/OneDrive-Curtin/Projects/TCZ-research/water point GIS/LGATE017 north permanent.shp,41.000000000000000,,,,
-552447.482319231,-2001902.2551061,"3",Spring,,,"200702071938","2",Perennial,"2",Natural,,"-99",Unknown,"-99",Unknown,"-98",NotApplicable,LGATE017_north_perm_artificial,/Users/293003c/Library/CloudStorage/OneDrive-Curtin/Projects/TCZ-research/water point GIS/LGATE017 north permanent.shp,41.000000000000000,,,,
-524374.424119953,-2050178.94029013,"3",Spring,,,"200702071241","2",Perennial,"2",Natural,,"-99",Unknown,"-99",Unknown,"-98",NotApplicable,LGATE017_north_perm_artificial,/Users/293003c/Library/CloudStorage/OneDrive-Curtin/Projects/TCZ-research/water point GIS/LGATE017 north permanent.shp,35.000000000000000,,,,
-538908.234719869,-1935765.0213651,"4",Waterfall,,,"200702071938","2",Perennial,"2",Natural,,"-98",NotApplicable,"-99",Unknown,"-98",NotApplicable,LGATE017_north_perm_artificial,/Users/293003c/Library/CloudStorage/OneDrive-Curtin/Projects/TCZ-research/water point GIS/LGATE017 north permanent.shp,47.000000000000000,,,,
-564218.176975913,-2009917.8147909,"5",WaterPointStructure,,,"200702071938","-99",Unknown,"1",Manmade,,"-99",Unknown,"-98",NotApplicable,"7",Windmill,LGATE017_north_perm_artificial,/Users/293003c/Library/CloudStorage/OneDrive-Curtin/Projects/TCZ-research/water point GIS/LGATE017 north permanent.shp,38.000000000000000,,,,
-431725.802227118,-1964620.32371663,"1",WaterBody,,,"200702071938","2",Perennial,"2",Natural,,"-99",Unknown,"-99",Unknown,"5",Pool,LGATE017_north_perm_artificial,/Users/293003c/Library/CloudStorage/OneDrive-Curtin/Projects/TCZ-research/water point GIS/LGATE017 north permanent.shp,37.000000000000000,"1",,,
-539734.566418992,-1930347.02847357,"1",WaterBody,,,"200702071938","2",Perennial,"2",Natural,,"-99",Unknown,"-99",Unknown,"5",Pool,LGATE017_north_perm_artificial,/Users/293003c/Library/CloudStorage/OneDrive-Curtin/Projects/TCZ-research/water point GIS/LGATE017 north permanent.shp,47.000000000000000,,,,
-517355.088770543,-1994452.21714258,"5",WaterPointStructure,,,"200702071938","-99",Unknown,"1",Manmade,,"-99",Unknown,"-98",NotApplicable,"4",Tank,LGATE017_north_perm_artificial,/Users/293003c/Library/CloudStorage/OneDrive-Curtin/Projects/TCZ-research/water point GIS/LGATE017 north permanent.shp,39.000000000000000,,,,
-511853.322609895,-1948947.02655899,"5",WaterPointStructure,,,"200702071938","-99",Unknown,"1",Manmade,,"-99",Unknown,"-98",NotApplicable,"4",Tank,LGATE017_north_perm_artificial,/Users/293003c/Library/CloudStorage/OneDrive-Curtin/Projects/TCZ-research/water point GIS/LGATE017 north permanent.shp,43.000000000000000,,,,
-450385.678231076,-2012128.01843818,"1",WaterBody,,,"201311201723","2",Perennial,"1",Manmade,,"-99",Unknown,"-98",NotApplicable,"2",EarthDam,LGATE017_north_perm_artificial,/Users/293003c/Library/CloudStorage/OneDrive-Curtin/Projects/TCZ-research/water point GIS/LGATE017 north permanent.shp,38.000000000000000,,,,
-558943.505919605,-1975967.71891481,"4",Waterfall,,,"200702071938","2",Perennial,"2",Natural,,"-98",NotApplicable,"-99",Unknown,"-98",NotApplicable,LGATE017_north_perm_artificial,/Users/293003c/Library/CloudStorage/OneDrive-Curtin/Projects/TCZ-research/water point GIS/LGATE017 north permanent.shp,39.000000000000000,,,,
-426258.402089477,-1982655.44288744,"1",WaterBody,,,"200702071938","2",Perennial,"2",Natural,,"-99",Unknown,"-99",Unknown,"5",Pool,LGATE017_north_perm_artificial,/Users/293003c/Library/CloudStorage/OneDrive-Curtin/Projects/TCZ-research/water point GIS/LGATE017 north permanent.shp,35.000000000000000,"1",,,
-326141.549067156,-2051382.80091043,"3",Spring,,,"200702071241","2",Perennial,"2",Natural,,"-99",Unknown,"-99",Unknown,"-98",NotApplicable,LGATE017_north_perm_artificial,/Users/293003c/Library/CloudStorage/OneDrive-Curtin/Projects/TCZ-research/water point GIS/LGATE017 north permanent.shp,30.000000000000000,,,,
-589029.854635802,-1953380.89256949,"4",Waterfall,,,"200702071938","2",Perennial,"2",Natural,,"-98",NotApplicable,"-99",Unknown,"-98",NotApplicable,LGATE017_north_perm_artificial,/Users/293003c/Library/CloudStorage/OneDrive-Curtin/Projects/TCZ-research/water point GIS/LGATE017 north permanent.shp,41.000000000000000,,,,
-428630.23821975,-1960663.23720184,"1",WaterBody,,,"200702071938","2",Perennial,"2",Natural,,"-99",Unknown,"-99",Unknown,"5",Pool,LGATE017_north_perm_artificial,/Users/293003c/Library/CloudStorage/OneDrive-Curtin/Projects/TCZ-research/water point GIS/LGATE017 north permanent.shp,37.000000000000000,"1",,,
-578713.667072606,-1932429.83503298,"1",WaterBody,,,"200702071938","2",Perennial,"2",Natural,,"-99",Unknown,"-99",Unknown,"5",Pool,LGATE017_north_perm_artificial,/Users/293003c/Library/CloudStorage/OneDrive-Curtin/Projects/TCZ-research/water point GIS/LGATE017 north permanent.shp,41.000000000000000,,,,
-452326.87809081,-1953635.27352485,"5",WaterPointStructure,,,"200702071938","-99",Unknown,"1",Manmade,,"-99",Unknown,"-98",NotApplicable,"1",Bore,LGATE017_north_perm_artificial,/Users/293003c/Library/CloudStorage/OneDrive-Curtin/Projects/TCZ-research/water point GIS/LGATE017 north permanent.shp,41.000000000000000,"1",,,
-579209.814839514,-1946878.47848411,"3",Spring,,,"200702071938","2",Perennial,"2",Natural,,"-99",Unknown,"-99",Unknown,"-98",NotApplicable,LGATE017_north_perm_artificial,/Users/293003c/Library/CloudStorage/OneDrive-Curtin/Projects/TCZ-research/water point GIS/LGATE017 north permanent.shp,41.000000000000000,,,,
-593519.195777748,-2242358.16622298,"3",Spring,,,"200702071242","2",Perennial,"2",Natural,,"-99",Unknown,"-99",Unknown,"-98",NotApplicable,LGATE017_north_perm_artificial,/Users/293003c/Library/CloudStorage/OneDrive-Curtin/Projects/TCZ-research/water point GIS/LGATE017 north permanent.shp,24.000000000000000,"2",,,
-545069.188068861,-1962896.62470559,"3",Spring,,,"200702071938","2",Perennial,"2",Natural,,"-99",Unknown,"-99",Unknown,"-98",NotApplicable,LGATE017_north_perm_artificial,/Users/293003c/Library/CloudStorage/OneDrive-Curtin/Projects/TCZ-research/water point GIS/LGATE017 north permanent.shp,40.000000000000000,,,,
-603089.942400995,-1976848.11102823,"4",Waterfall,,,"200702071938","2",Perennial,"2",Natural,,"-98",NotApplicable,"-99",Unknown,"-98",NotApplicable,LGATE017_north_perm_artificial,/Users/293003c/Library/CloudStorage/OneDrive-Curtin/Projects/TCZ-research/water point GIS/LGATE017 north permanent.shp,40.000000000000000,,,,
-438386.063332658,-1975851.68974205,"3",Spring,,,"200702071938","2",Perennial,"2",Natural,,"-99",Unknown,"-99",Unknown,"-98",NotApplicable,LGATE017_north_perm_artificial,/Users/293003c/Library/CloudStorage/OneDrive-Curtin/Projects/TCZ-research/water point GIS/LGATE017 north permanent.shp,38.000000000000000,"1",,,
-551517.996251847,-1989700.95470497,"3",Spring,,,"200702071938","2",Perennial,"2",Natural,,"-99",Unknown,"-99",Unknown,"-98",NotApplicable,LGATE017_north_perm_artificial,/Users/293003c/Library/CloudStorage/OneDrive-Curtin/Projects/TCZ-research/water point GIS/LGATE017 north permanent.shp,38.000000000000000,,,,
-567882.852576053,-1957017.29526231,"5",WaterPointStructure,,,"200702071938","-99",Unknown,"1",Manmade,,"-99",Unknown,"-98",NotApplicable,"1",Bore,LGATE017_north_perm_artificial,/Users/293003c/Library/CloudStorage/OneDrive-Curtin/Projects/TCZ-research/water point GIS/LGATE017 north permanent.shp,42.000000000000000,,,,
-543021.530085654,-1958307.88756131,"3",Spring,,,"200702071938","2",Perennial,"2",Natural,,"-99",Unknown,"-99",Unknown,"-98",NotApplicable,LGATE017_north_perm_artificial,/Users/293003c/Library/CloudStorage/OneDrive-Curtin/Projects/TCZ-research/water point GIS/LGATE017 north permanent.shp,41.000000000000000,,,,
-465864.089012756,-1951786.55535291,"1",WaterBody,,,"200702071938","2",Perennial,"1",Manmade,,"-99",Unknown,"-98",NotApplicable,"2",EarthDam,LGATE017_north_perm_artificial,/Users/293003c/Library/CloudStorage/OneDrive-Curtin/Projects/TCZ-research/water point GIS/LGATE017 north permanent.shp,44.000000000000000,,,,
-567519.987320068,-1956767.72088972,"5",WaterPointStructure,,,"200702071938","-99",Unknown,"1",Manmade,,"-99",Unknown,"-98",NotApplicable,"1",Bore,LGATE017_north_perm_artificial,/Users/293003c/Library/CloudStorage/OneDrive-Curtin/Projects/TCZ-research/water point GIS/LGATE017 north permanent.shp,42.000000000000000,,,,
-514840.385126485,-1928612.44610483,"4",Waterfall,,,"200702071938","2",Perennial,"2",Natural,,"-98",NotApplicable,"-99",Unknown,"-98",NotApplicable,LGATE017_north_perm_artificial,/Users/293003c/Library/CloudStorage/OneDrive-Curtin/Projects/TCZ-research/water point GIS/LGATE017 north permanent.shp,46.000000000000000,,,,
-459692.509653379,-1976854.21656531,"1",WaterBody,,,"200702071938","2",Perennial,"2",Natural,,"-99",Unknown,"-99",Unknown,"5",Pool,LGATE017_north_perm_artificial,/Users/293003c/Library/CloudStorage/OneDrive-Curtin/Projects/TCZ-research/water point GIS/LGATE017 north permanent.shp,41.000000000000000,,,,
-545614.733803355,-1962123.8837806,"3",Spring,,,"200702071938","2",Perennial,"2",Natural,,"-99",Unknown,"-99",Unknown,"-98",NotApplicable,LGATE017_north_perm_artificial,/Users/293003c/Library/CloudStorage/OneDrive-Curtin/Projects/TCZ-research/water point GIS/LGATE017 north permanent.shp,40.000000000000000,,,,
-440932.915873209,-1976024.34716059,"1",WaterBody,,,"200702071938","2",Perennial,"2",Natural,,"-99",Unknown,"-99",Unknown,"5",Pool,LGATE017_north_perm_artificial,/Users/293003c/Library/CloudStorage/OneDrive-Curtin/Projects/TCZ-research/water point GIS/LGATE017 north permanent.shp,38.000000000000000,"1",,,
-536336.040417079,-1953907.1064141,"3",Spring,,,"200702071938","2",Perennial,"2",Natural,,"-99",Unknown,"-99",Unknown,"-98",NotApplicable,LGATE017_north_perm_artificial,/Users/293003c/Library/CloudStorage/OneDrive-Curtin/Projects/TCZ-research/water point GIS/LGATE017 north permanent.shp,41.000000000000000,,,,
-521715.623783113,-1935660.04542411,"5",WaterPointStructure,,,"200702071938","-99",Unknown,"1",Manmade,,"-99",Unknown,"-98",NotApplicable,"1",Bore,LGATE017_north_perm_artificial,/Users/293003c/Library/CloudStorage/OneDrive-Curtin/Projects/TCZ-research/water point GIS/LGATE017 north permanent.shp,46.000000000000000,,,,
-535046.462991629,-1944315.41140217,"3",Spring,,,"200702071938","2",Perennial,"2",Natural,,"-99",Unknown,"-99",Unknown,"-98",NotApplicable,LGATE017_north_perm_artificial,/Users/293003c/Library/CloudStorage/OneDrive-Curtin/Projects/TCZ-research/water point GIS/LGATE017 north permanent.shp,44.000000000000000,,,,
-600572.464286793,-1980438.39651974,"3",Spring,,,"200702071938","2",Perennial,"2",Natural,,"-99",Unknown,"-99",Unknown,"-98",NotApplicable,LGATE017_north_perm_artificial,/Users/293003c/Library/CloudStorage/OneDrive-Curtin/Projects/TCZ-research/water point GIS/LGATE017 north permanent.shp,40.000000000000000,,,,
-438322.813684956,-1975886.88471334,"3",Spring,,,"200702071938","2",Perennial,"2",Natural,,"-99",Unknown,"-99",Unknown,"-98",NotApplicable,LGATE017_north_perm_artificial,/Users/293003c/Library/CloudStorage/OneDrive-Curtin/Projects/TCZ-research/water point GIS/LGATE017 north permanent.shp,38.000000000000000,"1",,,
-440679.153283728,-1976236.20982762,"1",WaterBody,,,"200702071938","2",Perennial,"2",Natural,,"-99",Unknown,"-99",Unknown,"5",Pool,LGATE017_north_perm_artificial,/Users/293003c/Library/CloudStorage/OneDrive-Curtin/Projects/TCZ-research/water point GIS/LGATE017 north permanent.shp,38.000000000000000,"1",,,
-550118.373695353,-2012959.81340679,"5",WaterPointStructure,,,"200702071938","-99",Unknown,"1",Manmade,,"-99",Unknown,"-98",NotApplicable,"7",Windmill,LGATE017_north_perm_artificial,/Users/293003c/Library/CloudStorage/OneDrive-Curtin/Projects/TCZ-research/water point GIS/LGATE017 north permanent.shp,37.000000000000000,,,,
-433991.404600698,-1959663.51052939,"1",WaterBody,,,"200702071938","2",Perennial,"2",Natural,,"-99",Unknown,"-99",Unknown,"5",Pool,LGATE017_north_perm_artificial,/Users/293003c/Library/CloudStorage/OneDrive-Curtin/Projects/TCZ-research/water point GIS/LGATE017 north permanent.shp,37.000000000000000,"1",,,
-442583.308147242,-1957874.00012327,"1",WaterBody,,,"200702071938","2",Perennial,"2",Natural,,"-99",Unknown,"-99",Unknown,"5",Pool,LGATE017_north_perm_artificial,/Users/293003c/Library/CloudStorage/OneDrive-Curtin/Projects/TCZ-research/water point GIS/LGATE017 north permanent.shp,39.000000000000000,"1",,,
-545982.344381171,-1961746.10087125,"3",Spring,,,"200702071938","2",Perennial,"2",Natural,,"-99",Unknown,"-99",Unknown,"-98",NotApplicable,LGATE017_north_perm_artificial,/Users/293003c/Library/CloudStorage/OneDrive-Curtin/Projects/TCZ-research/water point GIS/LGATE017 north permanent.shp,40.000000000000000,,,,
-594375.662776264,-1982030.71919188,"3",Spring,,,"200702071938","2",Perennial,"2",Natural,,"-99",Unknown,"-99",Unknown,"-98",NotApplicable,LGATE017_north_perm_artificial,/Users/293003c/Library/CloudStorage/OneDrive-Curtin/Projects/TCZ-research/water point GIS/LGATE017 north permanent.shp,41.000000000000000,,,,
-434952.682044668,-1945200.98154894,"1",WaterBody,,,"200702071938","2",Perennial,"2",Natural,,"-99",Unknown,"-99",Unknown,"5",Pool,LGATE017_north_perm_artificial,/Users/293003c/Library/CloudStorage/OneDrive-Curtin/Projects/TCZ-research/water point GIS/LGATE017 north permanent.shp,41.000000000000000,"1",,,
-552171.438560442,-1999874.6661505,"3",Spring,,,"200702071938","2",Perennial,"2",Natural,,"-99",Unknown,"-99",Unknown,"-98",NotApplicable,LGATE017_north_perm_artificial,/Users/293003c/Library/CloudStorage/OneDrive-Curtin/Projects/TCZ-research/water point GIS/LGATE017 north permanent.shp,41.000000000000000,,,,
-551936.984868098,-2005059.39582327,"3",Spring,,,"200702071938","2",Perennial,"2",Natural,,"-99",Unknown,"-99",Unknown,"-98",NotApplicable,LGATE017_north_perm_artificial,/Users/293003c/Library/CloudStorage/OneDrive-Curtin/Projects/TCZ-research/water point GIS/LGATE017 north permanent.shp,41.000000000000000,,,,
-563984.101405265,-1942955.28382197,"5",WaterPointStructure,,,"200702071938","-99",Unknown,"1",Manmade,,"-99",Unknown,"-98",NotApplicable,"1",Bore,LGATE017_north_perm_artificial,/Users/293003c/Library/CloudStorage/OneDrive-Curtin/Projects/TCZ-research/water point GIS/LGATE017 north permanent.shp,43.000000000000000,,,,
-544706.908636695,-1929401.28348797,"1",WaterBody,,,"200702071938","2",Perennial,"2",Natural,,"-99",Unknown,"-99",Unknown,"5",Pool,LGATE017_north_perm_artificial,/Users/293003c/Library/CloudStorage/OneDrive-Curtin/Projects/TCZ-research/water point GIS/LGATE017 north permanent.shp,47.000000000000000,,,,
-587762.694197798,-1978998.35157734,"4",Waterfall,,,"200702071938","2",Perennial,"2",Natural,,"-98",NotApplicable,"-99",Unknown,"-98",NotApplicable,LGATE017_north_perm_artificial,/Users/293003c/Library/CloudStorage/OneDrive-Curtin/Projects/TCZ-research/water point GIS/LGATE017 north permanent.shp,41.000000000000000,,,,
-532177.944862465,-1981532.12199891,"5",WaterPointStructure,,,"200702071938","-99",Unknown,"1",Manmade,,"-99",Unknown,"-98",NotApplicable,"2",BoreAndWindmill,LGATE017_north_perm_artificial,/Users/293003c/Library/CloudStorage/OneDrive-Curtin/Projects/TCZ-research/water point GIS/LGATE017 north permanent.shp,41.000000000000000,,,,
-526817.968675549,-2051156.81228466,"3",Spring,,,"200702071241","2",Perennial,"2",Natural,,"-99",Unknown,"-99",Unknown,"-98",NotApplicable,LGATE017_north_perm_artificial,/Users/293003c/Library/CloudStorage/OneDrive-Curtin/Projects/TCZ-research/water point GIS/LGATE017 north permanent.shp,35.000000000000000,,,,
-499926.630487892,-1941656.3895216,"5",WaterPointStructure,,,"200702071938","-99",Unknown,"1",Manmade,,"-99",Unknown,"-98",NotApplicable,"7",Windmill,LGATE017_north_perm_artificial,/Users/293003c/Library/CloudStorage/OneDrive-Curtin/Projects/TCZ-research/water point GIS/LGATE017 north permanent.shp,44.000000000000000,,,,
-444466.332738455,-1976803.92176036,"1",WaterBody,,,"200702071938","2",Perennial,"2",Natural,,"-99",Unknown,"-99",Unknown,"5",Pool,LGATE017_north_perm_artificial,/Users/293003c/Library/CloudStorage/OneDrive-Curtin/Projects/TCZ-research/water point GIS/LGATE017 north permanent.shp,38.000000000000000,"1",,,
-595251.835029334,-1991751.36861289,"5",WaterPointStructure,,,"200702071938","-99",Unknown,"1",Manmade,,"-99",Unknown,"-98",NotApplicable,"1",Bore,LGATE017_north_perm_artificial,/Users/293003c/Library/CloudStorage/OneDrive-Curtin/Projects/TCZ-research/water point GIS/LGATE017 north permanent.shp,38.000000000000000,,,,
-535083.376045728,-1944494.84538176,"3",Spring,,,"200702071938","2",Perennial,"2",Natural,,"-99",Unknown,"-99",Unknown,"-98",NotApplicable,LGATE017_north_perm_artificial,/Users/293003c/Library/CloudStorage/OneDrive-Curtin/Projects/TCZ-research/water point GIS/LGATE017 north permanent.shp,44.000000000000000,,,,
-547240.672940147,-1938988.29608154,"4",Waterfall,,,"200702071938","2",Perennial,"2",Natural,,"-98",NotApplicable,"-99",Unknown,"-98",NotApplicable,LGATE017_north_perm_artificial,/Users/293003c/Library/CloudStorage/OneDrive-Curtin/Projects/TCZ-research/water point GIS/LGATE017 north permanent.shp,44.000000000000000,,,,
-444834.162698053,-1939681.18194274,"5",WaterPointStructure,,,"200702071938","-99",Unknown,"1",Manmade,,"-99",Unknown,"-98",NotApplicable,"4",Tank,LGATE017_north_perm_artificial,/Users/293003c/Library/CloudStorage/OneDrive-Curtin/Projects/TCZ-research/water point GIS/LGATE017 north permanent.shp,41.000000000000000,"1",,,
-597391.976554616,-2040354.1912451,"4",Waterfall,,,"200702071938","2",Perennial,"2",Natural,,"-98",NotApplicable,"-99",Unknown,"-98",NotApplicable,LGATE017_north_perm_artificial,/Users/293003c/Library/CloudStorage/OneDrive-Curtin/Projects/TCZ-research/water point GIS/LGATE017 north permanent.shp,33.000000000000000,,,,
-484650.772306497,-1998949.75598969,"3",Spring,,,"200702071938","2",Perennial,"2",Natural,,"-99",Unknown,"-99",Unknown,"-98",NotApplicable,LGATE017_north_perm_artificial,/Users/293003c/Library/CloudStorage/OneDrive-Curtin/Projects/TCZ-research/water point GIS/LGATE017 north permanent.shp,39.000000000000000,,,,
-577454.452988219,-2057434.74172018,"3",Spring,,,"200702071241","2",Perennial,"2",Natural,,"-99",Unknown,"-99",Unknown,"-98",NotApplicable,LGATE017_north_perm_artificial,/Users/293003c/Library/CloudStorage/OneDrive-Curtin/Projects/TCZ-research/water point GIS/LGATE017 north permanent.shp,35.000000000000000,,,,
-533466.906735051,-1992570.29321106,"5",WaterPointStructure,,,"200702071938","-99",Unknown,"1",Manmade,,"-99",Unknown,"-98",NotApplicable,"2",BoreAndWindmill,LGATE017_north_perm_artificial,/Users/293003c/Library/CloudStorage/OneDrive-Curtin/Projects/TCZ-research/water point GIS/LGATE017 north permanent.shp,39.000000000000000,,,,
-603353.382419344,-1980287.16067151,"3",Spring,,,"200702071938","2",Perennial,"2",Natural,,"-99",Unknown,"-99",Unknown,"-98",NotApplicable,LGATE017_north_perm_artificial,/Users/293003c/Library/CloudStorage/OneDrive-Curtin/Projects/TCZ-research/water point GIS/LGATE017 north permanent.shp,40.000000000000000,,,,
-524896.115911778,-1946910.39563551,"4",Waterfall,,,"200702071938","2",Perennial,"2",Natural,,"-98",NotApplicable,"-99",Unknown,"-98",NotApplicable,LGATE017_north_perm_artificial,/Users/293003c/Library/CloudStorage/OneDrive-Curtin/Projects/TCZ-research/water point GIS/LGATE017 north permanent.shp,44.000000000000000,,,,
-558355.681268971,-1976507.55271096,"4",Waterfall,,,"200702071938","2",Perennial,"2",Natural,,"-98",NotApplicable,"-99",Unknown,"-98",NotApplicable,LGATE017_north_perm_artificial,/Users/293003c/Library/CloudStorage/OneDrive-Curtin/Projects/TCZ-research/water point GIS/LGATE017 north permanent.shp,39.000000000000000,,,,
-537736.556363008,-1957995.016889,"3",Spring,,,"200702071938","2",Perennial,"2",Natural,,"-99",Unknown,"-99",Unknown,"-98",NotApplicable,LGATE017_north_perm_artificial,/Users/293003c/Library/CloudStorage/OneDrive-Curtin/Projects/TCZ-research/water point GIS/LGATE017 north permanent.shp,41.000000000000000,,,,
-541602.710098422,-1967851.03872391,"4",Waterfall,,,"200702071938","2",Perennial,"2",Natural,,"-98",NotApplicable,"-99",Unknown,"-98",NotApplicable,LGATE017_north_perm_artificial,/Users/293003c/Library/CloudStorage/OneDrive-Curtin/Projects/TCZ-research/water point GIS/LGATE017 north permanent.shp,42.000000000000000,,,,
-518682.68413262,-2025297.00625423,"5",WaterPointStructure,,,"200702071938","-99",Unknown,"1",Manmade,,"-99",Unknown,"-98",NotApplicable,"4",Tank,LGATE017_north_perm_artificial,/Users/293003c/Library/CloudStorage/OneDrive-Curtin/Projects/TCZ-research/water point GIS/LGATE017 north permanent.shp,37.000000000000000,,,,
-581192.849603748,-1976501.4070866,"3",Spring,,,"200702071938","2",Perennial,"2",Natural,,"-99",Unknown,"-99",Unknown,"-98",NotApplicable,LGATE017_north_perm_artificial,/Users/293003c/Library/CloudStorage/OneDrive-Curtin/Projects/TCZ-research/water point GIS/LGATE017 north permanent.shp,41.000000000000000,,,,
-513930.909351788,-2051257.57582305,"3",Spring,,,"200702071241","2",Perennial,"2",Natural,,"-99",Unknown,"-99",Unknown,"-98",NotApplicable,LGATE017_north_perm_artificial,/Users/293003c/Library/CloudStorage/OneDrive-Curtin/Projects/TCZ-research/water point GIS/LGATE017 north permanent.shp,36.000000000000000,,,,
-588513.536833432,-1955398.74733787,"4",Waterfall,,,"200702071938","2",Perennial,"2",Natural,,"-98",NotApplicable,"-99",Unknown,"-98",NotApplicable,LGATE017_north_perm_artificial,/Users/293003c/Library/CloudStorage/OneDrive-Curtin/Projects/TCZ-research/water point GIS/LGATE017 north permanent.shp,41.000000000000000,,,,
-612758.930669812,-2075777.03222296,"3",Spring,,,"200702071241","2",Perennial,"2",Natural,,"-99",Unknown,"-99",Unknown,"-98",NotApplicable,LGATE017_north_perm_artificial,/Users/293003c/Library/CloudStorage/OneDrive-Curtin/Projects/TCZ-research/water point GIS/LGATE017 north permanent.shp,31.000000000000000,,,,
-555261.209414556,-1935557.7888471,"4",Waterfall,,,"200702071938","2",Perennial,"2",Natural,,"-98",NotApplicable,"-99",Unknown,"-98",NotApplicable,LGATE017_north_perm_artificial,/Users/293003c/Library/CloudStorage/OneDrive-Curtin/Projects/TCZ-research/water point GIS/LGATE017 north permanent.shp,44.000000000000000,,,,
-546133.560819973,-1937267.30434288,"5",WaterPointStructure,,,"200702071938","-99",Unknown,"1",Manmade,,"-99",Unknown,"-98",NotApplicable,"1",Bore,LGATE017_north_perm_artificial,/Users/293003c/Library/CloudStorage/OneDrive-Curtin/Projects/TCZ-research/water point GIS/LGATE017 north permanent.shp,44.000000000000000,,,,
-588673.855416631,-1977364.82962833,"4",Waterfall,,,"200702071938","2",Perennial,"2",Natural,,"-98",NotApplicable,"-99",Unknown,"-98",NotApplicable,LGATE017_north_perm_artificial,/Users/293003c/Library/CloudStorage/OneDrive-Curtin/Projects/TCZ-research/water point GIS/LGATE017 north permanent.shp,41.000000000000000,,,,
-427080.016306376,-1951851.42778252,"1",WaterBody,,,"200702071938","2",Perennial,"2",Natural,,"-99",Unknown,"-99",Unknown,"5",Pool,LGATE017_north_perm_artificial,/Users/293003c/Library/CloudStorage/OneDrive-Curtin/Projects/TCZ-research/water point GIS/LGATE017 north permanent.shp,37.000000000000000,"1",,,
-562038.44716627,-1943643.6425541,"5",WaterPointStructure,,,"200702071938","-99",Unknown,"1",Manmade,,"-99",Unknown,"-98",NotApplicable,"1",Bore,LGATE017_north_perm_artificial,/Users/293003c/Library/CloudStorage/OneDrive-Curtin/Projects/TCZ-research/water point GIS/LGATE017 north permanent.shp,43.000000000000000,,,,
-476469.171957439,-1958709.19639254,"3",Spring,,,"200702071938","2",Perennial,"2",Natural,,"-99",Unknown,"-99",Unknown,"-98",NotApplicable,LGATE017_north_perm_artificial,/Users/293003c/Library/CloudStorage/OneDrive-Curtin/Projects/TCZ-research/water point GIS/LGATE017 north permanent.shp,42.000000000000000,,,,
-436025.67112497,-1945043.10028318,"1",WaterBody,,,"200702071938","2",Perennial,"2",Natural,,"-99",Unknown,"-99",Unknown,"5",Pool,LGATE017_north_perm_artificial,/Users/293003c/Library/CloudStorage/OneDrive-Curtin/Projects/TCZ-research/water point GIS/LGATE017 north permanent.shp,41.000000000000000,"1",,,
-518153.746793815,-2022293.20844745,"3",Spring,,,"200702071938","2",Perennial,"2",Natural,,"-99",Unknown,"-99",Unknown,"-98",NotApplicable,LGATE017_north_perm_artificial,/Users/293003c/Library/CloudStorage/OneDrive-Curtin/Projects/TCZ-research/water point GIS/LGATE017 north permanent.shp,37.000000000000000,,,,
-445747.457394877,-1983507.0429559,"1",WaterBody,,,"200702071938","2",Perennial,"2",Natural,,"-99",Unknown,"-99",Unknown,"5",Pool,LGATE017_north_perm_artificial,/Users/293003c/Library/CloudStorage/OneDrive-Curtin/Projects/TCZ-research/water point GIS/LGATE017 north permanent.shp,38.000000000000000,"1",,,
-495456.29381812,-1949033.01080485,"5",WaterPointStructure,,,"200702071938","-99",Unknown,"1",Manmade,,"-99",Unknown,"-98",NotApplicable,"7",Windmill,LGATE017_north_perm_artificial,/Users/293003c/Library/CloudStorage/OneDrive-Curtin/Projects/TCZ-research/water point GIS/LGATE017 north permanent.shp,43.000000000000000,,,,
-581465.078715684,-1941956.94299164,"3",Spring,,,"200702071938","2",Perennial,"2",Natural,,"-99",Unknown,"-99",Unknown,"-98",NotApplicable,LGATE017_north_perm_artificial,/Users/293003c/Library/CloudStorage/OneDrive-Curtin/Projects/TCZ-research/water point GIS/LGATE017 north permanent.shp,41.000000000000000,,,,
-519266.196979228,-2048688.61572183,"3",Spring,,,"200702071241","2",Perennial,"2",Natural,,"-99",Unknown,"-99",Unknown,"-98",NotApplicable,LGATE017_north_perm_artificial,/Users/293003c/Library/CloudStorage/OneDrive-Curtin/Projects/TCZ-research/water point GIS/LGATE017 north permanent.shp,36.000000000000000,,,,
-429613.30819734,-1961461.3599986,"1",WaterBody,,,"200702071938","2",Perennial,"2",Natural,,"-99",Unknown,"-99",Unknown,"5",Pool,LGATE017_north_perm_artificial,/Users/293003c/Library/CloudStorage/OneDrive-Curtin/Projects/TCZ-research/water point GIS/LGATE017 north permanent.shp,37.000000000000000,"1",,,
-333718.853707741,-2049234.53090248,"3",Spring,,,"200702071241","2",Perennial,"2",Natural,,"-99",Unknown,"-99",Unknown,"-98",NotApplicable,LGATE017_north_perm_artificial,/Users/293003c/Library/CloudStorage/OneDrive-Curtin/Projects/TCZ-research/water point GIS/LGATE017 north permanent.shp,31.000000000000000,,,,
-581281.976286329,-1941996.62912576,"3",Spring,,,"200702071938","2",Perennial,"2",Natural,,"-99",Unknown,"-99",Unknown,"-98",NotApplicable,LGATE017_north_perm_artificial,/Users/293003c/Library/CloudStorage/OneDrive-Curtin/Projects/TCZ-research/water point GIS/LGATE017 north permanent.shp,41.000000000000000,,,,
-553992.676207661,-1992265.15107763,"5",WaterPointStructure,,,"200702071938","-99",Unknown,"1",Manmade,,"-99",Unknown,"-98",NotApplicable,"1",Bore,LGATE017_north_perm_artificial,/Users/293003c/Library/CloudStorage/OneDrive-Curtin/Projects/TCZ-research/water point GIS/LGATE017 north permanent.shp,37.000000000000000,,,,
-455529.354375144,-1952943.4623801,"5",WaterPointStructure,,,"200702071938","-99",Unknown,"1",Manmade,,"-99",Unknown,"-98",NotApplicable,"1",Bore,LGATE017_north_perm_artificial,/Users/293003c/Library/CloudStorage/OneDrive-Curtin/Projects/TCZ-research/water point GIS/LGATE017 north permanent.shp,41.000000000000000,"1",,,
-573960.150969002,-1936965.9153189,"3",Spring,,,"200702071938","2",Perennial,"2",Natural,,"-99",Unknown,"-99",Unknown,"-98",NotApplicable,LGATE017_north_perm_artificial,/Users/293003c/Library/CloudStorage/OneDrive-Curtin/Projects/TCZ-research/water point GIS/LGATE017 north permanent.shp,42.000000000000000,,,,
-507524.850796589,-2006920.87708362,"3",Spring,,,"200702071938","2",Perennial,"2",Natural,,"-99",Unknown,"-99",Unknown,"-98",NotApplicable,LGATE017_north_perm_artificial,/Users/293003c/Library/CloudStorage/OneDrive-Curtin/Projects/TCZ-research/water point GIS/LGATE017 north permanent.shp,38.000000000000000,,,,
-581644.531642902,-1941915.44728472,"3",Spring,,,"200702071938","2",Perennial,"2",Natural,,"-99",Unknown,"-99",Unknown,"-98",NotApplicable,LGATE017_north_perm_artificial,/Users/293003c/Library/CloudStorage/OneDrive-Curtin/Projects/TCZ-research/water point GIS/LGATE017 north permanent.shp,41.000000000000000,,,,
-432232.389117973,-1979910.63039413,"1",WaterBody,,,"200702071938","2",Perennial,"2",Natural,,"-99",Unknown,"-99",Unknown,"5",Pool,LGATE017_north_perm_artificial,/Users/293003c/Library/CloudStorage/OneDrive-Curtin/Projects/TCZ-research/water point GIS/LGATE017 north permanent.shp,36.000000000000000,"1",,,
-499968.047342846,-1941637.48375404,"5",WaterPointStructure,,,"200702071938","-99",Unknown,"1",Manmade,,"-99",Unknown,"-98",NotApplicable,"4",Tank,LGATE017_north_perm_artificial,/Users/293003c/Library/CloudStorage/OneDrive-Curtin/Projects/TCZ-research/water point GIS/LGATE017 north permanent.shp,44.000000000000000,,,,
-610368.312361891,-2035722.18855052,"1",WaterBody,,,"200702071938","2",Perennial,"1",Manmade,,"-99",Unknown,"-99",Unknown,"2",EarthDam,LGATE017_north_perm_artificial,/Users/293003c/Library/CloudStorage/OneDrive-Curtin/Projects/TCZ-research/water point GIS/LGATE017 north permanent.shp,33.000000000000000,,,,
-507851.396014341,-2006457.26154584,"3",Spring,,,"200702071938","2",Perennial,"2",Natural,,"-99",Unknown,"-99",Unknown,"-98",NotApplicable,LGATE017_north_perm_artificial,/Users/293003c/Library/CloudStorage/OneDrive-Curtin/Projects/TCZ-research/water point GIS/LGATE017 north permanent.shp,38.000000000000000,,,,
-480212.117968152,-2004344.2201713,"3",Spring,,,"200702071938","2",Perennial,"2",Natural,,"-99",Unknown,"-99",Unknown,"-98",NotApplicable,LGATE017_north_perm_artificial,/Users/293003c/Library/CloudStorage/OneDrive-Curtin/Projects/TCZ-research/water point GIS/LGATE017 north permanent.shp,39.000000000000000,,,,
-364903.913370993,-1935075.86972708,"1",WaterBody,,,"200702071241","2",Perennial,"2",Natural,,"-99",Unknown,"-99",Unknown,"5",Pool,LGATE017_north_perm_artificial,/Users/293003c/Library/CloudStorage/OneDrive-Curtin/Projects/TCZ-research/water point GIS/LGATE017 north permanent.shp,36.000000000000000,"1",,,
-579368.489101086,-1946492.59124243,"3",Spring,,,"200702071938","2",Perennial,"2",Natural,,"-99",Unknown,"-99",Unknown,"-98",NotApplicable,LGATE017_north_perm_artificial,/Users/293003c/Library/CloudStorage/OneDrive-Curtin/Projects/TCZ-research/water point GIS/LGATE017 north permanent.shp,41.000000000000000,,,,
-505910.305830907,-2050499.73498115,"3",Spring,,,"200702071241","2",Perennial,"2",Natural,,"-99",Unknown,"-99",Unknown,"-98",NotApplicable,LGATE017_north_perm_artificial,/Users/293003c/Library/CloudStorage/OneDrive-Curtin/Projects/TCZ-research/water point GIS/LGATE017 north permanent.shp,37.000000000000000,,,,
-440811.47399458,-1975410.00126746,"1",WaterBody,,,"200702071938","2",Perennial,"2",Natural,,"-99",Unknown,"-99",Unknown,"5",Pool,LGATE017_north_perm_artificial,/Users/293003c/Library/CloudStorage/OneDrive-Curtin/Projects/TCZ-research/water point GIS/LGATE017 north permanent.shp,38.000000000000000,"1",,,
-600345.079510234,-1935195.227263,"1",WaterBody,,,"200702071938","2",Perennial,"2",Natural,,"-99",Unknown,"-99",Unknown,"5",Pool,LGATE017_north_perm_artificial,/Users/293003c/Library/CloudStorage/OneDrive-Curtin/Projects/TCZ-research/water point GIS/LGATE017 north permanent.shp,40.000000000000000,,,,
-318817.65893237,-2197334.02544094,"5",WaterPointStructure,Bloodwood Bore,Bloodwood Bore,"200702101818","-99",Unknown,"1",Manmade,,"-99",Unknown,"-98",NotApplicable,"2",BoreAndWindmill,LGATE017_north_perm_artificial,/Users/293003c/Library/CloudStorage/OneDrive-Curtin/Projects/TCZ-research/water point GIS/LGATE017 north permanent.shp,26.000000000000000,,,,
-481899.208039333,-1976193.35282332,"1",WaterBody,,,"200702071938","2",Perennial,"1",Manmade,,"-99",Unknown,"-99",Unknown,"2",EarthDam,LGATE017_north_perm_artificial,/Users/293003c/Library/CloudStorage/OneDrive-Curtin/Projects/TCZ-research/water point GIS/LGATE017 north permanent.shp,42.000000000000000,,,,
-545267.705637393,-1929778.59806996,"1",WaterBody,,,"200702071938","2",Perennial,"2",Natural,,"-99",Unknown,"-99",Unknown,"5",Pool,LGATE017_north_perm_artificial,/Users/293003c/Library/CloudStorage/OneDrive-Curtin/Projects/TCZ-research/water point GIS/LGATE017 north permanent.shp,47.000000000000000,,,,
-588356.907046226,-2033950.3912274,"4",Waterfall,,,"200702071938","2",Perennial,"2",Natural,,"-98",NotApplicable,"-99",Unknown,"-98",NotApplicable,LGATE017_north_perm_artificial,/Users/293003c/Library/CloudStorage/OneDrive-Curtin/Projects/TCZ-research/water point GIS/LGATE017 north permanent.shp,35.000000000000000,,,,
-435785.750616896,-1973512.73258981,"1",WaterBody,,,"200702071938","2",Perennial,"2",Natural,,"-99",Unknown,"-99",Unknown,"5",Pool,LGATE017_north_perm_artificial,/Users/293003c/Library/CloudStorage/OneDrive-Curtin/Projects/TCZ-research/water point GIS/LGATE017 north permanent.shp,37.000000000000000,"1",,,
-581791.109880109,-1951465.30706175,"5",WaterPointStructure,,,"200702071938","-99",Unknown,"1",Manmade,,"-99",Unknown,"-98",NotApplicable,"1",Bore,LGATE017_north_perm_artificial,/Users/293003c/Library/CloudStorage/OneDrive-Curtin/Projects/TCZ-research/water point GIS/LGATE017 north permanent.shp,41.000000000000000,,,,
-482758.975203932,-1956485.83293949,"5",WaterPointStructure,,,"200702071938","-99",Unknown,"1",Manmade,,"-99",Unknown,"-98",NotApplicable,"4",Tank,LGATE017_north_perm_artificial,/Users/293003c/Library/CloudStorage/OneDrive-Curtin/Projects/TCZ-research/water point GIS/LGATE017 north permanent.shp,43.000000000000000,,,,
-336706.002618706,-1933506.31657705,"5",WaterPointStructure,No. 23 Bore,No. 23 Bore,"200702101818","-99",Unknown,"1",Manmade,,"-99",Unknown,"-98",NotApplicable,"2",BoreAndWindmill,LGATE017_north_perm_artificial,/Users/293003c/Library/CloudStorage/OneDrive-Curtin/Projects/TCZ-research/water point GIS/LGATE017 north permanent.shp,35.000000000000000,"1",,,
-559199.177929653,-1943880.72617797,"5",WaterPointStructure,,,"200702071938","-99",Unknown,"1",Manmade,,"-99",Unknown,"-98",NotApplicable,"1",Bore,LGATE017_north_perm_artificial,/Users/293003c/Library/CloudStorage/OneDrive-Curtin/Projects/TCZ-research/water point GIS/LGATE017 north permanent.shp,43.000000000000000,,,,
-541683.556851362,-1932760.97585598,"1",WaterBody,,,"200702071938","2",Perennial,"2",Natural,,"-99",Unknown,"-99",Unknown,"5",Pool,LGATE017_north_perm_artificial,/Users/293003c/Library/CloudStorage/OneDrive-Curtin/Projects/TCZ-research/water point GIS/LGATE017 north permanent.shp,47.000000000000000,,,,
-431425.117431064,-1949213.31601617,"1",WaterBody,,,"200702071938","2",Perennial,"2",Natural,,"-99",Unknown,"-99",Unknown,"5",Pool,LGATE017_north_perm_artificial,/Users/293003c/Library/CloudStorage/OneDrive-Curtin/Projects/TCZ-research/water point GIS/LGATE017 north permanent.shp,40.000000000000000,"1",,,
-586656.385299092,-1946874.49116521,"4",Waterfall,,,"200702071938","2",Perennial,"2",Natural,,"-98",NotApplicable,"-99",Unknown,"-98",NotApplicable,LGATE017_north_perm_artificial,/Users/293003c/Library/CloudStorage/OneDrive-Curtin/Projects/TCZ-research/water point GIS/LGATE017 north permanent.shp,41.000000000000000,,,,
-474861.806702851,-1969905.80833275,"5",WaterPointStructure,,,"200702071938","-99",Unknown,"1",Manmade,,"-99",Unknown,"-98",NotApplicable,"1",Bore,LGATE017_north_perm_artificial,/Users/293003c/Library/CloudStorage/OneDrive-Curtin/Projects/TCZ-research/water point GIS/LGATE017 north permanent.shp,42.000000000000000,,,,
-591283.16708455,-1943629.50103862,"5",WaterPointStructure,,,"200702071938","-99",Unknown,"1",Manmade,,"-99",Unknown,"-98",NotApplicable,"1",Bore,LGATE017_north_perm_artificial,/Users/293003c/Library/CloudStorage/OneDrive-Curtin/Projects/TCZ-research/water point GIS/LGATE017 north permanent.shp,43.000000000000000,,,,
-582723.42946051,-1947687.3901922,"5",WaterPointStructure,,,"200702071938","-99",Unknown,"1",Manmade,,"-99",Unknown,"-98",NotApplicable,"1",Bore,LGATE017_north_perm_artificial,/Users/293003c/Library/CloudStorage/OneDrive-Curtin/Projects/TCZ-research/water point GIS/LGATE017 north permanent.shp,41.000000000000000,,,,
-464230.722657106,-1952494.50940035,"1",WaterBody,,,"201311201723","2",Perennial,"1",Manmade,,"-99",Unknown,"-98",NotApplicable,"2",EarthDam,LGATE017_north_perm_artificial,/Users/293003c/Library/CloudStorage/OneDrive-Curtin/Projects/TCZ-research/water point GIS/LGATE017 north permanent.shp,44.000000000000000,,,,
-597372.04296753,-1984315.76451508,"3",Spring,,,"200702071938","2",Perennial,"2",Natural,,"-99",Unknown,"-99",Unknown,"-98",NotApplicable,LGATE017_north_perm_artificial,/Users/293003c/Library/CloudStorage/OneDrive-Curtin/Projects/TCZ-research/water point GIS/LGATE017 north permanent.shp,40.000000000000000,,,,
-508553.487682905,-2050983.96517039,"3",Spring,,,"200702071241","2",Perennial,"2",Natural,,"-99",Unknown,"-99",Unknown,"-98",NotApplicable,LGATE017_north_perm_artificial,/Users/293003c/Library/CloudStorage/OneDrive-Curtin/Projects/TCZ-research/water point GIS/LGATE017 north permanent.shp,37.000000000000000,,,,
-587295.693973553,-1990590.21831728,"5",WaterPointStructure,,,"200702071938","-99",Unknown,"1",Manmade,,"-99",Unknown,"-98",NotApplicable,"1",Bore,LGATE017_north_perm_artificial,/Users/293003c/Library/CloudStorage/OneDrive-Curtin/Projects/TCZ-research/water point GIS/LGATE017 north permanent.shp,38.000000000000000,,,,
-482391.695681855,-1976728.38761215,"5",WaterPointStructure,,,"200702071938","-99",Unknown,"1",Manmade,,"-99",Unknown,"-98",NotApplicable,"8",WellAndWindmill,LGATE017_north_perm_artificial,/Users/293003c/Library/CloudStorage/OneDrive-Curtin/Projects/TCZ-research/water point GIS/LGATE017 north permanent.shp,42.000000000000000,,,,
-534938.143112517,-1946805.52967331,"3",Spring,,,"200702071938","2",Perennial,"2",Natural,,"-99",Unknown,"-99",Unknown,"-98",NotApplicable,LGATE017_north_perm_artificial,/Users/293003c/Library/CloudStorage/OneDrive-Curtin/Projects/TCZ-research/water point GIS/LGATE017 north permanent.shp,44.000000000000000,,,,
-449509.271630969,-1971286.65042482,"1",WaterBody,,,"200702071938","2",Perennial,"2",Natural,,"-99",Unknown,"-99",Unknown,"5",Pool,LGATE017_north_perm_artificial,/Users/293003c/Library/CloudStorage/OneDrive-Curtin/Projects/TCZ-research/water point GIS/LGATE017 north permanent.shp,39.000000000000000,"1",,,
-548101.83701033,-1970279.45643761,"4",Waterfall,,,"200702071938","2",Perennial,"2",Natural,,"-98",NotApplicable,"-99",Unknown,"-98",NotApplicable,LGATE017_north_perm_artificial,/Users/293003c/Library/CloudStorage/OneDrive-Curtin/Projects/TCZ-research/water point GIS/LGATE017 north permanent.shp,40.000000000000000,,,,
-431751.239720743,-1960584.23552603,"1",WaterBody,,,"200702071938","2",Perennial,"2",Natural,,"-99",Unknown,"-99",Unknown,"5",Pool,LGATE017_north_perm_artificial,/Users/293003c/Library/CloudStorage/OneDrive-Curtin/Projects/TCZ-research/water point GIS/LGATE017 north permanent.shp,37.000000000000000,"1",,,
-586763.420097444,-2025744.41021119,"1",WaterBody,,,"200702071938","2",Perennial,"1",Manmade,,"-99",Unknown,"-99",Unknown,"2",EarthDam,LGATE017_north_perm_artificial,/Users/293003c/Library/CloudStorage/OneDrive-Curtin/Projects/TCZ-research/water point GIS/LGATE017 north permanent.shp,36.000000000000000,,,,
-519405.225367428,-2055357.96704894,"3",Spring,,,"200702071241","2",Perennial,"2",Natural,,"-99",Unknown,"-99",Unknown,"-98",NotApplicable,LGATE017_north_perm_artificial,/Users/293003c/Library/CloudStorage/OneDrive-Curtin/Projects/TCZ-research/water point GIS/LGATE017 north permanent.shp,35.000000000000000,,,,
-540141.079705696,-1960257.00896308,"4",Waterfall,,,"200702071938","2",Perennial,"2",Natural,,"-98",NotApplicable,"-99",Unknown,"-98",NotApplicable,LGATE017_north_perm_artificial,/Users/293003c/Library/CloudStorage/OneDrive-Curtin/Projects/TCZ-research/water point GIS/LGATE017 north permanent.shp,41.000000000000000,,,,
-327252.683639813,-1949366.61552164,"5",WaterPointStructure,No. 1 Bore,No. 1 Bore,"200702101818","-99",Unknown,"1",Manmade,,"-99",Unknown,"-98",NotApplicable,"2",BoreAndWindmill,LGATE017_north_perm_artificial,/Users/293003c/Library/CloudStorage/OneDrive-Curtin/Projects/TCZ-research/water point GIS/LGATE017 north permanent.shp,35.000000000000000,"1",,,
-600619.425787432,-1980380.52942786,"3",Spring,,,"200702071938","2",Perennial,"2",Natural,,"-99",Unknown,"-99",Unknown,"-98",NotApplicable,LGATE017_north_perm_artificial,/Users/293003c/Library/CloudStorage/OneDrive-Curtin/Projects/TCZ-research/water point GIS/LGATE017 north permanent.shp,40.000000000000000,,,,
-550558.01726162,-1989977.54402781,"3",Spring,,,"200702071938","2",Perennial,"2",Natural,,"-99",Unknown,"-99",Unknown,"-98",NotApplicable,LGATE017_north_perm_artificial,/Users/293003c/Library/CloudStorage/OneDrive-Curtin/Projects/TCZ-research/water point GIS/LGATE017 north permanent.shp,38.000000000000000,,,,
-441194.433201562,-1976154.71610962,"1",WaterBody,,,"200702071938","2",Perennial,"2",Natural,,"-99",Unknown,"-99",Unknown,"5",Pool,LGATE017_north_perm_artificial,/Users/293003c/Library/CloudStorage/OneDrive-Curtin/Projects/TCZ-research/water point GIS/LGATE017 north permanent.shp,38.000000000000000,"1",,,
-527574.845709571,-1999492.236741,"1",WaterBody,,,"200702071938","2",Perennial,"1",Manmade,,"-99",Unknown,"-99",Unknown,"2",EarthDam,LGATE017_north_perm_artificial,/Users/293003c/Library/CloudStorage/OneDrive-Curtin/Projects/TCZ-research/water point GIS/LGATE017 north permanent.shp,38.000000000000000,,,,
-560902.645944079,-1978102.62169624,"4",Waterfall,,,"200702071938","2",Perennial,"2",Natural,,"-98",NotApplicable,"-99",Unknown,"-98",NotApplicable,LGATE017_north_perm_artificial,/Users/293003c/Library/CloudStorage/OneDrive-Curtin/Projects/TCZ-research/water point GIS/LGATE017 north permanent.shp,39.000000000000000,,,,
-442409.414065304,-1951009.05990171,"5",WaterPointStructure,,,"200702071938","-99",Unknown,"1",Manmade,,"-99",Unknown,"-98",NotApplicable,"4",Tank,LGATE017_north_perm_artificial,/Users/293003c/Library/CloudStorage/OneDrive-Curtin/Projects/TCZ-research/water point GIS/LGATE017 north permanent.shp,41.000000000000000,"1",,,
-537929.878353706,-1959286.12484483,"3",Spring,,,"200702071938","2",Perennial,"2",Natural,,"-99",Unknown,"-99",Unknown,"-98",NotApplicable,LGATE017_north_perm_artificial,/Users/293003c/Library/CloudStorage/OneDrive-Curtin/Projects/TCZ-research/water point GIS/LGATE017 north permanent.shp,41.000000000000000,,,,
-549178.64087102,-1955810.05243614,"5",WaterPointStructure,,,"200702071938","-99",Unknown,"1",Manmade,,"-99",Unknown,"-98",NotApplicable,"1",Bore,LGATE017_north_perm_artificial,/Users/293003c/Library/CloudStorage/OneDrive-Curtin/Projects/TCZ-research/water point GIS/LGATE017 north permanent.shp,41.000000000000000,,,,
-611342.812269905,-2042940.55639492,"5",WaterPointStructure,,,"200702071938","-99",Unknown,"1",Manmade,,"-99",Unknown,"-98",NotApplicable,"1",Bore,LGATE017_north_perm_artificial,/Users/293003c/Library/CloudStorage/OneDrive-Curtin/Projects/TCZ-research/water point GIS/LGATE017 north permanent.shp,32.000000000000000,,,,
-557967.863470016,-1976669.41747333,"4",Waterfall,,,"200702071938","2",Perennial,"2",Natural,,"-98",NotApplicable,"-99",Unknown,"-98",NotApplicable,LGATE017_north_perm_artificial,/Users/293003c/Library/CloudStorage/OneDrive-Curtin/Projects/TCZ-research/water point GIS/LGATE017 north permanent.shp,39.000000000000000,,,,
-556049.758125428,-1977754.23574342,"4",Waterfall,,,"200702071938","2",Perennial,"2",Natural,,"-98",NotApplicable,"-99",Unknown,"-98",NotApplicable,LGATE017_north_perm_artificial,/Users/293003c/Library/CloudStorage/OneDrive-Curtin/Projects/TCZ-research/water point GIS/LGATE017 north permanent.shp,39.000000000000000,,,,
-553029.259220081,-1941192.81694783,"4",Waterfall,,,"200702071938","2",Perennial,"2",Natural,,"-98",NotApplicable,"-99",Unknown,"-98",NotApplicable,LGATE017_north_perm_artificial,/Users/293003c/Library/CloudStorage/OneDrive-Curtin/Projects/TCZ-research/water point GIS/LGATE017 north permanent.shp,44.000000000000000,,,,
-565060.886149937,-1943734.02577563,"5",WaterPointStructure,,,"200702071938","-99",Unknown,"1",Manmade,,"-99",Unknown,"-98",NotApplicable,"1",Bore,LGATE017_north_perm_artificial,/Users/293003c/Library/CloudStorage/OneDrive-Curtin/Projects/TCZ-research/water point GIS/LGATE017 north permanent.shp,43.000000000000000,,,,
-424630.573804525,-1981863.99572903,"1",WaterBody,,,"200702071938","2",Perennial,"2",Natural,,"-99",Unknown,"-99",Unknown,"5",Pool,LGATE017_north_perm_artificial,/Users/293003c/Library/CloudStorage/OneDrive-Curtin/Projects/TCZ-research/water point GIS/LGATE017 north permanent.shp,35.000000000000000,"1",,,
-601682.194517517,-1982770.19979419,"3",Spring,,,"200702071938","2",Perennial,"2",Natural,,"-99",Unknown,"-99",Unknown,"-98",NotApplicable,LGATE017_north_perm_artificial,/Users/293003c/Library/CloudStorage/OneDrive-Curtin/Projects/TCZ-research/water point GIS/LGATE017 north permanent.shp,40.000000000000000,,,,
-589979.438270959,-1944070.9384511,"4",Waterfall,,,"200702071938","2",Perennial,"2",Natural,,"-98",NotApplicable,"-99",Unknown,"-98",NotApplicable,LGATE017_north_perm_artificial,/Users/293003c/Library/CloudStorage/OneDrive-Curtin/Projects/TCZ-research/water point GIS/LGATE017 north permanent.shp,43.000000000000000,,,,
-550252.916901526,-2001164.60691595,"3",Spring,,,"200702071938","2",Perennial,"2",Natural,,"-99",Unknown,"-99",Unknown,"-98",NotApplicable,LGATE017_north_perm_artificial,/Users/293003c/Library/CloudStorage/OneDrive-Curtin/Projects/TCZ-research/water point GIS/LGATE017 north permanent.shp,41.000000000000000,,,,
-487094.325502264,-2040823.81405296,"5",WaterPointStructure,,,"200702071938","-99",Unknown,"1",Manmade,,"-99",Unknown,"-98",NotApplicable,"7",Windmill,LGATE017_north_perm_artificial,/Users/293003c/Library/CloudStorage/OneDrive-Curtin/Projects/TCZ-research/water point GIS/LGATE017 north permanent.shp,36.000000000000000,,,,
-559104.248942736,-1958685.80302412,"5",WaterPointStructure,,,"200702071938","-99",Unknown,"1",Manmade,,"-99",Unknown,"-98",NotApplicable,"1",Bore,LGATE017_north_perm_artificial,/Users/293003c/Library/CloudStorage/OneDrive-Curtin/Projects/TCZ-research/water point GIS/LGATE017 north permanent.shp,42.000000000000000,,,,
-617392.876063517,-1956869.78936076,"3",Spring,,,"200702071938","2",Perennial,"2",Natural,,"-99",Unknown,"-99",Unknown,"-98",NotApplicable,LGATE017_north_perm_artificial,/Users/293003c/Library/CloudStorage/OneDrive-Curtin/Projects/TCZ-research/water point GIS/LGATE017 north permanent.shp,40.000000000000000,,,,
-431036.515186526,-1949985.746386,"1",WaterBody,,,"200702071938","2",Perennial,"2",Natural,,"-99",Unknown,"-99",Unknown,"5",Pool,LGATE017_north_perm_artificial,/Users/293003c/Library/CloudStorage/OneDrive-Curtin/Projects/TCZ-research/water point GIS/LGATE017 north permanent.shp,40.000000000000000,"1",,,
-569669.021485376,-1986379.43030494,"3",Spring,,,"200702071938","2",Perennial,"2",Natural,,"-99",Unknown,"-99",Unknown,"-98",NotApplicable,LGATE017_north_perm_artificial,/Users/293003c/Library/CloudStorage/OneDrive-Curtin/Projects/TCZ-research/water point GIS/LGATE017 north permanent.shp,37.000000000000000,,,,
-547050.875043804,-1964864.35753218,"4",Waterfall,,,"200702071938","2",Perennial,"2",Natural,,"-98",NotApplicable,"-99",Unknown,"-98",NotApplicable,LGATE017_north_perm_artificial,/Users/293003c/Library/CloudStorage/OneDrive-Curtin/Projects/TCZ-research/water point GIS/LGATE017 north permanent.shp,40.000000000000000,,,,
-437578.388256504,-1970564.63023079,"1",WaterBody,,,"200702071938","2",Perennial,"2",Natural,,"-99",Unknown,"-99",Unknown,"5",Pool,LGATE017_north_perm_artificial,/Users/293003c/Library/CloudStorage/OneDrive-Curtin/Projects/TCZ-research/water point GIS/LGATE017 north permanent.shp,37.000000000000000,"1",,,
-554066.455394489,-1972250.38339232,"4",Waterfall,,,"200702071938","2",Perennial,"2",Natural,,"-98",NotApplicable,"-99",Unknown,"-98",NotApplicable,LGATE017_north_perm_artificial,/Users/293003c/Library/CloudStorage/OneDrive-Curtin/Projects/TCZ-research/water point GIS/LGATE017 north permanent.shp,40.000000000000000,,,,
-614624.829864387,-2013200.63119767,"5",WaterPointStructure,,,"201303181734","-99",Unknown,"1",Manmade,,"-99",Unknown,"-98",NotApplicable,"4",Tank,LGATE017_north_perm_artificial,/Users/293003c/Library/CloudStorage/OneDrive-Curtin/Projects/TCZ-research/water point GIS/LGATE017 north permanent.shp,35.000000000000000,,,,
-478281.793401595,-1956744.00014465,"5",WaterPointStructure,,,"200702071938","-99",Unknown,"1",Manmade,,"-99",Unknown,"-98",NotApplicable,"1",Bore,LGATE017_north_perm_artificial,/Users/293003c/Library/CloudStorage/OneDrive-Curtin/Projects/TCZ-research/water point GIS/LGATE017 north permanent.shp,43.000000000000000,,,,
-322013.203742835,-2207425.28956972,"5",WaterPointStructure,,,"200702101818","-99",Unknown,"1",Manmade,,"-99",Unknown,"-98",NotApplicable,"7",Windmill,LGATE017_north_perm_artificial,/Users/293003c/Library/CloudStorage/OneDrive-Curtin/Projects/TCZ-research/water point GIS/LGATE017 north permanent.shp,25.000000000000000,,,,
-584626.985882513,-1960845.36979313,"5",WaterPointStructure,,,"200702071938","-99",Unknown,"1",Manmade,,"-99",Unknown,"-98",NotApplicable,"1",Bore,LGATE017_north_perm_artificial,/Users/293003c/Library/CloudStorage/OneDrive-Curtin/Projects/TCZ-research/water point GIS/LGATE017 north permanent.shp,41.000000000000000,,,,
-601830.461012084,-1976344.1028958,"3",Spring,,,"200702071938","2",Perennial,"2",Natural,,"-99",Unknown,"-99",Unknown,"-98",NotApplicable,LGATE017_north_perm_artificial,/Users/293003c/Library/CloudStorage/OneDrive-Curtin/Projects/TCZ-research/water point GIS/LGATE017 north permanent.shp,40.000000000000000,,,,
-453694.753625141,-2102719.13429908,"5",WaterPointStructure,,,"201001151023","-99",Unknown,"1",Manmade,,"-99",Unknown,"-98",NotApplicable,"4",Tank,LGATE017_north_perm_artificial,/Users/293003c/Library/CloudStorage/OneDrive-Curtin/Projects/TCZ-research/water point GIS/LGATE017 north permanent.shp,29.000000000000000,,,,
-490674.471290367,-1982503.84266369,"1",WaterBody,,,"200702071938","2",Perennial,"1",Manmade,,"-99",Unknown,"-99",Unknown,"2",EarthDam,LGATE017_north_perm_artificial,/Users/293003c/Library/CloudStorage/OneDrive-Curtin/Projects/TCZ-research/water point GIS/LGATE017 north permanent.shp,40.000000000000000,,,,
-537865.542489589,-1961453.93513143,"5",WaterPointStructure,,,"200702071938","-99",Unknown,"1",Manmade,,"-99",Unknown,"-98",NotApplicable,"1",Bore,LGATE017_north_perm_artificial,/Users/293003c/Library/CloudStorage/OneDrive-Curtin/Projects/TCZ-research/water point GIS/LGATE017 north permanent.shp,42.000000000000000,,,,
-601773.444555832,-1979673.20640268,"4",Waterfall,,,"200702071938","2",Perennial,"2",Natural,,"-98",NotApplicable,"-99",Unknown,"-98",NotApplicable,LGATE017_north_perm_artificial,/Users/293003c/Library/CloudStorage/OneDrive-Curtin/Projects/TCZ-research/water point GIS/LGATE017 north permanent.shp,40.000000000000000,,,,
-520789.920345592,-1937867.42276076,"5",WaterPointStructure,,,"200702071938","-99",Unknown,"1",Manmade,,"-99",Unknown,"-98",NotApplicable,"1",Bore,LGATE017_north_perm_artificial,/Users/293003c/Library/CloudStorage/OneDrive-Curtin/Projects/TCZ-research/water point GIS/LGATE017 north permanent.shp,43.000000000000000,,,,
-476229.096834167,-1958923.9825955,"3",Spring,,,"200702071938","2",Perennial,"2",Natural,,"-99",Unknown,"-99",Unknown,"-98",NotApplicable,LGATE017_north_perm_artificial,/Users/293003c/Library/CloudStorage/OneDrive-Curtin/Projects/TCZ-research/water point GIS/LGATE017 north permanent.shp,42.000000000000000,,,,
-437813.633922626,-1970431.95456206,"1",WaterBody,,,"200702071938","2",Perennial,"2",Natural,,"-99",Unknown,"-99",Unknown,"5",Pool,LGATE017_north_perm_artificial,/Users/293003c/Library/CloudStorage/OneDrive-Curtin/Projects/TCZ-research/water point GIS/LGATE017 north permanent.shp,37.000000000000000,"1",,,
-535009.443211614,-1946757.072,"3",Spring,,,"200702071938","2",Perennial,"2",Natural,,"-99",Unknown,"-99",Unknown,"-98",NotApplicable,LGATE017_north_perm_artificial,/Users/293003c/Library/CloudStorage/OneDrive-Curtin/Projects/TCZ-research/water point GIS/LGATE017 north permanent.shp,44.000000000000000,,,,
-517142.313048072,-2022536.44624826,"3",Spring,,,"200702071938","2",Perennial,"2",Natural,,"-99",Unknown,"-99",Unknown,"-98",NotApplicable,LGATE017_north_perm_artificial,/Users/293003c/Library/CloudStorage/OneDrive-Curtin/Projects/TCZ-research/water point GIS/LGATE017 north permanent.shp,37.000000000000000,,,,
-333200.618656762,-2216364.61452013,"5",WaterPointStructure,,,"200702101818","-99",Unknown,"1",Manmade,,"-99",Unknown,"-98",NotApplicable,"4",Tank,LGATE017_north_perm_artificial,/Users/293003c/Library/CloudStorage/OneDrive-Curtin/Projects/TCZ-research/water point GIS/LGATE017 north permanent.shp,25.000000000000000,,,,
-545808.0210582,-2048404.86831691,"3",Spring,,,"200702071241","2",Perennial,"2",Natural,,"-99",Unknown,"-99",Unknown,"-98",NotApplicable,LGATE017_north_perm_artificial,/Users/293003c/Library/CloudStorage/OneDrive-Curtin/Projects/TCZ-research/water point GIS/LGATE017 north permanent.shp,35.000000000000000,,,,
-452435.352457376,-1957377.65519768,"1",WaterBody,,,"200702071938","2",Perennial,"2",Natural,,"-99",Unknown,"-99",Unknown,"5",Pool,LGATE017_north_perm_artificial,/Users/293003c/Library/CloudStorage/OneDrive-Curtin/Projects/TCZ-research/water point GIS/LGATE017 north permanent.shp,41.000000000000000,"1",,,
-320742.401931638,-1972365.48634448,"5",WaterPointStructure,Alice Bore,Alice Bore,"200702101818","-99",Unknown,"1",Manmade,,"-99",Unknown,"-98",NotApplicable,"2",BoreAndWindmill,LGATE017_north_perm_artificial,/Users/293003c/Library/CloudStorage/OneDrive-Curtin/Projects/TCZ-research/water point GIS/LGATE017 north permanent.shp,32.000000000000000,"1",,,
-452515.048789294,-1953162.90160755,"5",WaterPointStructure,,,"200702071938","-99",Unknown,"1",Manmade,,"-99",Unknown,"-98",NotApplicable,"1",Bore,LGATE017_north_perm_artificial,/Users/293003c/Library/CloudStorage/OneDrive-Curtin/Projects/TCZ-research/water point GIS/LGATE017 north permanent.shp,41.000000000000000,"1",,,
-608492.559609514,-2035832.7103109,"5",WaterPointStructure,,,"200702071938","-99",Unknown,"1",Manmade,,"-99",Unknown,"-98",NotApplicable,"2",BoreAndWindmill,LGATE017_north_perm_artificial,/Users/293003c/Library/CloudStorage/OneDrive-Curtin/Projects/TCZ-research/water point GIS/LGATE017 north permanent.shp,33.000000000000000,,,,
-425931.31733785,-1952946.04420315,"1",WaterBody,,,"200702071938","2",Perennial,"2",Natural,,"-99",Unknown,"-99",Unknown,"5",Pool,LGATE017_north_perm_artificial,/Users/293003c/Library/CloudStorage/OneDrive-Curtin/Projects/TCZ-research/water point GIS/LGATE017 north permanent.shp,37.000000000000000,"1",,,
-527491.13625361,-1999496.30590336,"5",WaterPointStructure,,,"200702071938","-99",Unknown,"1",Manmade,,"-99",Unknown,"-98",NotApplicable,"2",BoreAndWindmill,LGATE017_north_perm_artificial,/Users/293003c/Library/CloudStorage/OneDrive-Curtin/Projects/TCZ-research/water point GIS/LGATE017 north permanent.shp,38.000000000000000,,,,
-486276.011179305,-1978450.36162718,"5",WaterPointStructure,,,"200702071938","-99",Unknown,"1",Manmade,,"-99",Unknown,"-98",NotApplicable,"2",BoreAndWindmill,LGATE017_north_perm_artificial,/Users/293003c/Library/CloudStorage/OneDrive-Curtin/Projects/TCZ-research/water point GIS/LGATE017 north permanent.shp,42.000000000000000,,,,
-547678.70719031,-1971415.16433859,"4",Waterfall,,,"200702071938","2",Perennial,"2",Natural,,"-98",NotApplicable,"-99",Unknown,"-98",NotApplicable,LGATE017_north_perm_artificial,/Users/293003c/Library/CloudStorage/OneDrive-Curtin/Projects/TCZ-research/water point GIS/LGATE017 north permanent.shp,40.000000000000000,,,,
-580617.671357778,-1945805.24335278,"3",Spring,,,"200702071938","2",Perennial,"2",Natural,,"-99",Unknown,"-99",Unknown,"-98",NotApplicable,LGATE017_north_perm_artificial,/Users/293003c/Library/CloudStorage/OneDrive-Curtin/Projects/TCZ-research/water point GIS/LGATE017 north permanent.shp,41.000000000000000,,,,
-602767.090928061,-1979556.4254656,"3",Spring,,,"200702071938","2",Perennial,"2",Natural,,"-99",Unknown,"-99",Unknown,"-98",NotApplicable,LGATE017_north_perm_artificial,/Users/293003c/Library/CloudStorage/OneDrive-Curtin/Projects/TCZ-research/water point GIS/LGATE017 north permanent.shp,40.000000000000000,,,,
-494848.604367291,-1954546.89272468,"5",WaterPointStructure,,,"200702071938","-99",Unknown,"1",Manmade,,"-99",Unknown,"-98",NotApplicable,"4",Tank,LGATE017_north_perm_artificial,/Users/293003c/Library/CloudStorage/OneDrive-Curtin/Projects/TCZ-research/water point GIS/LGATE017 north permanent.shp,43.000000000000000,,,,
-451960.122011262,-1957232.06965661,"1",WaterBody,,,"200702071938","2",Perennial,"2",Natural,,"-99",Unknown,"-99",Unknown,"5",Pool,LGATE017_north_perm_artificial,/Users/293003c/Library/CloudStorage/OneDrive-Curtin/Projects/TCZ-research/water point GIS/LGATE017 north permanent.shp,41.000000000000000,"1",,,
-548626.466357396,-1970704.43201201,"4",Waterfall,,,"200702071938","2",Perennial,"2",Natural,,"-98",NotApplicable,"-99",Unknown,"-98",NotApplicable,LGATE017_north_perm_artificial,/Users/293003c/Library/CloudStorage/OneDrive-Curtin/Projects/TCZ-research/water point GIS/LGATE017 north permanent.shp,40.000000000000000,,,,
-468615.030611495,-2181483.58148535,"5",WaterPointStructure,Len Bore,Len Bore,"200702101818","-99",Unknown,"1",Manmade,,"-99",Unknown,"-98",NotApplicable,"1",Bore,LGATE017_north_perm_artificial,/Users/293003c/Library/CloudStorage/OneDrive-Curtin/Projects/TCZ-research/water point GIS/LGATE017 north permanent.shp,25.000000000000000,,,,
-488244.502863435,-1978758.07010809,"5",WaterPointStructure,,,"200702071938","-99",Unknown,"1",Manmade,,"-99",Unknown,"-98",NotApplicable,"2",BoreAndWindmill,LGATE017_north_perm_artificial,/Users/293003c/Library/CloudStorage/OneDrive-Curtin/Projects/TCZ-research/water point GIS/LGATE017 north permanent.shp,42.000000000000000,,,,
-492514.704066348,-1988029.18977791,"5",WaterPointStructure,,,"200702071938","-99",Unknown,"1",Manmade,,"-99",Unknown,"-98",NotApplicable,"2",BoreAndWindmill,LGATE017_north_perm_artificial,/Users/293003c/Library/CloudStorage/OneDrive-Curtin/Projects/TCZ-research/water point GIS/LGATE017 north permanent.shp,40.000000000000000,,,,
-527110.973366141,-1936232.22514319,"4",Waterfall,,,"200702071938","2",Perennial,"2",Natural,,"-98",NotApplicable,"-99",Unknown,"-98",NotApplicable,LGATE017_north_perm_artificial,/Users/293003c/Library/CloudStorage/OneDrive-Curtin/Projects/TCZ-research/water point GIS/LGATE017 north permanent.shp,49.000000000000000,,,,
-529270.761837668,-1974933.36543375,"5",WaterPointStructure,,,"200702071938","-99",Unknown,"1",Manmade,,"-99",Unknown,"-98",NotApplicable,"4",Tank,LGATE017_north_perm_artificial,/Users/293003c/Library/CloudStorage/OneDrive-Curtin/Projects/TCZ-research/water point GIS/LGATE017 north permanent.shp,41.000000000000000,,,,
-542646.681540972,-1931560.9083505,"1",WaterBody,,,"200702071938","2",Perennial,"2",Natural,,"-99",Unknown,"-99",Unknown,"5",Pool,LGATE017_north_perm_artificial,/Users/293003c/Library/CloudStorage/OneDrive-Curtin/Projects/TCZ-research/water point GIS/LGATE017 north permanent.shp,47.000000000000000,,,,
-537943.220937987,-1951252.05481339,"3",Spring,,,"200702071938","2",Perennial,"2",Natural,,"-99",Unknown,"-99",Unknown,"-98",NotApplicable,LGATE017_north_perm_artificial,/Users/293003c/Library/CloudStorage/OneDrive-Curtin/Projects/TCZ-research/water point GIS/LGATE017 north permanent.shp,41.000000000000000,,,,
-442429.475401195,-1975501.55689772,"1",WaterBody,,,"200702071938","2",Perennial,"2",Natural,,"-99",Unknown,"-99",Unknown,"5",Pool,LGATE017_north_perm_artificial,/Users/293003c/Library/CloudStorage/OneDrive-Curtin/Projects/TCZ-research/water point GIS/LGATE017 north permanent.shp,38.000000000000000,"1",,,
-536272.555528655,-1929669.02462967,"1",WaterBody,,,"200702071938","2",Perennial,"2",Natural,,"-99",Unknown,"-99",Unknown,"5",Pool,LGATE017_north_perm_artificial,/Users/293003c/Library/CloudStorage/OneDrive-Curtin/Projects/TCZ-research/water point GIS/LGATE017 north permanent.shp,47.000000000000000,,,,
-434292.652981592,-1967129.64581069,"1",WaterBody,,,"200702071938","2",Perennial,"2",Natural,,"-99",Unknown,"-99",Unknown,"5",Pool,LGATE017_north_perm_artificial,/Users/293003c/Library/CloudStorage/OneDrive-Curtin/Projects/TCZ-research/water point GIS/LGATE017 north permanent.shp,37.000000000000000,"1",,,
-424556.779721783,-1981962.53725259,"1",WaterBody,,,"200702071938","2",Perennial,"2",Natural,,"-99",Unknown,"-99",Unknown,"5",Pool,LGATE017_north_perm_artificial,/Users/293003c/Library/CloudStorage/OneDrive-Curtin/Projects/TCZ-research/water point GIS/LGATE017 north permanent.shp,35.000000000000000,"1",,,
-589072.081057846,-1952997.30009431,"4",Waterfall,,,"200702071938","2",Perennial,"2",Natural,,"-98",NotApplicable,"-99",Unknown,"-98",NotApplicable,LGATE017_north_perm_artificial,/Users/293003c/Library/CloudStorage/OneDrive-Curtin/Projects/TCZ-research/water point GIS/LGATE017 north permanent.shp,41.000000000000000,,,,
-478051.500906974,-1956983.29834281,"5",WaterPointStructure,,,"200702071938","-99",Unknown,"1",Manmade,,"-99",Unknown,"-98",NotApplicable,"1",Bore,LGATE017_north_perm_artificial,/Users/293003c/Library/CloudStorage/OneDrive-Curtin/Projects/TCZ-research/water point GIS/LGATE017 north permanent.shp,43.000000000000000,,,,
-328667.023329763,-1979994.60267451,"5",WaterPointStructure,Ga Bore,Ga Bore,"200702101818","-99",Unknown,"1",Manmade,,"-99",Unknown,"-98",NotApplicable,"2",BoreAndWindmill,LGATE017_north_perm_artificial,/Users/293003c/Library/CloudStorage/OneDrive-Curtin/Projects/TCZ-research/water point GIS/LGATE017 north permanent.shp,33.000000000000000,"1",,,
-563189.549408872,-2027220.10060685,"3",Spring,,,"200702071938","2",Perennial,"2",Natural,,"-99",Unknown,"-99",Unknown,"-98",NotApplicable,LGATE017_north_perm_artificial,/Users/293003c/Library/CloudStorage/OneDrive-Curtin/Projects/TCZ-research/water point GIS/LGATE017 north permanent.shp,36.000000000000000,,,,
-467073.615631673,-1977169.4211042,"1",WaterBody,,,"200702071938","2",Perennial,"2",Natural,,"-99",Unknown,"-99",Unknown,"5",Pool,LGATE017_north_perm_artificial,/Users/293003c/Library/CloudStorage/OneDrive-Curtin/Projects/TCZ-research/water point GIS/LGATE017 north permanent.shp,41.000000000000000,,,,
-562271.65419226,-1943563.51414436,"5",WaterPointStructure,,,"200702071938","-99",Unknown,"1",Manmade,,"-99",Unknown,"-98",NotApplicable,"1",Bore,LGATE017_north_perm_artificial,/Users/293003c/Library/CloudStorage/OneDrive-Curtin/Projects/TCZ-research/water point GIS/LGATE017 north permanent.shp,43.000000000000000,,,,
-355407.859260825,-2015260.98240026,"5",WaterPointStructure,,,"201004091932","-99",Unknown,"1",Manmade,,"-99",Unknown,"-98",NotApplicable,"1",Bore,LGATE017_north_perm_artificial,/Users/293003c/Library/CloudStorage/OneDrive-Curtin/Projects/TCZ-research/water point GIS/LGATE017 north permanent.shp,32.000000000000000,,,,
-425590.113871449,-1933830.27360616,"5",WaterPointStructure,,,"200702071938","-99",Unknown,"1",Manmade,,"-99",Unknown,"-98",NotApplicable,"7",Windmill,LGATE017_north_perm_artificial,/Users/293003c/Library/CloudStorage/OneDrive-Curtin/Projects/TCZ-research/water point GIS/LGATE017 north permanent.shp,46.000000000000000,"1",,,
-585013.471138663,-1960602.32250004,"5",WaterPointStructure,,,"200702071938","-99",Unknown,"1",Manmade,,"-99",Unknown,"-98",NotApplicable,"1",Bore,LGATE017_north_perm_artificial,/Users/293003c/Library/CloudStorage/OneDrive-Curtin/Projects/TCZ-research/water point GIS/LGATE017 north permanent.shp,41.000000000000000,,,,
-531008.606203452,-2025725.69725344,"3",Spring,,,"200702071938","2",Perennial,"2",Natural,,"-99",Unknown,"-99",Unknown,"-98",NotApplicable,LGATE017_north_perm_artificial,/Users/293003c/Library/CloudStorage/OneDrive-Curtin/Projects/TCZ-research/water point GIS/LGATE017 north permanent.shp,37.000000000000000,,,,
-542292.649969406,-1930262.02319774,"1",WaterBody,,,"200702071938","2",Perennial,"2",Natural,,"-99",Unknown,"-99",Unknown,"5",Pool,LGATE017_north_perm_artificial,/Users/293003c/Library/CloudStorage/OneDrive-Curtin/Projects/TCZ-research/water point GIS/LGATE017 north permanent.shp,47.000000000000000,,,,
-602249.617322346,-1975256.57443919,"4",Waterfall,,,"200702071938","2",Perennial,"2",Natural,,"-98",NotApplicable,"-99",Unknown,"-98",NotApplicable,LGATE017_north_perm_artificial,/Users/293003c/Library/CloudStorage/OneDrive-Curtin/Projects/TCZ-research/water point GIS/LGATE017 north permanent.shp,40.000000000000000,,,,
-504986.895440085,-2033794.61964147,"3",Spring,,,"200702071938","2",Perennial,"2",Natural,,"-99",Unknown,"-99",Unknown,"-98",NotApplicable,LGATE017_north_perm_artificial,/Users/293003c/Library/CloudStorage/OneDrive-Curtin/Projects/TCZ-research/water point GIS/LGATE017 north permanent.shp,37.000000000000000,,,,
-501969.766912065,-2038768.5159434,"5",WaterPointStructure,,,"200702071938","-99",Unknown,"1",Manmade,,"-99",Unknown,"-98",NotApplicable,"4",Tank,LGATE017_north_perm_artificial,/Users/293003c/Library/CloudStorage/OneDrive-Curtin/Projects/TCZ-research/water point GIS/LGATE017 north permanent.shp,37.000000000000000,,,,
-468719.438947431,-1933512.77289089,"5",WaterPointStructure,,,"200702071938","-99",Unknown,"1",Manmade,,"-99",Unknown,"-98",NotApplicable,"7",Windmill,LGATE017_north_perm_artificial,/Users/293003c/Library/CloudStorage/OneDrive-Curtin/Projects/TCZ-research/water point GIS/LGATE017 north permanent.shp,45.000000000000000,,,,
-512565.545034464,-1962619.81959555,"1",WaterBody,,,"200702071938","2",Perennial,"1",Manmade,,"-99",Unknown,"-99",Unknown,"2",EarthDam,LGATE017_north_perm_artificial,/Users/293003c/Library/CloudStorage/OneDrive-Curtin/Projects/TCZ-research/water point GIS/LGATE017 north permanent.shp,43.000000000000000,,,,
-530324.735897944,-1928499.81955475,"1",WaterBody,,,"200702071938","2",Perennial,"2",Natural,,"-99",Unknown,"-99",Unknown,"5",Pool,LGATE017_north_perm_artificial,/Users/293003c/Library/CloudStorage/OneDrive-Curtin/Projects/TCZ-research/water point GIS/LGATE017 north permanent.shp,49.000000000000000,,,,
-489899.860229617,-1938072.42570131,"5",WaterPointStructure,,,"200702071938","-99",Unknown,"1",Manmade,,"-99",Unknown,"-98",NotApplicable,"7",Windmill,LGATE017_north_perm_artificial,/Users/293003c/Library/CloudStorage/OneDrive-Curtin/Projects/TCZ-research/water point GIS/LGATE017 north permanent.shp,44.000000000000000,,,,
-552495.007691545,-2000525.61079986,"3",Spring,,,"200702071938","2",Perennial,"2",Natural,,"-99",Unknown,"-99",Unknown,"-98",NotApplicable,LGATE017_north_perm_artificial,/Users/293003c/Library/CloudStorage/OneDrive-Curtin/Projects/TCZ-research/water point GIS/LGATE017 north permanent.shp,41.000000000000000,,,,
-543346.065284097,-1930668.80733676,"4",Waterfall,,,"200702071938","2",Perennial,"2",Natural,,"-98",NotApplicable,"-99",Unknown,"-98",NotApplicable,LGATE017_north_perm_artificial,/Users/293003c/Library/CloudStorage/OneDrive-Curtin/Projects/TCZ-research/water point GIS/LGATE017 north permanent.shp,47.000000000000000,,,,
-604839.848454387,-2064852.15003399,"3",Spring,,,"200702071241","2",Perennial,"2",Natural,,"-99",Unknown,"-99",Unknown,"-98",NotApplicable,LGATE017_north_perm_artificial,/Users/293003c/Library/CloudStorage/OneDrive-Curtin/Projects/TCZ-research/water point GIS/LGATE017 north permanent.shp,32.000000000000000,,,,
-491790.389266758,-2118006.90743754,"3",Spring,,,"200702071241","2",Perennial,"2",Natural,,"-99",Unknown,"-99",Unknown,"-98",NotApplicable,LGATE017_north_perm_artificial,/Users/293003c/Library/CloudStorage/OneDrive-Curtin/Projects/TCZ-research/water point GIS/LGATE017 north permanent.shp,29.000000000000000,,,,
-591735.056285391,-1996539.14105131,"5",WaterPointStructure,,,"200702071938","-99",Unknown,"1",Manmade,,"-99",Unknown,"-98",NotApplicable,"1",Bore,LGATE017_north_perm_artificial,/Users/293003c/Library/CloudStorage/OneDrive-Curtin/Projects/TCZ-research/water point GIS/LGATE017 north permanent.shp,36.000000000000000,,,,
-540837.362377867,-1937175.26023538,"4",Waterfall,,,"200702071938","2",Perennial,"2",Natural,,"-98",NotApplicable,"-99",Unknown,"-98",NotApplicable,LGATE017_north_perm_artificial,/Users/293003c/Library/CloudStorage/OneDrive-Curtin/Projects/TCZ-research/water point GIS/LGATE017 north permanent.shp,47.000000000000000,,,,
-484471.083240042,-1967109.45848387,"3",Spring,,,"200702071938","2",Perennial,"2",Natural,,"-99",Unknown,"-99",Unknown,"-98",NotApplicable,LGATE017_north_perm_artificial,/Users/293003c/Library/CloudStorage/OneDrive-Curtin/Projects/TCZ-research/water point GIS/LGATE017 north permanent.shp,42.000000000000000,,,,
-555570.94665836,-1977058.85092429,"4",Waterfall,,,"200702071938","2",Perennial,"2",Natural,,"-98",NotApplicable,"-99",Unknown,"-98",NotApplicable,LGATE017_north_perm_artificial,/Users/293003c/Library/CloudStorage/OneDrive-Curtin/Projects/TCZ-research/water point GIS/LGATE017 north permanent.shp,39.000000000000000,,,,
-589365.628038607,-1981863.1920378,"3",Spring,,,"200702071938","2",Perennial,"2",Natural,,"-99",Unknown,"-99",Unknown,"-98",NotApplicable,LGATE017_north_perm_artificial,/Users/293003c/Library/CloudStorage/OneDrive-Curtin/Projects/TCZ-research/water point GIS/LGATE017 north permanent.shp,41.000000000000000,,,,
-431562.656117857,-1982422.56734673,"4",Waterfall,,,"200702071938","2",Perennial,"2",Natural,,"-98",NotApplicable,"-99",Unknown,"-98",NotApplicable,LGATE017_north_perm_artificial,/Users/293003c/Library/CloudStorage/OneDrive-Curtin/Projects/TCZ-research/water point GIS/LGATE017 north permanent.shp,36.000000000000000,"1",,,
-460491.748897674,-1961183.50201218,"1",WaterBody,,,"200702071938","2",Perennial,"1",Manmade,,"-99",Unknown,"-99",Unknown,"2",EarthDam,LGATE017_north_perm_artificial,/Users/293003c/Library/CloudStorage/OneDrive-Curtin/Projects/TCZ-research/water point GIS/LGATE017 north permanent.shp,41.000000000000000,,,,
-437710.055774085,-1975217.31876538,"1",WaterBody,,,"200702071938","2",Perennial,"2",Natural,,"-99",Unknown,"-99",Unknown,"5",Pool,LGATE017_north_perm_artificial,/Users/293003c/Library/CloudStorage/OneDrive-Curtin/Projects/TCZ-research/water point GIS/LGATE017 north permanent.shp,37.000000000000000,"1",,,
-486378.097185941,-2030472.85880793,"5",WaterPointStructure,,,"200702071938","-99",Unknown,"1",Manmade,,"-99",Unknown,"-98",NotApplicable,"2",BoreAndWindmill,LGATE017_north_perm_artificial,/Users/293003c/Library/CloudStorage/OneDrive-Curtin/Projects/TCZ-research/water point GIS/LGATE017 north permanent.shp,37.000000000000000,,,,
-552336.868226925,-2036390.22799529,"3",Spring,,,"200702071938","2",Perennial,"2",Natural,,"-99",Unknown,"-99",Unknown,"-98",NotApplicable,LGATE017_north_perm_artificial,/Users/293003c/Library/CloudStorage/OneDrive-Curtin/Projects/TCZ-research/water point GIS/LGATE017 north permanent.shp,35.000000000000000,,,,
-589373.559432789,-2034483.8421818,"3",Spring,,,"200702071938","2",Perennial,"2",Natural,,"-99",Unknown,"-99",Unknown,"-98",NotApplicable,LGATE017_north_perm_artificial,/Users/293003c/Library/CloudStorage/OneDrive-Curtin/Projects/TCZ-research/water point GIS/LGATE017 north permanent.shp,35.000000000000000,,,,
-545540.351830747,-1962119.44363536,"3",Spring,,,"200702071938","2",Perennial,"2",Natural,,"-99",Unknown,"-99",Unknown,"-98",NotApplicable,LGATE017_north_perm_artificial,/Users/293003c/Library/CloudStorage/OneDrive-Curtin/Projects/TCZ-research/water point GIS/LGATE017 north permanent.shp,40.000000000000000,,,,
-530997.364758135,-2004034.45603025,"1",WaterBody,,,"200702071938","2",Perennial,"1",Manmade,,"-99",Unknown,"-99",Unknown,"2",EarthDam,LGATE017_north_perm_artificial,/Users/293003c/Library/CloudStorage/OneDrive-Curtin/Projects/TCZ-research/water point GIS/LGATE017 north permanent.shp,38.000000000000000,,,,
-597964.470017375,-1931911.54009118,"1",WaterBody,,,"200702071938","2",Perennial,"2",Natural,,"-99",Unknown,"-99",Unknown,"5",Pool,LGATE017_north_perm_artificial,/Users/293003c/Library/CloudStorage/OneDrive-Curtin/Projects/TCZ-research/water point GIS/LGATE017 north permanent.shp,40.000000000000000,,,,
-459115.449551678,-2233380.45330068,"3",Spring,,,"200702071242","2",Perennial,"2",Natural,,"-99",Unknown,"-99",Unknown,"-98",NotApplicable,LGATE017_north_perm_artificial,/Users/293003c/Library/CloudStorage/OneDrive-Curtin/Projects/TCZ-research/water point GIS/LGATE017 north permanent.shp,25.000000000000000,,,,
-489607.936548801,-1970823.41999845,"5",WaterPointStructure,,,"200702071938","-99",Unknown,"1",Manmade,,"-99",Unknown,"-98",NotApplicable,"7",Windmill,LGATE017_north_perm_artificial,/Users/293003c/Library/CloudStorage/OneDrive-Curtin/Projects/TCZ-research/water point GIS/LGATE017 north permanent.shp,42.000000000000000,,,,
-604955.697399442,-2034644.83900787,"5",WaterPointStructure,,,"201303181734","-99",Unknown,"1",Manmade,,"-99",Unknown,"-98",NotApplicable,"1",Bore,LGATE017_north_perm_artificial,/Users/293003c/Library/CloudStorage/OneDrive-Curtin/Projects/TCZ-research/water point GIS/LGATE017 north permanent.shp,33.000000000000000,,,,
-525804.736168757,-1929504.01958168,"4",Waterfall,,,"200702071938","2",Perennial,"2",Natural,,"-98",NotApplicable,"-99",Unknown,"-98",NotApplicable,LGATE017_north_perm_artificial,/Users/293003c/Library/CloudStorage/OneDrive-Curtin/Projects/TCZ-research/water point GIS/LGATE017 north permanent.shp,49.000000000000000,,,,
-532870.179140739,-2048152.52985747,"3",Spring,,,"200702071241","2",Perennial,"2",Natural,,"-99",Unknown,"-99",Unknown,"-98",NotApplicable,LGATE017_north_perm_artificial,/Users/293003c/Library/CloudStorage/OneDrive-Curtin/Projects/TCZ-research/water point GIS/LGATE017 north permanent.shp,36.000000000000000,,,,
-555879.035737857,-1951507.37878125,"5",WaterPointStructure,,,"200702071938","-99",Unknown,"1",Manmade,,"-99",Unknown,"-98",NotApplicable,"1",Bore,LGATE017_north_perm_artificial,/Users/293003c/Library/CloudStorage/OneDrive-Curtin/Projects/TCZ-research/water point GIS/LGATE017 north permanent.shp,42.000000000000000,,,,
-619324.255799992,-1946126.85198235,"5",WaterPointStructure,,,"200702071938","-99",Unknown,"1",Manmade,,"-99",Unknown,"-98",NotApplicable,"1",Bore,LGATE017_north_perm_artificial,/Users/293003c/Library/CloudStorage/OneDrive-Curtin/Projects/TCZ-research/water point GIS/LGATE017 north permanent.shp,39.000000000000000,,,,
-386980.689329324,-1964740.67928045,"5",WaterPointStructure,,,"200702101818","-99",Unknown,"1",Manmade,,"-99",Unknown,"-98",NotApplicable,"7",Windmill,LGATE017_north_perm_artificial,/Users/293003c/Library/CloudStorage/OneDrive-Curtin/Projects/TCZ-research/water point GIS/LGATE017 north permanent.shp,37.000000000000000,"1",,,
-421368.732342574,-2166268.83727813,"3",Spring,,,"200702071242","2",Perennial,"2",Natural,,"-99",Unknown,"-99",Unknown,"-98",NotApplicable,LGATE017_north_perm_artificial,/Users/293003c/Library/CloudStorage/OneDrive-Curtin/Projects/TCZ-research/water point GIS/LGATE017 north permanent.shp,27.000000000000000,,,,
-453780.25328815,-2102543.4115534,"5",WaterPointStructure,,,"201001150942","-99",Unknown,"1",Manmade,,"-99",Unknown,"-98",NotApplicable,"1",Bore,LGATE017_north_perm_artificial,/Users/293003c/Library/CloudStorage/OneDrive-Curtin/Projects/TCZ-research/water point GIS/LGATE017 north permanent.shp,29.000000000000000,,,,
-454637.779301089,-1954293.29089509,"1",WaterBody,,,"202304171944","2",Perennial,"1",Manmade,,"-99",Unknown,"-98",NotApplicable,"2",EarthDam,LGATE017_north_perm_artificial,/Users/293003c/Library/CloudStorage/OneDrive-Curtin/Projects/TCZ-research/water point GIS/LGATE017 north permanent.shp,41.000000000000000,"1",,,
-598335.068208843,-1977132.79751453,"5",WaterPointStructure,,,"200702071938","-99",Unknown,"1",Manmade,,"-99",Unknown,"-98",NotApplicable,"1",Bore,LGATE017_north_perm_artificial,/Users/293003c/Library/CloudStorage/OneDrive-Curtin/Projects/TCZ-research/water point GIS/LGATE017 north permanent.shp,40.000000000000000,,,,
-557109.483134632,-1978544.5979035,"4",Waterfall,,,"200702071938","2",Perennial,"2",Natural,,"-98",NotApplicable,"-99",Unknown,"-98",NotApplicable,LGATE017_north_perm_artificial,/Users/293003c/Library/CloudStorage/OneDrive-Curtin/Projects/TCZ-research/water point GIS/LGATE017 north permanent.shp,39.000000000000000,,,,
-580808.089378024,-1941806.16771019,"3",Spring,,,"200702071938","2",Perennial,"2",Natural,,"-99",Unknown,"-99",Unknown,"-98",NotApplicable,LGATE017_north_perm_artificial,/Users/293003c/Library/CloudStorage/OneDrive-Curtin/Projects/TCZ-research/water point GIS/LGATE017 north permanent.shp,41.000000000000000,,,,
-611429.316264464,-1960727.85604445,"4",Waterfall,,,"200702071938","2",Perennial,"2",Natural,,"-98",NotApplicable,"-99",Unknown,"-98",NotApplicable,LGATE017_north_perm_artificial,/Users/293003c/Library/CloudStorage/OneDrive-Curtin/Projects/TCZ-research/water point GIS/LGATE017 north permanent.shp,40.000000000000000,,,,
-455076.276651834,-1953392.96469891,"5",WaterPointStructure,,,"200702071938","-99",Unknown,"1",Manmade,,"-99",Unknown,"-98",NotApplicable,"7",Windmill,LGATE017_north_perm_artificial,/Users/293003c/Library/CloudStorage/OneDrive-Curtin/Projects/TCZ-research/water point GIS/LGATE017 north permanent.shp,41.000000000000000,"1",,,
-442580.162844801,-1950812.54866475,"5",WaterPointStructure,,,"200702071938","-99",Unknown,"1",Manmade,,"-99",Unknown,"-98",NotApplicable,"1",Bore,LGATE017_north_perm_artificial,/Users/293003c/Library/CloudStorage/OneDrive-Curtin/Projects/TCZ-research/water point GIS/LGATE017 north permanent.shp,41.000000000000000,"1",,,
-521604.236089001,-1940476.27343091,"3",Spring,,,"200702071938","2",Perennial,"2",Natural,,"-99",Unknown,"-99",Unknown,"-98",NotApplicable,LGATE017_north_perm_artificial,/Users/293003c/Library/CloudStorage/OneDrive-Curtin/Projects/TCZ-research/water point GIS/LGATE017 north permanent.shp,43.000000000000000,,,,
-588413.985703068,-1958667.32525136,"4",Waterfall,,,"200702071938","2",Perennial,"2",Natural,,"-98",NotApplicable,"-99",Unknown,"-98",NotApplicable,LGATE017_north_perm_artificial,/Users/293003c/Library/CloudStorage/OneDrive-Curtin/Projects/TCZ-research/water point GIS/LGATE017 north permanent.shp,41.000000000000000,,,,
-461145.124131027,-2167402.47209185,"5",WaterPointStructure,Bungabiddy Well,Bungabiddy Well,"200702101818","-99",Unknown,"1",Manmade,,"-99",Unknown,"-98",NotApplicable,"8",WellAndWindmill,LGATE017_north_perm_artificial,/Users/293003c/Library/CloudStorage/OneDrive-Curtin/Projects/TCZ-research/water point GIS/LGATE017 north permanent.shp,26.000000000000000,,,,
-547773.240517673,-1928976.54061106,"1",WaterBody,,,"200702071938","2",Perennial,"2",Natural,,"-99",Unknown,"-99",Unknown,"5",Pool,LGATE017_north_perm_artificial,/Users/293003c/Library/CloudStorage/OneDrive-Curtin/Projects/TCZ-research/water point GIS/LGATE017 north permanent.shp,44.000000000000000,,,,
-358183.64199087,-2000698.52793151,"5",WaterPointStructure,Gd12 Bore,Gd12 Bore,"200702101818","-99",Unknown,"1",Manmade,,"-99",Unknown,"-98",NotApplicable,"2",BoreAndWindmill,LGATE017_north_perm_artificial,/Users/293003c/Library/CloudStorage/OneDrive-Curtin/Projects/TCZ-research/water point GIS/LGATE017 north permanent.shp,32.000000000000000,,,,
-535249.689113907,-1952651.28140333,"5",WaterPointStructure,,,"200702071938","-99",Unknown,"1",Manmade,,"-99",Unknown,"-98",NotApplicable,"1",Bore,LGATE017_north_perm_artificial,/Users/293003c/Library/CloudStorage/OneDrive-Curtin/Projects/TCZ-research/water point GIS/LGATE017 north permanent.shp,41.000000000000000,,,,
-480406.026237262,-1951083.8306954,"5",WaterPointStructure,,,"200702071938","-99",Unknown,"1",Manmade,,"-99",Unknown,"-98",NotApplicable,"7",Windmill,LGATE017_north_perm_artificial,/Users/293003c/Library/CloudStorage/OneDrive-Curtin/Projects/TCZ-research/water point GIS/LGATE017 north permanent.shp,43.000000000000000,,,,
-602470.696833108,-1979185.3423348,"4",Waterfall,,,"200702071938","2",Perennial,"2",Natural,,"-98",NotApplicable,"-99",Unknown,"-98",NotApplicable,LGATE017_north_perm_artificial,/Users/293003c/Library/CloudStorage/OneDrive-Curtin/Projects/TCZ-research/water point GIS/LGATE017 north permanent.shp,40.000000000000000,,,,
-562348.992825335,-1930703.15888275,"1",WaterBody,,,"200702071938","2",Perennial,"2",Natural,,"-99",Unknown,"-99",Unknown,"5",Pool,LGATE017_north_perm_artificial,/Users/293003c/Library/CloudStorage/OneDrive-Curtin/Projects/TCZ-research/water point GIS/LGATE017 north permanent.shp,42.000000000000000,,,,
-555396.316992096,-2037032.04767101,"3",Spring,,,"200702071938","2",Perennial,"2",Natural,,"-99",Unknown,"-99",Unknown,"-98",NotApplicable,LGATE017_north_perm_artificial,/Users/293003c/Library/CloudStorage/OneDrive-Curtin/Projects/TCZ-research/water point GIS/LGATE017 north permanent.shp,35.000000000000000,,,,
-577548.678244415,-1966017.84693012,"4",Waterfall,,,"200702071938","2",Perennial,"2",Natural,,"-98",NotApplicable,"-99",Unknown,"-98",NotApplicable,LGATE017_north_perm_artificial,/Users/293003c/Library/CloudStorage/OneDrive-Curtin/Projects/TCZ-research/water point GIS/LGATE017 north permanent.shp,37.000000000000000,,,,
-554306.135231544,-1992325.61815163,"5",WaterPointStructure,,,"200702071938","-99",Unknown,"1",Manmade,,"-99",Unknown,"-98",NotApplicable,"1",Bore,LGATE017_north_perm_artificial,/Users/293003c/Library/CloudStorage/OneDrive-Curtin/Projects/TCZ-research/water point GIS/LGATE017 north permanent.shp,37.000000000000000,,,,
-509578.526363355,-2006936.54193476,"3",Spring,,,"200702071938","2",Perennial,"2",Natural,,"-99",Unknown,"-99",Unknown,"-98",NotApplicable,LGATE017_north_perm_artificial,/Users/293003c/Library/CloudStorage/OneDrive-Curtin/Projects/TCZ-research/water point GIS/LGATE017 north permanent.shp,38.000000000000000,,,,
-428700.509738223,-2013270.38896188,"1",WaterBody,,,"201311201723","2",Perennial,"1",Manmade,,"-99",Unknown,"-98",NotApplicable,"2",EarthDam,LGATE017_north_perm_artificial,/Users/293003c/Library/CloudStorage/OneDrive-Curtin/Projects/TCZ-research/water point GIS/LGATE017 north permanent.shp,35.000000000000000,,,,
-539282.390049434,-1962213.5096275,"4",Waterfall,,,"200702071938","2",Perennial,"2",Natural,,"-98",NotApplicable,"-99",Unknown,"-98",NotApplicable,LGATE017_north_perm_artificial,/Users/293003c/Library/CloudStorage/OneDrive-Curtin/Projects/TCZ-research/water point GIS/LGATE017 north permanent.shp,42.000000000000000,,,,
-506776.873404486,-1993293.4129356,"5",WaterPointStructure,,,"200702071938","-99",Unknown,"1",Manmade,,"-99",Unknown,"-98",NotApplicable,"4",Tank,LGATE017_north_perm_artificial,/Users/293003c/Library/CloudStorage/OneDrive-Curtin/Projects/TCZ-research/water point GIS/LGATE017 north permanent.shp,39.000000000000000,,,,
-575668.805126838,-1949333.77775349,"5",WaterPointStructure,,,"200702071938","-99",Unknown,"1",Manmade,,"-99",Unknown,"-98",NotApplicable,"1",Bore,LGATE017_north_perm_artificial,/Users/293003c/Library/CloudStorage/OneDrive-Curtin/Projects/TCZ-research/water point GIS/LGATE017 north permanent.shp,43.000000000000000,,,,
-425727.188034897,-1961173.40719733,"1",WaterBody,,,"200702071938","2",Perennial,"2",Natural,,"-99",Unknown,"-99",Unknown,"5",Pool,LGATE017_north_perm_artificial,/Users/293003c/Library/CloudStorage/OneDrive-Curtin/Projects/TCZ-research/water point GIS/LGATE017 north permanent.shp,36.000000000000000,"1",,,
-544848.312059471,-1937916.36188083,"5",WaterPointStructure,,,"200702071938","-99",Unknown,"1",Manmade,,"-99",Unknown,"-98",NotApplicable,"1",Bore,LGATE017_north_perm_artificial,/Users/293003c/Library/CloudStorage/OneDrive-Curtin/Projects/TCZ-research/water point GIS/LGATE017 north permanent.shp,47.000000000000000,,,,
-317534.462198982,-1937335.94274509,"5",WaterPointStructure,Otk Bore,Otk Bore,"200702101818","-99",Unknown,"1",Manmade,,"-99",Unknown,"-98",NotApplicable,"2",BoreAndWindmill,LGATE017_north_perm_artificial,/Users/293003c/Library/CloudStorage/OneDrive-Curtin/Projects/TCZ-research/water point GIS/LGATE017 north permanent.shp,35.000000000000000,"1",,,
-541971.734293488,-1973770.85605048,"5",WaterPointStructure,,,"200702071938","-99",Unknown,"1",Manmade,,"-99",Unknown,"-98",NotApplicable,"4",Tank,LGATE017_north_perm_artificial,/Users/293003c/Library/CloudStorage/OneDrive-Curtin/Projects/TCZ-research/water point GIS/LGATE017 north permanent.shp,40.000000000000000,,,,
-544386.139697155,-1962952.23364705,"3",Spring,,,"200702071938","2",Perennial,"2",Natural,,"-99",Unknown,"-99",Unknown,"-98",NotApplicable,LGATE017_north_perm_artificial,/Users/293003c/Library/CloudStorage/OneDrive-Curtin/Projects/TCZ-research/water point GIS/LGATE017 north permanent.shp,40.000000000000000,,,,
-576925.676402099,-1929989.43280165,"1",WaterBody,,,"200702071938","2",Perennial,"2",Natural,,"-99",Unknown,"-99",Unknown,"5",Pool,LGATE017_north_perm_artificial,/Users/293003c/Library/CloudStorage/OneDrive-Curtin/Projects/TCZ-research/water point GIS/LGATE017 north permanent.shp,42.000000000000000,,,,
-543164.527478383,-1939518.60360488,"4",Waterfall,,,"200702071938","2",Perennial,"2",Natural,,"-98",NotApplicable,"-99",Unknown,"-98",NotApplicable,LGATE017_north_perm_artificial,/Users/293003c/Library/CloudStorage/OneDrive-Curtin/Projects/TCZ-research/water point GIS/LGATE017 north permanent.shp,44.000000000000000,,,,
-598114.235737724,-1933383.7812557,"1",WaterBody,,,"200702071938","2",Perennial,"2",Natural,,"-99",Unknown,"-99",Unknown,"5",Pool,LGATE017_north_perm_artificial,/Users/293003c/Library/CloudStorage/OneDrive-Curtin/Projects/TCZ-research/water point GIS/LGATE017 north permanent.shp,40.000000000000000,,,,
-455732.379336626,-1956258.98278085,"1",WaterBody,,,"202304171944","2",Perennial,"1",Manmade,,"-99",Unknown,"-98",NotApplicable,"2",EarthDam,LGATE017_north_perm_artificial,/Users/293003c/Library/CloudStorage/OneDrive-Curtin/Projects/TCZ-research/water point GIS/LGATE017 north permanent.shp,41.000000000000000,"1",,,
-574307.304195116,-1957498.04107517,"5",WaterPointStructure,,,"200702071938","-99",Unknown,"1",Manmade,,"-99",Unknown,"-98",NotApplicable,"1",Bore,LGATE017_north_perm_artificial,/Users/293003c/Library/CloudStorage/OneDrive-Curtin/Projects/TCZ-research/water point GIS/LGATE017 north permanent.shp,42.000000000000000,,,,
-497423.634664263,-1961667.49383164,"3",Spring,,,"200702071938","2",Perennial,"2",Natural,,"-99",Unknown,"-99",Unknown,"-98",NotApplicable,LGATE017_north_perm_artificial,/Users/293003c/Library/CloudStorage/OneDrive-Curtin/Projects/TCZ-research/water point GIS/LGATE017 north permanent.shp,42.000000000000000,,,,
-551948.096600298,-1941018.87249028,"4",Waterfall,,,"200702071938","2",Perennial,"2",Natural,,"-98",NotApplicable,"-99",Unknown,"-98",NotApplicable,LGATE017_north_perm_artificial,/Users/293003c/Library/CloudStorage/OneDrive-Curtin/Projects/TCZ-research/water point GIS/LGATE017 north permanent.shp,44.000000000000000,,,,
-581921.423244332,-1951171.0915524,"5",WaterPointStructure,,,"200702071938","-99",Unknown,"1",Manmade,,"-99",Unknown,"-98",NotApplicable,"1",Bore,LGATE017_north_perm_artificial,/Users/293003c/Library/CloudStorage/OneDrive-Curtin/Projects/TCZ-research/water point GIS/LGATE017 north permanent.shp,41.000000000000000,,,,
-448107.196820825,-2148242.83034364,"5",WaterPointStructure,,,"200702101818","-99",Unknown,"1",Manmade,,"-99",Unknown,"-98",NotApplicable,"7",Windmill,LGATE017_north_perm_artificial,/Users/293003c/Library/CloudStorage/OneDrive-Curtin/Projects/TCZ-research/water point GIS/LGATE017 north permanent.shp,27.000000000000000,,,,
-520584.932236711,-1934740.14048007,"4",Waterfall,,,"200702071938","2",Perennial,"2",Natural,,"-98",NotApplicable,"-99",Unknown,"-98",NotApplicable,LGATE017_north_perm_artificial,/Users/293003c/Library/CloudStorage/OneDrive-Curtin/Projects/TCZ-research/water point GIS/LGATE017 north permanent.shp,46.000000000000000,,,,
-518105.650751577,-1997010.6514907,"5",WaterPointStructure,,,"200702071938","-99",Unknown,"1",Manmade,,"-99",Unknown,"-98",NotApplicable,"4",Tank,LGATE017_north_perm_artificial,/Users/293003c/Library/CloudStorage/OneDrive-Curtin/Projects/TCZ-research/water point GIS/LGATE017 north permanent.shp,39.000000000000000,,,,
-577450.710949503,-1982834.73336371,"4",Waterfall,,,"200702071938","2",Perennial,"2",Natural,,"-98",NotApplicable,"-99",Unknown,"-98",NotApplicable,LGATE017_north_perm_artificial,/Users/293003c/Library/CloudStorage/OneDrive-Curtin/Projects/TCZ-research/water point GIS/LGATE017 north permanent.shp,41.000000000000000,,,,
-587567.151411081,-1979548.85611371,"4",Waterfall,,,"200702071938","2",Perennial,"2",Natural,,"-98",NotApplicable,"-99",Unknown,"-98",NotApplicable,LGATE017_north_perm_artificial,/Users/293003c/Library/CloudStorage/OneDrive-Curtin/Projects/TCZ-research/water point GIS/LGATE017 north permanent.shp,41.000000000000000,,,,
-564622.596441539,-2182870.96902132,"5",WaterPointStructure,Godfrey Tank,Godfrey Tank,"200702101818","-99",Unknown,"1",Manmade,,"-99",Unknown,"-98",NotApplicable,"4",Tank,LGATE017_north_perm_artificial,/Users/293003c/Library/CloudStorage/OneDrive-Curtin/Projects/TCZ-research/water point GIS/LGATE017 north permanent.shp,28.000000000000000,,,,
-370644.480891884,-1994653.65290675,"5",WaterPointStructure,,,"200702101818","-99",Unknown,"1",Manmade,,"-99",Unknown,"-98",NotApplicable,"7",Windmill,LGATE017_north_perm_artificial,/Users/293003c/Library/CloudStorage/OneDrive-Curtin/Projects/TCZ-research/water point GIS/LGATE017 north permanent.shp,33.000000000000000,,,,
-544264.215155556,-1963013.62144639,"3",Spring,,,"200702071938","2",Perennial,"2",Natural,,"-99",Unknown,"-99",Unknown,"-98",NotApplicable,LGATE017_north_perm_artificial,/Users/293003c/Library/CloudStorage/OneDrive-Curtin/Projects/TCZ-research/water point GIS/LGATE017 north permanent.shp,40.000000000000000,,,,
-546151.695966958,-1939277.86094735,"4",Waterfall,,,"200702071938","2",Perennial,"2",Natural,,"-98",NotApplicable,"-99",Unknown,"-98",NotApplicable,LGATE017_north_perm_artificial,/Users/293003c/Library/CloudStorage/OneDrive-Curtin/Projects/TCZ-research/water point GIS/LGATE017 north permanent.shp,44.000000000000000,,,,
-555468.919959742,-1976960.34707723,"4",Waterfall,,,"200702071938","2",Perennial,"2",Natural,,"-98",NotApplicable,"-99",Unknown,"-98",NotApplicable,LGATE017_north_perm_artificial,/Users/293003c/Library/CloudStorage/OneDrive-Curtin/Projects/TCZ-research/water point GIS/LGATE017 north permanent.shp,39.000000000000000,,,,
-376535.519621841,-2183167.62107405,"5",WaterPointStructure,,,"200702101818","-99",Unknown,"1",Manmade,,"-99",Unknown,"-98",NotApplicable,"7",Windmill,LGATE017_north_perm_artificial,/Users/293003c/Library/CloudStorage/OneDrive-Curtin/Projects/TCZ-research/water point GIS/LGATE017 north permanent.shp,25.000000000000000,,,,
-451072.535432643,-2166127.42873723,"5",WaterPointStructure,Comet Bore,Comet Bore,"200702101818","-99",Unknown,"1",Manmade,,"-99",Unknown,"-98",NotApplicable,"2",BoreAndWindmill,LGATE017_north_perm_artificial,/Users/293003c/Library/CloudStorage/OneDrive-Curtin/Projects/TCZ-research/water point GIS/LGATE017 north permanent.shp,27.000000000000000,,,,
-585542.152730714,-1968415.23151728,"5",WaterPointStructure,,,"200702071938","-99",Unknown,"1",Manmade,,"-99",Unknown,"-98",NotApplicable,"1",Bore,LGATE017_north_perm_artificial,/Users/293003c/Library/CloudStorage/OneDrive-Curtin/Projects/TCZ-research/water point GIS/LGATE017 north permanent.shp,37.000000000000000,,,,
-487024.216107358,-1999439.40688361,"3",Spring,,,"200702071938","2",Perennial,"2",Natural,,"-99",Unknown,"-99",Unknown,"-98",NotApplicable,LGATE017_north_perm_artificial,/Users/293003c/Library/CloudStorage/OneDrive-Curtin/Projects/TCZ-research/water point GIS/LGATE017 north permanent.shp,39.000000000000000,,,,
-600165.017877281,-1974968.30728866,"3",Spring,,,"200702071938","2",Perennial,"2",Natural,,"-99",Unknown,"-99",Unknown,"-98",NotApplicable,LGATE017_north_perm_artificial,/Users/293003c/Library/CloudStorage/OneDrive-Curtin/Projects/TCZ-research/water point GIS/LGATE017 north permanent.shp,40.000000000000000,,,,
-556343.73426548,-1978520.26877405,"4",Waterfall,,,"200702071938","2",Perennial,"2",Natural,,"-98",NotApplicable,"-99",Unknown,"-98",NotApplicable,LGATE017_north_perm_artificial,/Users/293003c/Library/CloudStorage/OneDrive-Curtin/Projects/TCZ-research/water point GIS/LGATE017 north permanent.shp,39.000000000000000,,,,
-591257.496241906,-1947290.39480889,"5",WaterPointStructure,,,"200702071938","-99",Unknown,"1",Manmade,,"-99",Unknown,"-98",NotApplicable,"1",Bore,LGATE017_north_perm_artificial,/Users/293003c/Library/CloudStorage/OneDrive-Curtin/Projects/TCZ-research/water point GIS/LGATE017 north permanent.shp,43.000000000000000,,,,
-588915.934339164,-2001538.36043337,"5",WaterPointStructure,,,"200702071938","-99",Unknown,"1",Manmade,,"-99",Unknown,"-98",NotApplicable,"1",Bore,LGATE017_north_perm_artificial,/Users/293003c/Library/CloudStorage/OneDrive-Curtin/Projects/TCZ-research/water point GIS/LGATE017 north permanent.shp,36.000000000000000,,,,
-575057.89280063,-1947225.61980747,"5",WaterPointStructure,,,"200702071938","-99",Unknown,"1",Manmade,,"-99",Unknown,"-98",NotApplicable,"1",Bore,LGATE017_north_perm_artificial,/Users/293003c/Library/CloudStorage/OneDrive-Curtin/Projects/TCZ-research/water point GIS/LGATE017 north permanent.shp,43.000000000000000,,,,
-441648.403681513,-1975358.06857157,"1",WaterBody,,,"200702071938","2",Perennial,"2",Natural,,"-99",Unknown,"-99",Unknown,"5",Pool,LGATE017_north_perm_artificial,/Users/293003c/Library/CloudStorage/OneDrive-Curtin/Projects/TCZ-research/water point GIS/LGATE017 north permanent.shp,38.000000000000000,"1",,,
-494353.531787539,-1988952.03423469,"5",WaterPointStructure,,,"200702071938","-99",Unknown,"1",Manmade,,"-99",Unknown,"-98",NotApplicable,"2",BoreAndWindmill,LGATE017_north_perm_artificial,/Users/293003c/Library/CloudStorage/OneDrive-Curtin/Projects/TCZ-research/water point GIS/LGATE017 north permanent.shp,40.000000000000000,,,,
-425981.289290244,-1971029.96429628,"5",WaterPointStructure,,,"200702071938","-99",Unknown,"1",Manmade,,"-99",Unknown,"-98",NotApplicable,"4",Tank,LGATE017_north_perm_artificial,/Users/293003c/Library/CloudStorage/OneDrive-Curtin/Projects/TCZ-research/water point GIS/LGATE017 north permanent.shp,36.000000000000000,"1",,,
-477107.93286341,-1958004.63305949,"5",WaterPointStructure,,,"200702071938","-99",Unknown,"1",Manmade,,"-99",Unknown,"-98",NotApplicable,"1",Bore,LGATE017_north_perm_artificial,/Users/293003c/Library/CloudStorage/OneDrive-Curtin/Projects/TCZ-research/water point GIS/LGATE017 north permanent.shp,43.000000000000000,,,,
-598785.101535927,-1934602.82773957,"1",WaterBody,,,"200702071938","2",Perennial,"2",Natural,,"-99",Unknown,"-99",Unknown,"5",Pool,LGATE017_north_perm_artificial,/Users/293003c/Library/CloudStorage/OneDrive-Curtin/Projects/TCZ-research/water point GIS/LGATE017 north permanent.shp,40.000000000000000,,,,
-433021.024771156,-1946844.3611375,"1",WaterBody,,,"200702071938","2",Perennial,"2",Natural,,"-99",Unknown,"-99",Unknown,"5",Pool,LGATE017_north_perm_artificial,/Users/293003c/Library/CloudStorage/OneDrive-Curtin/Projects/TCZ-research/water point GIS/LGATE017 north permanent.shp,40.000000000000000,"1",,,
-550503.964711947,-1940619.04247102,"4",Waterfall,,,"200702071938","2",Perennial,"2",Natural,,"-98",NotApplicable,"-99",Unknown,"-98",NotApplicable,LGATE017_north_perm_artificial,/Users/293003c/Library/CloudStorage/OneDrive-Curtin/Projects/TCZ-research/water point GIS/LGATE017 north permanent.shp,44.000000000000000,,,,
-510898.760651321,-1975723.59251002,"1",WaterBody,,,"200702071938","2",Perennial,"2",Natural,,"-99",Unknown,"-99",Unknown,"5",Pool,LGATE017_north_perm_artificial,/Users/293003c/Library/CloudStorage/OneDrive-Curtin/Projects/TCZ-research/water point GIS/LGATE017 north permanent.shp,41.000000000000000,,,,
-483668.530050515,-1985978.31691021,"5",WaterPointStructure,,,"200702071938","-99",Unknown,"1",Manmade,,"-99",Unknown,"-98",NotApplicable,"4",Tank,LGATE017_north_perm_artificial,/Users/293003c/Library/CloudStorage/OneDrive-Curtin/Projects/TCZ-research/water point GIS/LGATE017 north permanent.shp,40.000000000000000,,,,
-355451.787373171,-2014934.39496155,"5",WaterPointStructure,,,"201004091932","-99",Unknown,"1",Manmade,,"-99",Unknown,"-98",NotApplicable,"1",Bore,LGATE017_north_perm_artificial,/Users/293003c/Library/CloudStorage/OneDrive-Curtin/Projects/TCZ-research/water point GIS/LGATE017 north permanent.shp,32.000000000000000,,,,
-575375.50848334,-1948709.03945506,"5",WaterPointStructure,,,"200702071938","-99",Unknown,"1",Manmade,,"-99",Unknown,"-98",NotApplicable,"1",Bore,LGATE017_north_perm_artificial,/Users/293003c/Library/CloudStorage/OneDrive-Curtin/Projects/TCZ-research/water point GIS/LGATE017 north permanent.shp,43.000000000000000,,,,
-546559.737449927,-1961640.10169672,"4",Waterfall,,,"200702071938","2",Perennial,"2",Natural,,"-98",NotApplicable,"-99",Unknown,"-98",NotApplicable,LGATE017_north_perm_artificial,/Users/293003c/Library/CloudStorage/OneDrive-Curtin/Projects/TCZ-research/water point GIS/LGATE017 north permanent.shp,40.000000000000000,,,,
-340300.039815966,-1990855.31963942,"1",WaterBody,,,"200702071241","2",Perennial,"2",Natural,,"-99",Unknown,"-99",Unknown,"5",Pool,LGATE017_north_perm_artificial,/Users/293003c/Library/CloudStorage/OneDrive-Curtin/Projects/TCZ-research/water point GIS/LGATE017 north permanent.shp,33.000000000000000,,,,
-403508.236597697,-2070416.47515344,"5",WaterPointStructure,S.C.C. Bore,S.C.C. Bore,"200702101818","-99",Unknown,"1",Manmade,,"-99",Unknown,"-98",NotApplicable,"2",BoreAndWindmill,LGATE017_north_perm_artificial,/Users/293003c/Library/CloudStorage/OneDrive-Curtin/Projects/TCZ-research/water point GIS/LGATE017 north permanent.shp,31.000000000000000,,,,
-477183.852422042,-1957898.96282748,"5",WaterPointStructure,,,"200702071938","-99",Unknown,"1",Manmade,,"-99",Unknown,"-98",NotApplicable,"1",Bore,LGATE017_north_perm_artificial,/Users/293003c/Library/CloudStorage/OneDrive-Curtin/Projects/TCZ-research/water point GIS/LGATE017 north permanent.shp,43.000000000000000,,,,
-503645.200284177,-2001133.3191495,"3",Spring,,,"200702071938","2",Perennial,"2",Natural,,"-99",Unknown,"-99",Unknown,"-98",NotApplicable,LGATE017_north_perm_artificial,/Users/293003c/Library/CloudStorage/OneDrive-Curtin/Projects/TCZ-research/water point GIS/LGATE017 north permanent.shp,39.000000000000000,,,,
-482855.834289174,-1955923.78032984,"5",WaterPointStructure,,,"200702071938","-99",Unknown,"1",Manmade,,"-99",Unknown,"-98",NotApplicable,"7",Windmill,LGATE017_north_perm_artificial,/Users/293003c/Library/CloudStorage/OneDrive-Curtin/Projects/TCZ-research/water point GIS/LGATE017 north permanent.shp,43.000000000000000,,,,
-442305.613297398,-1928012.40285918,"1",WaterBody,,,"200702071938","2",Perennial,"2",Natural,,"-99",Unknown,"-99",Unknown,"5",Pool,LGATE017_north_perm_artificial,/Users/293003c/Library/CloudStorage/OneDrive-Curtin/Projects/TCZ-research/water point GIS/LGATE017 north permanent.shp,42.000000000000000,"1",,,
-556631.982950847,-1953416.3086748,"5",WaterPointStructure,,,"200702071938","-99",Unknown,"1",Manmade,,"-99",Unknown,"-98",NotApplicable,"1",Bore,LGATE017_north_perm_artificial,/Users/293003c/Library/CloudStorage/OneDrive-Curtin/Projects/TCZ-research/water point GIS/LGATE017 north permanent.shp,42.000000000000000,,,,
-543651.771836395,-1930602.40041426,"4",Waterfall,,,"200702071938","2",Perennial,"2",Natural,,"-98",NotApplicable,"-99",Unknown,"-98",NotApplicable,LGATE017_north_perm_artificial,/Users/293003c/Library/CloudStorage/OneDrive-Curtin/Projects/TCZ-research/water point GIS/LGATE017 north permanent.shp,47.000000000000000,,,,
-525670.436891113,-1952347.21218047,"4",Waterfall,,,"200702071938","2",Perennial,"2",Natural,,"-98",NotApplicable,"-99",Unknown,"-98",NotApplicable,LGATE017_north_perm_artificial,/Users/293003c/Library/CloudStorage/OneDrive-Curtin/Projects/TCZ-research/water point GIS/LGATE017 north permanent.shp,50.000000000000000,,,,
-441741.113906567,-1975298.85173459,"1",WaterBody,,,"200702071938","2",Perennial,"2",Natural,,"-99",Unknown,"-99",Unknown,"5",Pool,LGATE017_north_perm_artificial,/Users/293003c/Library/CloudStorage/OneDrive-Curtin/Projects/TCZ-research/water point GIS/LGATE017 north permanent.shp,38.000000000000000,"1",,,
-567723.884151937,-1988040.53969232,"3",Spring,,,"200702071938","2",Perennial,"2",Natural,,"-99",Unknown,"-99",Unknown,"-98",NotApplicable,LGATE017_north_perm_artificial,/Users/293003c/Library/CloudStorage/OneDrive-Curtin/Projects/TCZ-research/water point GIS/LGATE017 north permanent.shp,37.000000000000000,,,,
-545853.798029896,-1971060.46647873,"5",WaterPointStructure,,,"200702071938","-99",Unknown,"1",Manmade,,"-99",Unknown,"-98",NotApplicable,"1",Bore,LGATE017_north_perm_artificial,/Users/293003c/Library/CloudStorage/OneDrive-Curtin/Projects/TCZ-research/water point GIS/LGATE017 north permanent.shp,40.000000000000000,,,,
-424886.23494957,-1953779.61278795,"1",WaterBody,,,"200702071938","2",Perennial,"2",Natural,,"-99",Unknown,"-99",Unknown,"5",Pool,LGATE017_north_perm_artificial,/Users/293003c/Library/CloudStorage/OneDrive-Curtin/Projects/TCZ-research/water point GIS/LGATE017 north permanent.shp,37.000000000000000,"1",,,
-575098.100450525,-1980467.77943518,"4",Waterfall,,,"200702071938","2",Perennial,"2",Natural,,"-98",NotApplicable,"-99",Unknown,"-98",NotApplicable,LGATE017_north_perm_artificial,/Users/293003c/Library/CloudStorage/OneDrive-Curtin/Projects/TCZ-research/water point GIS/LGATE017 north permanent.shp,41.000000000000000,,,,
-474506.894434925,-2022829.21460482,"5",WaterPointStructure,,,"200702071938","-99",Unknown,"1",Manmade,,"-99",Unknown,"-98",NotApplicable,"4",Tank,LGATE017_north_perm_artificial,/Users/293003c/Library/CloudStorage/OneDrive-Curtin/Projects/TCZ-research/water point GIS/LGATE017 north permanent.shp,38.000000000000000,,,,
-579434.106812464,-1960386.12274929,"4",Waterfall,,,"200702071938","2",Perennial,"2",Natural,,"-98",NotApplicable,"-99",Unknown,"-98",NotApplicable,LGATE017_north_perm_artificial,/Users/293003c/Library/CloudStorage/OneDrive-Curtin/Projects/TCZ-research/water point GIS/LGATE017 north permanent.shp,41.000000000000000,,,,
-468803.155862604,-1933601.13041589,"1",WaterBody,,,"200702071938","2",Perennial,"1",Manmade,,"-99",Unknown,"-99",Unknown,"2",EarthDam,LGATE017_north_perm_artificial,/Users/293003c/Library/CloudStorage/OneDrive-Curtin/Projects/TCZ-research/water point GIS/LGATE017 north permanent.shp,45.000000000000000,,,,
-443356.195978771,-1974855.26147957,"1",WaterBody,,,"200702071938","2",Perennial,"2",Natural,,"-99",Unknown,"-99",Unknown,"5",Pool,LGATE017_north_perm_artificial,/Users/293003c/Library/CloudStorage/OneDrive-Curtin/Projects/TCZ-research/water point GIS/LGATE017 north permanent.shp,38.000000000000000,"1",,,
-579176.626665967,-1946281.4254537,"3",Spring,,,"200702071938","2",Perennial,"2",Natural,,"-99",Unknown,"-99",Unknown,"-98",NotApplicable,LGATE017_north_perm_artificial,/Users/293003c/Library/CloudStorage/OneDrive-Curtin/Projects/TCZ-research/water point GIS/LGATE017 north permanent.shp,41.000000000000000,,,,
-542248.846466228,-1931615.32322551,"1",WaterBody,,,"200702071938","2",Perennial,"2",Natural,,"-99",Unknown,"-99",Unknown,"5",Pool,LGATE017_north_perm_artificial,/Users/293003c/Library/CloudStorage/OneDrive-Curtin/Projects/TCZ-research/water point GIS/LGATE017 north permanent.shp,47.000000000000000,,,,
-412424.951223728,-1924562.22011298,"1",WaterBody,,,"200702071938","2",Perennial,"2",Natural,,"-99",Unknown,"-99",Unknown,"5",Pool,LGATE017_north_perm_artificial,/Users/293003c/Library/CloudStorage/OneDrive-Curtin/Projects/TCZ-research/water point GIS/LGATE017 north permanent.shp,39.000000000000000,"1",,,
-441016.658927119,-1967789.04968976,"5",WaterPointStructure,,,"200702071938","-99",Unknown,"1",Manmade,,"-99",Unknown,"-98",NotApplicable,"4",Tank,LGATE017_north_perm_artificial,/Users/293003c/Library/CloudStorage/OneDrive-Curtin/Projects/TCZ-research/water point GIS/LGATE017 north permanent.shp,39.000000000000000,"1",,,
-556279.20645546,-1975433.45269157,"4",Waterfall,,,"200702071938","2",Perennial,"2",Natural,,"-98",NotApplicable,"-99",Unknown,"-98",NotApplicable,LGATE017_north_perm_artificial,/Users/293003c/Library/CloudStorage/OneDrive-Curtin/Projects/TCZ-research/water point GIS/LGATE017 north permanent.shp,39.000000000000000,,,,
-590374.304687824,-1934781.58584212,"1",WaterBody,,,"200702071938","2",Perennial,"2",Natural,,"-99",Unknown,"-99",Unknown,"5",Pool,LGATE017_north_perm_artificial,/Users/293003c/Library/CloudStorage/OneDrive-Curtin/Projects/TCZ-research/water point GIS/LGATE017 north permanent.shp,40.000000000000000,,,,
-444606.565112238,-1928269.12846673,"1",WaterBody,,,"200702071938","2",Perennial,"1",Manmade,,"-99",Unknown,"-99",Unknown,"2",EarthDam,LGATE017_north_perm_artificial,/Users/293003c/Library/CloudStorage/OneDrive-Curtin/Projects/TCZ-research/water point GIS/LGATE017 north permanent.shp,42.000000000000000,"1",,,
-457022.199222236,-1957193.65274529,"1",WaterBody,,,"200702071938","2",Perennial,"1",Manmade,,"-99",Unknown,"-99",Unknown,"2",EarthDam,LGATE017_north_perm_artificial,/Users/293003c/Library/CloudStorage/OneDrive-Curtin/Projects/TCZ-research/water point GIS/LGATE017 north permanent.shp,41.000000000000000,,,,
-541051.021526523,-1963949.05576817,"4",Waterfall,,,"200702071938","2",Perennial,"2",Natural,,"-98",NotApplicable,"-99",Unknown,"-98",NotApplicable,LGATE017_north_perm_artificial,/Users/293003c/Library/CloudStorage/OneDrive-Curtin/Projects/TCZ-research/water point GIS/LGATE017 north permanent.shp,42.000000000000000,,,,
-535276.52816642,-1929522.11231484,"1",WaterBody,,,"200702071938","2",Perennial,"2",Natural,,"-99",Unknown,"-99",Unknown,"5",Pool,LGATE017_north_perm_artificial,/Users/293003c/Library/CloudStorage/OneDrive-Curtin/Projects/TCZ-research/water point GIS/LGATE017 north permanent.shp,47.000000000000000,,,,
-598911.832501875,-1988139.38286402,"4",Waterfall,,,"200702071938","2",Perennial,"2",Natural,,"-98",NotApplicable,"-99",Unknown,"-98",NotApplicable,LGATE017_north_perm_artificial,/Users/293003c/Library/CloudStorage/OneDrive-Curtin/Projects/TCZ-research/water point GIS/LGATE017 north permanent.shp,40.000000000000000,,,,
-590366.179977184,-1969441.15550415,"3",Spring,,,"200702071938","2",Perennial,"2",Natural,,"-99",Unknown,"-99",Unknown,"-98",NotApplicable,LGATE017_north_perm_artificial,/Users/293003c/Library/CloudStorage/OneDrive-Curtin/Projects/TCZ-research/water point GIS/LGATE017 north permanent.shp,38.000000000000000,,,,
-537740.392227992,-1955809.26109767,"3",Spring,,,"200702071938","2",Perennial,"2",Natural,,"-99",Unknown,"-99",Unknown,"-98",NotApplicable,LGATE017_north_perm_artificial,/Users/293003c/Library/CloudStorage/OneDrive-Curtin/Projects/TCZ-research/water point GIS/LGATE017 north permanent.shp,41.000000000000000,,,,
-430725.492900594,-1963383.41703723,"1",WaterBody,,,"200702071938","2",Perennial,"2",Natural,,"-99",Unknown,"-99",Unknown,"5",Pool,LGATE017_north_perm_artificial,/Users/293003c/Library/CloudStorage/OneDrive-Curtin/Projects/TCZ-research/water point GIS/LGATE017 north permanent.shp,37.000000000000000,"1",,,
-446283.74779466,-1973235.75638457,"1",WaterBody,,,"200702071938","2",Perennial,"2",Natural,,"-99",Unknown,"-99",Unknown,"5",Pool,LGATE017_north_perm_artificial,/Users/293003c/Library/CloudStorage/OneDrive-Curtin/Projects/TCZ-research/water point GIS/LGATE017 north permanent.shp,38.000000000000000,"1",,,
-374508.30135197,-1952625.16459809,"5",WaterPointStructure,No. 4 Bore,No. 4 Bore,"200702101818","-99",Unknown,"1",Manmade,,"-99",Unknown,"-98",NotApplicable,"1",Bore,LGATE017_north_perm_artificial,/Users/293003c/Library/CloudStorage/OneDrive-Curtin/Projects/TCZ-research/water point GIS/LGATE017 north permanent.shp,36.000000000000000,"1",,,
-444508.569481915,-1981408.77978079,"1",WaterBody,,,"200702071938","2",Perennial,"2",Natural,,"-99",Unknown,"-99",Unknown,"5",Pool,LGATE017_north_perm_artificial,/Users/293003c/Library/CloudStorage/OneDrive-Curtin/Projects/TCZ-research/water point GIS/LGATE017 north permanent.shp,38.000000000000000,"1",,,
-403592.376074443,-1930224.7397371,"1",WaterBody,,,"200702071241","2",Perennial,"2",Natural,,"-99",Unknown,"-99",Unknown,"5",Pool,LGATE017_north_perm_artificial,/Users/293003c/Library/CloudStorage/OneDrive-Curtin/Projects/TCZ-research/water point GIS/LGATE017 north permanent.shp,36.000000000000000,"1",,,
-512674.211155493,-1929475.9489563,"1",WaterBody,,,"200702071938","2",Perennial,"2",Natural,,"-99",Unknown,"-99",Unknown,"5",Pool,LGATE017_north_perm_artificial,/Users/293003c/Library/CloudStorage/OneDrive-Curtin/Projects/TCZ-research/water point GIS/LGATE017 north permanent.shp,47.000000000000000,,,,
-595264.174288961,-1950398.52263428,"3",Spring,,,"200702071938","2",Perennial,"2",Natural,,"-99",Unknown,"-99",Unknown,"-98",NotApplicable,LGATE017_north_perm_artificial,/Users/293003c/Library/CloudStorage/OneDrive-Curtin/Projects/TCZ-research/water point GIS/LGATE017 north permanent.shp,43.000000000000000,,,,
-461378.325270786,-1948748.88495588,"5",WaterPointStructure,,,"200702071938","-99",Unknown,"1",Manmade,,"-99",Unknown,"-98",NotApplicable,"4",Tank,LGATE017_north_perm_artificial,/Users/293003c/Library/CloudStorage/OneDrive-Curtin/Projects/TCZ-research/water point GIS/LGATE017 north permanent.shp,44.000000000000000,,,,
-580728.484630123,-1951900.22966685,"4",Waterfall,,,"200702071938","2",Perennial,"2",Natural,,"-98",NotApplicable,"-99",Unknown,"-98",NotApplicable,LGATE017_north_perm_artificial,/Users/293003c/Library/CloudStorage/OneDrive-Curtin/Projects/TCZ-research/water point GIS/LGATE017 north permanent.shp,41.000000000000000,,,,
-432696.594751463,-1959512.19166048,"1",WaterBody,,,"200702071938","2",Perennial,"2",Natural,,"-99",Unknown,"-99",Unknown,"5",Pool,LGATE017_north_perm_artificial,/Users/293003c/Library/CloudStorage/OneDrive-Curtin/Projects/TCZ-research/water point GIS/LGATE017 north permanent.shp,37.000000000000000,"1",,,
-468977.797943286,-1933385.91125925,"1",WaterBody,,,"200702071938","2",Perennial,"2",Natural,,"-99",Unknown,"-99",Unknown,"2",EarthDam,LGATE017_north_perm_artificial,/Users/293003c/Library/CloudStorage/OneDrive-Curtin/Projects/TCZ-research/water point GIS/LGATE017 north permanent.shp,45.000000000000000,,,,
-570323.838130809,-1986274.99723089,"3",Spring,,,"200702071938","2",Perennial,"2",Natural,,"-99",Unknown,"-99",Unknown,"-98",NotApplicable,LGATE017_north_perm_artificial,/Users/293003c/Library/CloudStorage/OneDrive-Curtin/Projects/TCZ-research/water point GIS/LGATE017 north permanent.shp,37.000000000000000,,,,
-614757.721488794,-2012716.13115179,"5",WaterPointStructure,,,"201303181734","-99",Unknown,"1",Manmade,,"-99",Unknown,"-98",NotApplicable,"1",Bore,LGATE017_north_perm_artificial,/Users/293003c/Library/CloudStorage/OneDrive-Curtin/Projects/TCZ-research/water point GIS/LGATE017 north permanent.shp,35.000000000000000,,,,
-353704.917942387,-2186499.53514429,"5",WaterPointStructure,Pussycat Bore,Pussycat Bore,"200702101818","-99",Unknown,"1",Manmade,,"-99",Unknown,"-98",NotApplicable,"1",Bore,LGATE017_north_perm_artificial,/Users/293003c/Library/CloudStorage/OneDrive-Curtin/Projects/TCZ-research/water point GIS/LGATE017 north permanent.shp,26.000000000000000,,,,
-488822.03807697,-1987737.76208228,"5",WaterPointStructure,,,"200702071938","-99",Unknown,"1",Manmade,,"-99",Unknown,"-98",NotApplicable,"4",Tank,LGATE017_north_perm_artificial,/Users/293003c/Library/CloudStorage/OneDrive-Curtin/Projects/TCZ-research/water point GIS/LGATE017 north permanent.shp,40.000000000000000,,,,
-335301.970789667,-2014033.41305541,"5",WaterPointStructure,Gd5 Bore,Gd5 Bore,"200702101818","-99",Unknown,"1",Manmade,,"-99",Unknown,"-98",NotApplicable,"2",BoreAndWindmill,LGATE017_north_perm_artificial,/Users/293003c/Library/CloudStorage/OneDrive-Curtin/Projects/TCZ-research/water point GIS/LGATE017 north permanent.shp,32.000000000000000,,,,
-534832.332796609,-1934680.01776887,"4",Waterfall,,,"200702071938","2",Perennial,"2",Natural,,"-98",NotApplicable,"-99",Unknown,"-98",NotApplicable,LGATE017_north_perm_artificial,/Users/293003c/Library/CloudStorage/OneDrive-Curtin/Projects/TCZ-research/water point GIS/LGATE017 north permanent.shp,47.000000000000000,,,,
-606156.59018887,-2024112.9474597,"1",WaterBody,,,"200702071938","2",Perennial,"1",Manmade,,"-99",Unknown,"-99",Unknown,"2",EarthDam,LGATE017_north_perm_artificial,/Users/293003c/Library/CloudStorage/OneDrive-Curtin/Projects/TCZ-research/water point GIS/LGATE017 north permanent.shp,35.000000000000000,,,,
-431748.995034362,-1960579.85149014,"1",WaterBody,,,"200702071938","2",Perennial,"2",Natural,,"-99",Unknown,"-99",Unknown,"5",Pool,LGATE017_north_perm_artificial,/Users/293003c/Library/CloudStorage/OneDrive-Curtin/Projects/TCZ-research/water point GIS/LGATE017 north permanent.shp,37.000000000000000,"1",,,
-459751.897073705,-1976731.60600407,"1",WaterBody,,,"200702071938","2",Perennial,"2",Natural,,"-99",Unknown,"-99",Unknown,"5",Pool,LGATE017_north_perm_artificial,/Users/293003c/Library/CloudStorage/OneDrive-Curtin/Projects/TCZ-research/water point GIS/LGATE017 north permanent.shp,41.000000000000000,,,,
-448017.675139634,-1939481.53282951,"1",WaterBody,,,"200702071938","2",Perennial,"2",Natural,,"-99",Unknown,"-99",Unknown,"5",Pool,LGATE017_north_perm_artificial,/Users/293003c/Library/CloudStorage/OneDrive-Curtin/Projects/TCZ-research/water point GIS/LGATE017 north permanent.shp,41.000000000000000,"1",,,
-460852.561552885,-2151422.54207197,"5",WaterPointStructure,Old Homestead Well,Old Homestead Well,"200702101818","-99",Unknown,"1",Manmade,,"-99",Unknown,"-98",NotApplicable,"8",WellAndWindmill,LGATE017_north_perm_artificial,/Users/293003c/Library/CloudStorage/OneDrive-Curtin/Projects/TCZ-research/water point GIS/LGATE017 north permanent.shp,27.000000000000000,,,,
-410990.122186976,-1927955.70121887,"1",WaterBody,,,"200702071938","2",Perennial,"2",Natural,,"-99",Unknown,"-99",Unknown,"5",Pool,LGATE017_north_perm_artificial,/Users/293003c/Library/CloudStorage/OneDrive-Curtin/Projects/TCZ-research/water point GIS/LGATE017 north permanent.shp,39.000000000000000,"1",,,
-335427.78164539,-2228953.72704147,"5",WaterPointStructure,,,"200702101818","-99",Unknown,"1",Manmade,,"-99",Unknown,"-98",NotApplicable,"4",Tank,LGATE017_north_perm_artificial,/Users/293003c/Library/CloudStorage/OneDrive-Curtin/Projects/TCZ-research/water point GIS/LGATE017 north permanent.shp,24.000000000000000,,,,
-539836.224390654,-1930647.17791571,"1",WaterBody,,,"200702071938","2",Perennial,"2",Natural,,"-99",Unknown,"-99",Unknown,"5",Pool,LGATE017_north_perm_artificial,/Users/293003c/Library/CloudStorage/OneDrive-Curtin/Projects/TCZ-research/water point GIS/LGATE017 north permanent.shp,47.000000000000000,,,,
-549912.048865692,-2002438.6619479,"3",Spring,,,"200702071938","2",Perennial,"2",Natural,,"-99",Unknown,"-99",Unknown,"-98",NotApplicable,LGATE017_north_perm_artificial,/Users/293003c/Library/CloudStorage/OneDrive-Curtin/Projects/TCZ-research/water point GIS/LGATE017 north permanent.shp,41.000000000000000,,,,
-472378.305740586,-1970940.77742088,"1",WaterBody,,,"200702071938","2",Perennial,"2",Natural,,"-99",Unknown,"-99",Unknown,"5",Pool,LGATE017_north_perm_artificial,/Users/293003c/Library/CloudStorage/OneDrive-Curtin/Projects/TCZ-research/water point GIS/LGATE017 north permanent.shp,42.000000000000000,,,,
-590143.332058573,-1934846.76791259,"1",WaterBody,,,"200702071938","2",Perennial,"2",Natural,,"-99",Unknown,"-99",Unknown,"5",Pool,LGATE017_north_perm_artificial,/Users/293003c/Library/CloudStorage/OneDrive-Curtin/Projects/TCZ-research/water point GIS/LGATE017 north permanent.shp,40.000000000000000,,,,
-575868.622311032,-2040503.73392893,"4",Waterfall,,,"200702071938","2",Perennial,"2",Natural,,"-98",NotApplicable,"-99",Unknown,"-98",NotApplicable,LGATE017_north_perm_artificial,/Users/293003c/Library/CloudStorage/OneDrive-Curtin/Projects/TCZ-research/water point GIS/LGATE017 north permanent.shp,36.000000000000000,,,,
-509518.731020894,-2006928.86098621,"3",Spring,,,"200702071938","2",Perennial,"2",Natural,,"-99",Unknown,"-99",Unknown,"-98",NotApplicable,LGATE017_north_perm_artificial,/Users/293003c/Library/CloudStorage/OneDrive-Curtin/Projects/TCZ-research/water point GIS/LGATE017 north permanent.shp,38.000000000000000,,,,
-578199.063247934,-1949850.80212695,"4",Waterfall,,,"200702071938","2",Perennial,"2",Natural,,"-98",NotApplicable,"-99",Unknown,"-98",NotApplicable,LGATE017_north_perm_artificial,/Users/293003c/Library/CloudStorage/OneDrive-Curtin/Projects/TCZ-research/water point GIS/LGATE017 north permanent.shp,41.000000000000000,,,,
-547430.432252026,-1969312.12110346,"4",Waterfall,,,"200702071938","2",Perennial,"2",Natural,,"-98",NotApplicable,"-99",Unknown,"-98",NotApplicable,LGATE017_north_perm_artificial,/Users/293003c/Library/CloudStorage/OneDrive-Curtin/Projects/TCZ-research/water point GIS/LGATE017 north permanent.shp,40.000000000000000,,,,
-446316.556312253,-1983353.89253692,"1",WaterBody,,,"200702071938","2",Perennial,"2",Natural,,"-99",Unknown,"-99",Unknown,"5",Pool,LGATE017_north_perm_artificial,/Users/293003c/Library/CloudStorage/OneDrive-Curtin/Projects/TCZ-research/water point GIS/LGATE017 north permanent.shp,38.000000000000000,"1",,,
-593879.391264773,-1953005.00717053,"3",Spring,,,"200702071938","2",Perennial,"2",Natural,,"-99",Unknown,"-99",Unknown,"-98",NotApplicable,LGATE017_north_perm_artificial,/Users/293003c/Library/CloudStorage/OneDrive-Curtin/Projects/TCZ-research/water point GIS/LGATE017 north permanent.shp,41.000000000000000,,,,
-454451.776670738,-1947840.79595889,"1",WaterBody,,,"200702071938","2",Perennial,"1",Manmade,,"-99",Unknown,"-99",Unknown,"2",EarthDam,LGATE017_north_perm_artificial,/Users/293003c/Library/CloudStorage/OneDrive-Curtin/Projects/TCZ-research/water point GIS/LGATE017 north permanent.shp,41.000000000000000,"1",,,
-431835.714775738,-1935837.29476344,"5",WaterPointStructure,,,"200702071938","-99",Unknown,"1",Manmade,,"-99",Unknown,"-98",NotApplicable,"1",Bore,LGATE017_north_perm_artificial,/Users/293003c/Library/CloudStorage/OneDrive-Curtin/Projects/TCZ-research/water point GIS/LGATE017 north permanent.shp,41.000000000000000,"1",,,
-471902.989045934,-2117987.59843716,"5",WaterPointStructure,Bloodwood Well,Bloodwood Well,"200702101818","-99",Unknown,"1",Manmade,,"-99",Unknown,"-98",NotApplicable,"8",WellAndWindmill,LGATE017_north_perm_artificial,/Users/293003c/Library/CloudStorage/OneDrive-Curtin/Projects/TCZ-research/water point GIS/LGATE017 north permanent.shp,28.000000000000000,,,,
-557675.120800261,-1951967.28648972,"5",WaterPointStructure,,,"200702071938","-99",Unknown,"1",Manmade,,"-99",Unknown,"-98",NotApplicable,"1",Bore,LGATE017_north_perm_artificial,/Users/293003c/Library/CloudStorage/OneDrive-Curtin/Projects/TCZ-research/water point GIS/LGATE017 north permanent.shp,42.000000000000000,,,,
-535264.398573329,-1944879.06368605,"3",Spring,,,"200702071938","2",Perennial,"2",Natural,,"-99",Unknown,"-99",Unknown,"-98",NotApplicable,LGATE017_north_perm_artificial,/Users/293003c/Library/CloudStorage/OneDrive-Curtin/Projects/TCZ-research/water point GIS/LGATE017 north permanent.shp,44.000000000000000,,,,
-451500.312878112,-1957570.87564319,"1",WaterBody,,,"200702071938","2",Perennial,"2",Natural,,"-99",Unknown,"-99",Unknown,"5",Pool,LGATE017_north_perm_artificial,/Users/293003c/Library/CloudStorage/OneDrive-Curtin/Projects/TCZ-research/water point GIS/LGATE017 north permanent.shp,43.000000000000000,"1",,,
-460796.035471592,-2229190.78475853,"3",Spring,,,"200702071242","2",Perennial,"2",Natural,,"-99",Unknown,"-99",Unknown,"-98",NotApplicable,LGATE017_north_perm_artificial,/Users/293003c/Library/CloudStorage/OneDrive-Curtin/Projects/TCZ-research/water point GIS/LGATE017 north permanent.shp,26.000000000000000,,,,
-579765.146626072,-1946050.96584579,"5",WaterPointStructure,,,"200702071938","-99",Unknown,"1",Manmade,,"-99",Unknown,"-98",NotApplicable,"1",Bore,LGATE017_north_perm_artificial,/Users/293003c/Library/CloudStorage/OneDrive-Curtin/Projects/TCZ-research/water point GIS/LGATE017 north permanent.shp,41.000000000000000,,,,
-589070.403006539,-1987820.64238,"3",Spring,,,"200702071938","2",Perennial,"2",Natural,,"-99",Unknown,"-99",Unknown,"-98",NotApplicable,LGATE017_north_perm_artificial,/Users/293003c/Library/CloudStorage/OneDrive-Curtin/Projects/TCZ-research/water point GIS/LGATE017 north permanent.shp,38.000000000000000,,,,
-527079.085958105,-1937838.92925027,"4",Waterfall,,,"200702071938","2",Perennial,"2",Natural,,"-98",NotApplicable,"-99",Unknown,"-98",NotApplicable,LGATE017_north_perm_artificial,/Users/293003c/Library/CloudStorage/OneDrive-Curtin/Projects/TCZ-research/water point GIS/LGATE017 north permanent.shp,49.000000000000000,,,,
-556710.027904067,-2035906.100993,"3",Spring,,,"200702071938","2",Perennial,"2",Natural,,"-99",Unknown,"-99",Unknown,"-98",NotApplicable,LGATE017_north_perm_artificial,/Users/293003c/Library/CloudStorage/OneDrive-Curtin/Projects/TCZ-research/water point GIS/LGATE017 north permanent.shp,35.000000000000000,,,,
-504814.818072554,-2170150.45661011,"5",WaterPointStructure,Weriaddo Well,Weriaddo Well,"200702101818","-99",Unknown,"1",Manmade,,"-99",Unknown,"-98",NotApplicable,"8",WellAndWindmill,LGATE017_north_perm_artificial,/Users/293003c/Library/CloudStorage/OneDrive-Curtin/Projects/TCZ-research/water point GIS/LGATE017 north permanent.shp,27.000000000000000,,,,
-355451.406277093,-2014933.10092861,"1",WaterBody,,,"201004091932","2",Perennial,"1",Manmade,,"-99",Unknown,"-98",NotApplicable,"2",EarthDam,LGATE017_north_perm_artificial,/Users/293003c/Library/CloudStorage/OneDrive-Curtin/Projects/TCZ-research/water point GIS/LGATE017 north permanent.shp,32.000000000000000,,,,
-542262.073874478,-2020961.15451611,"1",WaterBody,,,"200702071938","2",Perennial,"1",Manmade,,"-99",Unknown,"-99",Unknown,"2",EarthDam,LGATE017_north_perm_artificial,/Users/293003c/Library/CloudStorage/OneDrive-Curtin/Projects/TCZ-research/water point GIS/LGATE017 north permanent.shp,37.000000000000000,,,,
-550037.512325738,-2000683.36658816,"3",Spring,,,"200702071938","2",Perennial,"2",Natural,,"-99",Unknown,"-99",Unknown,"-98",NotApplicable,LGATE017_north_perm_artificial,/Users/293003c/Library/CloudStorage/OneDrive-Curtin/Projects/TCZ-research/water point GIS/LGATE017 north permanent.shp,41.000000000000000,,,,
-513725.195184048,-1929493.15599794,"1",WaterBody,,,"200702071938","2",Perennial,"2",Natural,,"-99",Unknown,"-99",Unknown,"5",Pool,LGATE017_north_perm_artificial,/Users/293003c/Library/CloudStorage/OneDrive-Curtin/Projects/TCZ-research/water point GIS/LGATE017 north permanent.shp,46.000000000000000,,,,
-523829.122489458,-1998198.93218812,"5",WaterPointStructure,,,"200702071938","-99",Unknown,"1",Manmade,,"-99",Unknown,"-98",NotApplicable,"7",Windmill,LGATE017_north_perm_artificial,/Users/293003c/Library/CloudStorage/OneDrive-Curtin/Projects/TCZ-research/water point GIS/LGATE017 north permanent.shp,38.000000000000000,,,,
-542092.783123443,-2007394.83487311,"5",WaterPointStructure,,,"200702071938","-99",Unknown,"1",Manmade,,"-99",Unknown,"-98",NotApplicable,"7",Windmill,LGATE017_north_perm_artificial,/Users/293003c/Library/CloudStorage/OneDrive-Curtin/Projects/TCZ-research/water point GIS/LGATE017 north permanent.shp,38.000000000000000,,,,
-491978.370100318,-1973082.76429202,"1",WaterBody,,,"200702071938","2",Perennial,"2",Natural,,"-99",Unknown,"-99",Unknown,"5",Pool,LGATE017_north_perm_artificial,/Users/293003c/Library/CloudStorage/OneDrive-Curtin/Projects/TCZ-research/water point GIS/LGATE017 north permanent.shp,41.000000000000000,,,,
-614618.923833285,-2013195.99316154,"5",WaterPointStructure,,,"201303181734","-99",Unknown,"1",Manmade,,"-99",Unknown,"-98",NotApplicable,"4",Tank,LGATE017_north_perm_artificial,/Users/293003c/Library/CloudStorage/OneDrive-Curtin/Projects/TCZ-research/water point GIS/LGATE017 north permanent.shp,35.000000000000000,,,,
-467123.443398177,-1962602.49719654,"1",WaterBody,,,"200702071938","2",Perennial,"2",Natural,,"-99",Unknown,"-99",Unknown,"5",Pool,LGATE017_north_perm_artificial,/Users/293003c/Library/CloudStorage/OneDrive-Curtin/Projects/TCZ-research/water point GIS/LGATE017 north permanent.shp,41.000000000000000,,,,
-478313.485359932,-1939806.88192775,"5",WaterPointStructure,,,"200702071938","-99",Unknown,"1",Manmade,,"-99",Unknown,"-98",NotApplicable,"4",Tank,LGATE017_north_perm_artificial,/Users/293003c/Library/CloudStorage/OneDrive-Curtin/Projects/TCZ-research/water point GIS/LGATE017 north permanent.shp,44.000000000000000,,,,
-541592.363617623,-1938237.63521234,"4",Waterfall,,,"200702071938","2",Perennial,"2",Natural,,"-98",NotApplicable,"-99",Unknown,"-98",NotApplicable,LGATE017_north_perm_artificial,/Users/293003c/Library/CloudStorage/OneDrive-Curtin/Projects/TCZ-research/water point GIS/LGATE017 north permanent.shp,47.000000000000000,,,,
-457727.142447966,-1956614.39196432,"1",WaterBody,,,"200702071938","2",Perennial,"1",Manmade,,"-99",Unknown,"-99",Unknown,"2",EarthDam,LGATE017_north_perm_artificial,/Users/293003c/Library/CloudStorage/OneDrive-Curtin/Projects/TCZ-research/water point GIS/LGATE017 north permanent.shp,41.000000000000000,,,,
-417654.853729558,-2166890.74548788,"5",WaterPointStructure,,,"200912071119","-99",Unknown,"1",Manmade,,"-99",Unknown,"-98",NotApplicable,"1",Bore,LGATE017_north_perm_artificial,/Users/293003c/Library/CloudStorage/OneDrive-Curtin/Projects/TCZ-research/water point GIS/LGATE017 north permanent.shp,28.000000000000000,,,,
-580620.372285684,-1945622.87099945,"3",Spring,,,"200702071938","2",Perennial,"2",Natural,,"-99",Unknown,"-99",Unknown,"-98",NotApplicable,LGATE017_north_perm_artificial,/Users/293003c/Library/CloudStorage/OneDrive-Curtin/Projects/TCZ-research/water point GIS/LGATE017 north permanent.shp,41.000000000000000,,,,
-463955.715800579,-2106354.97899438,"5",WaterPointStructure,No. 2 Bore,No. 2 Bore,"200702101818","-99",Unknown,"1",Manmade,,"-99",Unknown,"-98",NotApplicable,"2",BoreAndWindmill,LGATE017_north_perm_artificial,/Users/293003c/Library/CloudStorage/OneDrive-Curtin/Projects/TCZ-research/water point GIS/LGATE017 north permanent.shp,29.000000000000000,,,,
-556240.844772636,-2012561.74586041,"5",WaterPointStructure,,,"201005241756","-99",Unknown,"1",Manmade,,"-99",Unknown,"-98",NotApplicable,"4",Tank,LGATE017_north_perm_artificial,/Users/293003c/Library/CloudStorage/OneDrive-Curtin/Projects/TCZ-research/water point GIS/LGATE017 north permanent.shp,35.000000000000000,,,,
-336310.994450929,-2024739.06387021,"3",Spring,,,"200702071241","2",Perennial,"2",Natural,,"-99",Unknown,"-99",Unknown,"-98",NotApplicable,LGATE017_north_perm_artificial,/Users/293003c/Library/CloudStorage/OneDrive-Curtin/Projects/TCZ-research/water point GIS/LGATE017 north permanent.shp,31.000000000000000,,,,
-537904.571984134,-1961391.82084038,"5",WaterPointStructure,,,"200702071938","-99",Unknown,"1",Manmade,,"-99",Unknown,"-98",NotApplicable,"1",Bore,LGATE017_north_perm_artificial,/Users/293003c/Library/CloudStorage/OneDrive-Curtin/Projects/TCZ-research/water point GIS/LGATE017 north permanent.shp,42.000000000000000,,,,
-454937.549826048,-1950713.14749399,"5",WaterPointStructure,,,"200702071938","-99",Unknown,"1",Manmade,,"-99",Unknown,"-98",NotApplicable,"2",BoreAndWindmill,LGATE017_north_perm_artificial,/Users/293003c/Library/CloudStorage/OneDrive-Curtin/Projects/TCZ-research/water point GIS/LGATE017 north permanent.shp,41.000000000000000,"1",,,
-551723.310948713,-1999074.72266031,"3",Spring,,,"200702071938","2",Perennial,"2",Natural,,"-99",Unknown,"-99",Unknown,"-98",NotApplicable,LGATE017_north_perm_artificial,/Users/293003c/Library/CloudStorage/OneDrive-Curtin/Projects/TCZ-research/water point GIS/LGATE017 north permanent.shp,41.000000000000000,,,,
-430197.906420082,-1961925.69731092,"1",WaterBody,,,"200702071938","2",Perennial,"2",Natural,,"-99",Unknown,"-99",Unknown,"5",Pool,LGATE017_north_perm_artificial,/Users/293003c/Library/CloudStorage/OneDrive-Curtin/Projects/TCZ-research/water point GIS/LGATE017 north permanent.shp,37.000000000000000,"1",,,
-563433.361783748,-2041135.83193269,"3",Spring,,,"200702071938","2",Perennial,"2",Natural,,"-99",Unknown,"-99",Unknown,"-98",NotApplicable,LGATE017_north_perm_artificial,/Users/293003c/Library/CloudStorage/OneDrive-Curtin/Projects/TCZ-research/water point GIS/LGATE017 north permanent.shp,36.000000000000000,,,,
-568650.510575487,-1958775.83113712,"5",WaterPointStructure,,,"200702071938","-99",Unknown,"1",Manmade,,"-99",Unknown,"-98",NotApplicable,"1",Bore,LGATE017_north_perm_artificial,/Users/293003c/Library/CloudStorage/OneDrive-Curtin/Projects/TCZ-research/water point GIS/LGATE017 north permanent.shp,42.000000000000000,,,,
-538131.100873215,-1932300.45797306,"1",WaterBody,,,"200702071938","2",Perennial,"2",Natural,,"-99",Unknown,"-99",Unknown,"5",Pool,LGATE017_north_perm_artificial,/Users/293003c/Library/CloudStorage/OneDrive-Curtin/Projects/TCZ-research/water point GIS/LGATE017 north permanent.shp,47.000000000000000,,,,
-533646.998540487,-1963822.03351355,"4",Waterfall,,,"200702071938","2",Perennial,"2",Natural,,"-98",NotApplicable,"-99",Unknown,"-98",NotApplicable,LGATE017_north_perm_artificial,/Users/293003c/Library/CloudStorage/OneDrive-Curtin/Projects/TCZ-research/water point GIS/LGATE017 north permanent.shp,42.000000000000000,,,,
-353749.784414216,-2014403.53836993,"5",WaterPointStructure,,,"201004091932","-99",Unknown,"1",Manmade,,"-99",Unknown,"-98",NotApplicable,"2",BoreAndWindmill,LGATE017_north_perm_artificial,/Users/293003c/Library/CloudStorage/OneDrive-Curtin/Projects/TCZ-research/water point GIS/LGATE017 north permanent.shp,32.000000000000000,,,,
-596589.97909908,-1988722.72596497,"4",Waterfall,,,"200702071938","2",Perennial,"2",Natural,,"-98",NotApplicable,"-99",Unknown,"-98",NotApplicable,LGATE017_north_perm_artificial,/Users/293003c/Library/CloudStorage/OneDrive-Curtin/Projects/TCZ-research/water point GIS/LGATE017 north permanent.shp,40.000000000000000,,,,
-579191.390653342,-1949505.77436573,"4",Waterfall,,,"200702071938","2",Perennial,"2",Natural,,"-98",NotApplicable,"-99",Unknown,"-98",NotApplicable,LGATE017_north_perm_artificial,/Users/293003c/Library/CloudStorage/OneDrive-Curtin/Projects/TCZ-research/water point GIS/LGATE017 north permanent.shp,41.000000000000000,,,,
-423964.262609036,-1981744.92857578,"1",WaterBody,,,"200702071938","2",Perennial,"2",Natural,,"-99",Unknown,"-99",Unknown,"5",Pool,LGATE017_north_perm_artificial,/Users/293003c/Library/CloudStorage/OneDrive-Curtin/Projects/TCZ-research/water point GIS/LGATE017 north permanent.shp,35.000000000000000,"1",,,
-424410.231169693,-1953586.31758426,"1",WaterBody,,,"200702071938","2",Perennial,"2",Natural,,"-99",Unknown,"-99",Unknown,"5",Pool,LGATE017_north_perm_artificial,/Users/293003c/Library/CloudStorage/OneDrive-Curtin/Projects/TCZ-research/water point GIS/LGATE017 north permanent.shp,37.000000000000000,"1",,,
-545156.429420343,-1962866.25575334,"3",Spring,,,"200702071938","2",Perennial,"2",Natural,,"-99",Unknown,"-99",Unknown,"-98",NotApplicable,LGATE017_north_perm_artificial,/Users/293003c/Library/CloudStorage/OneDrive-Curtin/Projects/TCZ-research/water point GIS/LGATE017 north permanent.shp,40.000000000000000,,,,
-564726.280150844,-1945410.73441261,"5",WaterPointStructure,,,"200702071938","-99",Unknown,"1",Manmade,,"-99",Unknown,"-98",NotApplicable,"1",Bore,LGATE017_north_perm_artificial,/Users/293003c/Library/CloudStorage/OneDrive-Curtin/Projects/TCZ-research/water point GIS/LGATE017 north permanent.shp,43.000000000000000,,,,
-533618.580941489,-1952962.98517716,"3",Spring,,,"200702071938","2",Perennial,"2",Natural,,"-99",Unknown,"-99",Unknown,"-98",NotApplicable,LGATE017_north_perm_artificial,/Users/293003c/Library/CloudStorage/OneDrive-Curtin/Projects/TCZ-research/water point GIS/LGATE017 north permanent.shp,50.000000000000000,,,,
-445530.979545627,-1973609.36837514,"1",WaterBody,,,"200702071938","2",Perennial,"2",Natural,,"-99",Unknown,"-99",Unknown,"5",Pool,LGATE017_north_perm_artificial,/Users/293003c/Library/CloudStorage/OneDrive-Curtin/Projects/TCZ-research/water point GIS/LGATE017 north permanent.shp,38.000000000000000,"1",,,
-561406.99725682,-1991821.12603718,"4",Waterfall,,,"200702071938","2",Perennial,"2",Natural,,"-98",NotApplicable,"-99",Unknown,"-98",NotApplicable,LGATE017_north_perm_artificial,/Users/293003c/Library/CloudStorage/OneDrive-Curtin/Projects/TCZ-research/water point GIS/LGATE017 north permanent.shp,37.000000000000000,,,,
-471385.033456168,-1935679.17488059,"1",WaterBody,,,"200702071938","2",Perennial,"2",Natural,,"-99",Unknown,"-99",Unknown,"5",Pool,LGATE017_north_perm_artificial,/Users/293003c/Library/CloudStorage/OneDrive-Curtin/Projects/TCZ-research/water point GIS/LGATE017 north permanent.shp,45.000000000000000,,,,
-584550.262672265,-1960819.36781381,"5",WaterPointStructure,,,"200702071938","-99",Unknown,"1",Manmade,,"-99",Unknown,"-98",NotApplicable,"1",Bore,LGATE017_north_perm_artificial,/Users/293003c/Library/CloudStorage/OneDrive-Curtin/Projects/TCZ-research/water point GIS/LGATE017 north permanent.shp,41.000000000000000,,,,
-594424.814078204,-1979660.83581786,"3",Spring,,,"200702071938","2",Perennial,"2",Natural,,"-99",Unknown,"-99",Unknown,"-98",NotApplicable,LGATE017_north_perm_artificial,/Users/293003c/Library/CloudStorage/OneDrive-Curtin/Projects/TCZ-research/water point GIS/LGATE017 north permanent.shp,41.000000000000000,,,,
-429182.234254291,-1979349.30466767,"1",WaterBody,,,"200702071938","2",Perennial,"2",Natural,,"-99",Unknown,"-99",Unknown,"5",Pool,LGATE017_north_perm_artificial,/Users/293003c/Library/CloudStorage/OneDrive-Curtin/Projects/TCZ-research/water point GIS/LGATE017 north permanent.shp,36.000000000000000,"1",,,
-348616.165903613,-1995923.80559759,"5",WaterPointStructure,Gd14 Bore,Gd14 Bore,"200702101818","-99",Unknown,"1",Manmade,,"-99",Unknown,"-98",NotApplicable,"2",BoreAndWindmill,LGATE017_north_perm_artificial,/Users/293003c/Library/CloudStorage/OneDrive-Curtin/Projects/TCZ-research/water point GIS/LGATE017 north permanent.shp,32.000000000000000,,,,
-610096.130141781,-1998175.00590132,"3",Spring,,,"200702071938","2",Perennial,"2",Natural,,"-99",Unknown,"-99",Unknown,"-98",NotApplicable,LGATE017_north_perm_artificial,/Users/293003c/Library/CloudStorage/OneDrive-Curtin/Projects/TCZ-research/water point GIS/LGATE017 north permanent.shp,38.000000000000000,,,,
-442715.721211512,-1975461.75246052,"1",WaterBody,,,"200702071938","2",Perennial,"2",Natural,,"-99",Unknown,"-99",Unknown,"5",Pool,LGATE017_north_perm_artificial,/Users/293003c/Library/CloudStorage/OneDrive-Curtin/Projects/TCZ-research/water point GIS/LGATE017 north permanent.shp,38.000000000000000,"1",,,
-494261.589534326,-1988930.36046926,"5",WaterPointStructure,,,"200702071938","-99",Unknown,"1",Manmade,,"-99",Unknown,"-98",NotApplicable,"4",Tank,LGATE017_north_perm_artificial,/Users/293003c/Library/CloudStorage/OneDrive-Curtin/Projects/TCZ-research/water point GIS/LGATE017 north permanent.shp,40.000000000000000,,,,
-542227.17875751,-1930541.8288971,"1",WaterBody,,,"200702071938","2",Perennial,"2",Natural,,"-99",Unknown,"-99",Unknown,"5",Pool,LGATE017_north_perm_artificial,/Users/293003c/Library/CloudStorage/OneDrive-Curtin/Projects/TCZ-research/water point GIS/LGATE017 north permanent.shp,47.000000000000000,,,,
-460816.761824202,-1967003.34886927,"1",WaterBody,,,"200702071938","2",Perennial,"2",Natural,,"-99",Unknown,"-99",Unknown,"5",Pool,LGATE017_north_perm_artificial,/Users/293003c/Library/CloudStorage/OneDrive-Curtin/Projects/TCZ-research/water point GIS/LGATE017 north permanent.shp,41.000000000000000,,,,
-585626.932980948,-2008380.10673157,"5",WaterPointStructure,,,"200702071938","-99",Unknown,"1",Manmade,,"-99",Unknown,"-98",NotApplicable,"4",Tank,LGATE017_north_perm_artificial,/Users/293003c/Library/CloudStorage/OneDrive-Curtin/Projects/TCZ-research/water point GIS/LGATE017 north permanent.shp,35.000000000000000,,,,
-562831.718347316,-1973582.7129537,"4",Waterfall,,,"200702071938","2",Perennial,"2",Natural,,"-98",NotApplicable,"-99",Unknown,"-98",NotApplicable,LGATE017_north_perm_artificial,/Users/293003c/Library/CloudStorage/OneDrive-Curtin/Projects/TCZ-research/water point GIS/LGATE017 north permanent.shp,39.000000000000000,,,,
-602579.345439457,-2246178.70051725,"5",WaterPointStructure,No. 45 Well,No. 45 Well,"200702101818","-99",Unknown,"1",Manmade,,"-99",Unknown,"-98",NotApplicable,"6",Well,LGATE017_north_perm_artificial,/Users/293003c/Library/CloudStorage/OneDrive-Curtin/Projects/TCZ-research/water point GIS/LGATE017 north permanent.shp,24.000000000000000,"2",,,
-525763.538830871,-1952428.88626958,"4",Waterfall,,,"200702071938","2",Perennial,"2",Natural,,"-98",NotApplicable,"-99",Unknown,"-98",NotApplicable,LGATE017_north_perm_artificial,/Users/293003c/Library/CloudStorage/OneDrive-Curtin/Projects/TCZ-research/water point GIS/LGATE017 north permanent.shp,50.000000000000000,,,,
-538843.70439566,-1935845.3746223,"4",Waterfall,,,"200702071938","2",Perennial,"2",Natural,,"-98",NotApplicable,"-99",Unknown,"-98",NotApplicable,LGATE017_north_perm_artificial,/Users/293003c/Library/CloudStorage/OneDrive-Curtin/Projects/TCZ-research/water point GIS/LGATE017 north permanent.shp,47.000000000000000,,,,
-458309.608350618,-2163306.90436181,"5",WaterPointStructure,,,"201004141754","-99",Unknown,"1",Manmade,,"-99",Unknown,"-98",NotApplicable,"4",Tank,LGATE017_north_perm_artificial,/Users/293003c/Library/CloudStorage/OneDrive-Curtin/Projects/TCZ-research/water point GIS/LGATE017 north permanent.shp,26.000000000000000,,,,
-525562.777474159,-2179364.80189368,"3",Spring,,,"200702071242","2",Perennial,"2",Natural,,"-99",Unknown,"-99",Unknown,"-98",NotApplicable,LGATE017_north_perm_artificial,/Users/293003c/Library/CloudStorage/OneDrive-Curtin/Projects/TCZ-research/water point GIS/LGATE017 north permanent.shp,28.000000000000000,,,,
-478374.448136047,-1968147.98980573,"3",Spring,,,"200702071938","2",Perennial,"2",Natural,,"-99",Unknown,"-99",Unknown,"-98",NotApplicable,LGATE017_north_perm_artificial,/Users/293003c/Library/CloudStorage/OneDrive-Curtin/Projects/TCZ-research/water point GIS/LGATE017 north permanent.shp,42.000000000000000,,,,
-588209.951002321,-1978340.00977241,"4",Waterfall,,,"200702071938","2",Perennial,"2",Natural,,"-98",NotApplicable,"-99",Unknown,"-98",NotApplicable,LGATE017_north_perm_artificial,/Users/293003c/Library/CloudStorage/OneDrive-Curtin/Projects/TCZ-research/water point GIS/LGATE017 north permanent.shp,41.000000000000000,,,,
-447415.028894856,-1984159.52794422,"1",WaterBody,,,"200702071938","2",Perennial,"2",Natural,,"-99",Unknown,"-99",Unknown,"5",Pool,LGATE017_north_perm_artificial,/Users/293003c/Library/CloudStorage/OneDrive-Curtin/Projects/TCZ-research/water point GIS/LGATE017 north permanent.shp,38.000000000000000,"1",,,
-510247.754167188,-1932700.73689775,"4",Waterfall,,,"200702071938","2",Perennial,"2",Natural,,"-98",NotApplicable,"-99",Unknown,"-98",NotApplicable,LGATE017_north_perm_artificial,/Users/293003c/Library/CloudStorage/OneDrive-Curtin/Projects/TCZ-research/water point GIS/LGATE017 north permanent.shp,47.000000000000000,,,,
-581816.054605281,-1941813.16165088,"3",Spring,,,"200702071938","2",Perennial,"2",Natural,,"-99",Unknown,"-99",Unknown,"-98",NotApplicable,LGATE017_north_perm_artificial,/Users/293003c/Library/CloudStorage/OneDrive-Curtin/Projects/TCZ-research/water point GIS/LGATE017 north permanent.shp,41.000000000000000,,,,
-423207.440900273,-1955039.38916078,"1",WaterBody,,,"200702071938","2",Perennial,"2",Natural,,"-99",Unknown,"-99",Unknown,"5",Pool,LGATE017_north_perm_artificial,/Users/293003c/Library/CloudStorage/OneDrive-Curtin/Projects/TCZ-research/water point GIS/LGATE017 north permanent.shp,37.000000000000000,"1",,,
-545991.496377173,-1962758.06032682,"4",Waterfall,,,"200702071938","2",Perennial,"2",Natural,,"-98",NotApplicable,"-99",Unknown,"-98",NotApplicable,LGATE017_north_perm_artificial,/Users/293003c/Library/CloudStorage/OneDrive-Curtin/Projects/TCZ-research/water point GIS/LGATE017 north permanent.shp,40.000000000000000,,,,
-379301.92636908,-2176295.36992815,"5",WaterPointStructure,Tax Bore,Tax Bore,"200702101818","-99",Unknown,"1",Manmade,,"-99",Unknown,"-98",NotApplicable,"1",Bore,LGATE017_north_perm_artificial,/Users/293003c/Library/CloudStorage/OneDrive-Curtin/Projects/TCZ-research/water point GIS/LGATE017 north permanent.shp,26.000000000000000,,,,
-579313.462236116,-1946556.95298981,"3",Spring,,,"200702071938","2",Perennial,"2",Natural,,"-99",Unknown,"-99",Unknown,"-98",NotApplicable,LGATE017_north_perm_artificial,/Users/293003c/Library/CloudStorage/OneDrive-Curtin/Projects/TCZ-research/water point GIS/LGATE017 north permanent.shp,41.000000000000000,,,,
-584838.260642432,-1960687.47771855,"5",WaterPointStructure,,,"200702071938","-99",Unknown,"1",Manmade,,"-99",Unknown,"-98",NotApplicable,"1",Bore,LGATE017_north_perm_artificial,/Users/293003c/Library/CloudStorage/OneDrive-Curtin/Projects/TCZ-research/water point GIS/LGATE017 north permanent.shp,41.000000000000000,,,,
-587160.074202557,-1979869.87765994,"4",Waterfall,,,"200702071938","2",Perennial,"2",Natural,,"-98",NotApplicable,"-99",Unknown,"-98",NotApplicable,LGATE017_north_perm_artificial,/Users/293003c/Library/CloudStorage/OneDrive-Curtin/Projects/TCZ-research/water point GIS/LGATE017 north permanent.shp,41.000000000000000,,,,
-557015.080389483,-1978984.61677062,"4",Waterfall,,,"200702071938","2",Perennial,"2",Natural,,"-98",NotApplicable,"-99",Unknown,"-98",NotApplicable,LGATE017_north_perm_artificial,/Users/293003c/Library/CloudStorage/OneDrive-Curtin/Projects/TCZ-research/water point GIS/LGATE017 north permanent.shp,39.000000000000000,,,,
-477977.268956953,-1964272.88516185,"5",WaterPointStructure,,,"200702071938","-99",Unknown,"1",Manmade,,"-99",Unknown,"-98",NotApplicable,"7",Windmill,LGATE017_north_perm_artificial,/Users/293003c/Library/CloudStorage/OneDrive-Curtin/Projects/TCZ-research/water point GIS/LGATE017 north permanent.shp,42.000000000000000,,,,
-618059.836781039,-1971582.16270545,"1",WaterBody,,,"200702071938","2",Perennial,"1",Manmade,,"-99",Unknown,"-99",Unknown,"2",EarthDam,LGATE017_north_perm_artificial,/Users/293003c/Library/CloudStorage/OneDrive-Curtin/Projects/TCZ-research/water point GIS/LGATE017 north permanent.shp,37.000000000000000,,,,
-433060.101170265,-1974234.69845291,"5",WaterPointStructure,,,"200702071938","-99",Unknown,"1",Manmade,,"-99",Unknown,"-98",NotApplicable,"4",Tank,LGATE017_north_perm_artificial,/Users/293003c/Library/CloudStorage/OneDrive-Curtin/Projects/TCZ-research/water point GIS/LGATE017 north permanent.shp,37.000000000000000,"1",,,
-578920.750203548,-1982103.86701509,"4",Waterfall,,,"200702071938","2",Perennial,"2",Natural,,"-98",NotApplicable,"-99",Unknown,"-98",NotApplicable,LGATE017_north_perm_artificial,/Users/293003c/Library/CloudStorage/OneDrive-Curtin/Projects/TCZ-research/water point GIS/LGATE017 north permanent.shp,41.000000000000000,,,,
-423036.548273173,-1955214.40700502,"1",WaterBody,,,"200702071938","2",Perennial,"2",Natural,,"-99",Unknown,"-99",Unknown,"5",Pool,LGATE017_north_perm_artificial,/Users/293003c/Library/CloudStorage/OneDrive-Curtin/Projects/TCZ-research/water point GIS/LGATE017 north permanent.shp,37.000000000000000,"1",,,
-556058.526809165,-2011788.2331299,"5",WaterPointStructure,,,"201005241756","-99",Unknown,"1",Manmade,,"-99",Unknown,"-98",NotApplicable,"1",Bore,LGATE017_north_perm_artificial,/Users/293003c/Library/CloudStorage/OneDrive-Curtin/Projects/TCZ-research/water point GIS/LGATE017 north permanent.shp,35.000000000000000,,,,
-552457.637691938,-2002680.51463078,"3",Spring,,,"200702071938","2",Perennial,"2",Natural,,"-99",Unknown,"-99",Unknown,"-98",NotApplicable,LGATE017_north_perm_artificial,/Users/293003c/Library/CloudStorage/OneDrive-Curtin/Projects/TCZ-research/water point GIS/LGATE017 north permanent.shp,41.000000000000000,,,,
-561106.622862098,-1991144.70184658,"4",Waterfall,,,"200702071938","2",Perennial,"2",Natural,,"-98",NotApplicable,"-99",Unknown,"-98",NotApplicable,LGATE017_north_perm_artificial,/Users/293003c/Library/CloudStorage/OneDrive-Curtin/Projects/TCZ-research/water point GIS/LGATE017 north permanent.shp,37.000000000000000,,,,
-587785.216507355,-1944914.4502168,"4",Waterfall,,,"200702071938","2",Perennial,"2",Natural,,"-98",NotApplicable,"-99",Unknown,"-98",NotApplicable,LGATE017_north_perm_artificial,/Users/293003c/Library/CloudStorage/OneDrive-Curtin/Projects/TCZ-research/water point GIS/LGATE017 north permanent.shp,43.000000000000000,,,,
-564423.29283668,-1938596.33646939,"3",Spring,,,"200702071938","2",Perennial,"2",Natural,,"-99",Unknown,"-99",Unknown,"-98",NotApplicable,LGATE017_north_perm_artificial,/Users/293003c/Library/CloudStorage/OneDrive-Curtin/Projects/TCZ-research/water point GIS/LGATE017 north permanent.shp,42.000000000000000,,,,
-455754.449982957,-2151736.39568289,"5",WaterPointStructure,Condren Well,Condren Well,"200702101818","-99",Unknown,"1",Manmade,,"-99",Unknown,"-98",NotApplicable,"8",WellAndWindmill,LGATE017_north_perm_artificial,/Users/293003c/Library/CloudStorage/OneDrive-Curtin/Projects/TCZ-research/water point GIS/LGATE017 north permanent.shp,27.000000000000000,,,,
-454549.143879275,-1954787.5946779,"1",WaterBody,,,"200702071938","2",Perennial,"1",Manmade,,"-99",Unknown,"-99",Unknown,"2",EarthDam,LGATE017_north_perm_artificial,/Users/293003c/Library/CloudStorage/OneDrive-Curtin/Projects/TCZ-research/water point GIS/LGATE017 north permanent.shp,41.000000000000000,"1",,,
-478215.912533313,-1953574.34373068,"5",WaterPointStructure,,,"200702071938","-99",Unknown,"1",Manmade,,"-99",Unknown,"-98",NotApplicable,"7",Windmill,LGATE017_north_perm_artificial,/Users/293003c/Library/CloudStorage/OneDrive-Curtin/Projects/TCZ-research/water point GIS/LGATE017 north permanent.shp,43.000000000000000,,,,
-573796.113835659,-1941822.24628182,"3",Spring,,,"200702071938","2",Perennial,"2",Natural,,"-99",Unknown,"-99",Unknown,"-98",NotApplicable,LGATE017_north_perm_artificial,/Users/293003c/Library/CloudStorage/OneDrive-Curtin/Projects/TCZ-research/water point GIS/LGATE017 north permanent.shp,43.000000000000000,,,,
-417666.589590785,-2166695.20245037,"5",WaterPointStructure,,,"200912071120","-99",Unknown,"1",Manmade,,"-99",Unknown,"-98",NotApplicable,"1",Bore,LGATE017_north_perm_artificial,/Users/293003c/Library/CloudStorage/OneDrive-Curtin/Projects/TCZ-research/water point GIS/LGATE017 north permanent.shp,28.000000000000000,,,,
-604280.333635746,-2034346.25046146,"5",WaterPointStructure,,,"201303181734","-99",Unknown,"1",Manmade,,"-99",Unknown,"-98",NotApplicable,"1",Bore,LGATE017_north_perm_artificial,/Users/293003c/Library/CloudStorage/OneDrive-Curtin/Projects/TCZ-research/water point GIS/LGATE017 north permanent.shp,33.000000000000000,,,,
-564711.764980265,-2003044.17581229,"5",WaterPointStructure,,,"200702071938","-99",Unknown,"1",Manmade,,"-99",Unknown,"-98",NotApplicable,"7",Windmill,LGATE017_north_perm_artificial,/Users/293003c/Library/CloudStorage/OneDrive-Curtin/Projects/TCZ-research/water point GIS/LGATE017 north permanent.shp,37.000000000000000,,,,
-585737.397515332,-2008434.55954209,"5",WaterPointStructure,,,"200702071938","-99",Unknown,"1",Manmade,,"-99",Unknown,"-98",NotApplicable,"1",Bore,LGATE017_north_perm_artificial,/Users/293003c/Library/CloudStorage/OneDrive-Curtin/Projects/TCZ-research/water point GIS/LGATE017 north permanent.shp,35.000000000000000,,,,
-477891.151413891,-1957144.71990868,"5",WaterPointStructure,,,"200702071938","-99",Unknown,"1",Manmade,,"-99",Unknown,"-98",NotApplicable,"1",Bore,LGATE017_north_perm_artificial,/Users/293003c/Library/CloudStorage/OneDrive-Curtin/Projects/TCZ-research/water point GIS/LGATE017 north permanent.shp,43.000000000000000,,,,
-444586.314897034,-1973926.5645506,"1",WaterBody,,,"200702071938","2",Perennial,"2",Natural,,"-99",Unknown,"-99",Unknown,"5",Pool,LGATE017_north_perm_artificial,/Users/293003c/Library/CloudStorage/OneDrive-Curtin/Projects/TCZ-research/water point GIS/LGATE017 north permanent.shp,38.000000000000000,"1",,,
-445222.45984394,-1977617.33297537,"1",WaterBody,,,"200702071938","2",Perennial,"2",Natural,,"-99",Unknown,"-99",Unknown,"5",Pool,LGATE017_north_perm_artificial,/Users/293003c/Library/CloudStorage/OneDrive-Curtin/Projects/TCZ-research/water point GIS/LGATE017 north permanent.shp,38.000000000000000,"1",,,
-542324.878912328,-2021003.27029354,"5",WaterPointStructure,,,"200702071938","-99",Unknown,"1",Manmade,,"-99",Unknown,"-98",NotApplicable,"2",BoreAndWindmill,LGATE017_north_perm_artificial,/Users/293003c/Library/CloudStorage/OneDrive-Curtin/Projects/TCZ-research/water point GIS/LGATE017 north permanent.shp,37.000000000000000,,,,
-591796.24707612,-1946017.95361297,"5",WaterPointStructure,,,"200702071938","-99",Unknown,"1",Manmade,,"-99",Unknown,"-98",NotApplicable,"1",Bore,LGATE017_north_perm_artificial,/Users/293003c/Library/CloudStorage/OneDrive-Curtin/Projects/TCZ-research/water point GIS/LGATE017 north permanent.shp,43.000000000000000,,,,
-590614.668096451,-1969560.59801752,"3",Spring,,,"200702071938","2",Perennial,"2",Natural,,"-99",Unknown,"-99",Unknown,"-98",NotApplicable,LGATE017_north_perm_artificial,/Users/293003c/Library/CloudStorage/OneDrive-Curtin/Projects/TCZ-research/water point GIS/LGATE017 north permanent.shp,38.000000000000000,,,,
-604970.046492763,-2034703.09995055,"5",WaterPointStructure,,,"201303181734","-99",Unknown,"1",Manmade,,"-99",Unknown,"-98",NotApplicable,"4",Tank,LGATE017_north_perm_artificial,/Users/293003c/Library/CloudStorage/OneDrive-Curtin/Projects/TCZ-research/water point GIS/LGATE017 north permanent.shp,33.000000000000000,,,,
-471681.36332528,-2015018.33085716,"1",WaterBody,,,"201311201723","2",Perennial,"1",Manmade,,"-99",Unknown,"-98",NotApplicable,"2",EarthDam,LGATE017_north_perm_artificial,/Users/293003c/Library/CloudStorage/OneDrive-Curtin/Projects/TCZ-research/water point GIS/LGATE017 north permanent.shp,38.000000000000000,,,,
-543212.977558285,-1939635.40444871,"4",Waterfall,,,"200702071938","2",Perennial,"2",Natural,,"-98",NotApplicable,"-99",Unknown,"-98",NotApplicable,LGATE017_north_perm_artificial,/Users/293003c/Library/CloudStorage/OneDrive-Curtin/Projects/TCZ-research/water point GIS/LGATE017 north permanent.shp,44.000000000000000,,,,
-513579.353929285,-1971305.88264752,"1",WaterBody,,,"200702071938","2",Perennial,"2",Natural,,"-99",Unknown,"-99",Unknown,"5",Pool,LGATE017_north_perm_artificial,/Users/293003c/Library/CloudStorage/OneDrive-Curtin/Projects/TCZ-research/water point GIS/LGATE017 north permanent.shp,41.000000000000000,,,,
-492244.235063085,-1980111.26865855,"5",WaterPointStructure,,,"200702071938","-99",Unknown,"1",Manmade,,"-99",Unknown,"-98",NotApplicable,"7",Windmill,LGATE017_north_perm_artificial,/Users/293003c/Library/CloudStorage/OneDrive-Curtin/Projects/TCZ-research/water point GIS/LGATE017 north permanent.shp,41.000000000000000,,,,
-590916.825236481,-1977781.01095547,"4",Waterfall,,,"200702071938","2",Perennial,"2",Natural,,"-98",NotApplicable,"-99",Unknown,"-98",NotApplicable,LGATE017_north_perm_artificial,/Users/293003c/Library/CloudStorage/OneDrive-Curtin/Projects/TCZ-research/water point GIS/LGATE017 north permanent.shp,41.000000000000000,,,,
-359416.373587312,-1956577.84036783,"5",WaterPointStructure,No. 7 Bore,No. 7 Bore,"200702101818","-99",Unknown,"1",Manmade,,"-99",Unknown,"-98",NotApplicable,"1",Bore,LGATE017_north_perm_artificial,/Users/293003c/Library/CloudStorage/OneDrive-Curtin/Projects/TCZ-research/water point GIS/LGATE017 north permanent.shp,35.000000000000000,"1",,,
